2026-01-04 11:07:49.028 | INFO     | trace_id - 1 | __main__:test_log_1:9 - hello world
2026-01-04 11:07:49.028 | INFO     | trace_id - 2 | __main__:test_log_2:14 - hello world
2026-01-04 11:07:49.028 | INFO     | trace_id - 3 | __main__:test_log_3:19 - hello world
2026-01-04 11:07:55.115 | INFO     | trace_id - 1 | __main__:test_log_1:9 - hello world
2026-01-04 11:07:55.115 | INFO     | trace_id - 2 | __main__:test_log_2:14 - hello world
2026-01-04 11:07:55.115 | INFO     | trace_id - 3 | __main__:test_log_3:19 - hello world
2026-01-04 11:08:03.919 | INFO     | trace_id - 1 | __main__:test_log_1:9 - hello world
2026-01-04 11:08:03.920 | INFO     | trace_id - 2 | __main__:test_log_2:14 - hello world
2026-01-04 11:08:03.920 | INFO     | trace_id - 3 | __main__:test_log_3:19 - hello world
2026-01-10 09:08:48.449 | INFO     | request_id - 8adfb647-2b7a-4912-bb45-8da6e2cea7a9 | app.api.chat:chat:13 - query: select * from sales_data limit 10
2026-01-10 09:55:01.389 | INFO     | request_id - c5521d56-1261-499b-be55-af4a93799dc8 | app.api.chat:chat:13 - query: select * from dim_customer;
2026-01-10 09:57:00.868 | INFO     | request_id - f279e73c-cc4a-4eaf-8f36-949dcb975d73 | app.api.chat:chat:13 - query: select * from dim_customer;
2026-01-10 10:09:00.775 | INFO     | request_id - 6f1021bc-0883-4851-a79d-c54e92e4260b | app.api.chat:chat:13 - query: select * from dim_customer;
2026-01-21 03:06:38.096 | INFO     | request_id - 936e7536-1d2a-48e5-a70c-740a9b5914e2 | app.agent.nodes.extract_keywords:extract_keywords:43 - extract keywords: ['统计', '销售额', '统计总销售额']
2026-01-21 03:09:08.549 | INFO     | request_id - 05a49d26-7d7e-4cb6-9920-bac7dd0c2a77 | app.agent.nodes.extract_keywords:extract_keywords:43 - extract keywords: ['统计总销售额', '销售额', '统计']
2026-01-21 03:09:33.698 | INFO     | request_id - 2d896bf6-f4d8-43a5-a55f-6298ce279f81 | app.agent.nodes.extract_keywords:extract_keywords:43 - extract keywords: ['销售总额', '统计一下销售总额', '统计']
2026-01-21 03:11:00.866 | INFO     | request_id - 7e488520-ec80-4c52-a546-5425d825ae82 | app.agent.nodes.extract_keywords:extract_keywords:43 - extract keywords: ['统计销售总额', '销售总额', '统计']
2026-01-21 03:13:10.729 | INFO     | request_id - 061f0dea-929c-4ea1-9f49-336e24456861 | app.agent.nodes.extract_keywords:extract_keywords:43 - extract keywords: ['统计销售总额', '销售总额', '统计']
2026-01-21 03:14:31.836 | INFO     | request_id - 13b6f16f-9565-48d0-b007-f91f6326b4cb | app.agent.nodes.extract_keywords:extract_keywords:43 - extract keywords: ['统计销售总额', '销售总额', '统计']
2026-01-21 03:15:49.468 | INFO     | request_id - 1663314a-1eea-437a-8e3b-53bca2c41d62 | app.agent.nodes.extract_keywords:extract_keywords:43 - extract keywords: ['销售总额', '统计销售总额', '统计']
2026-01-21 03:16:37.319 | INFO     | request_id - 2f2213f6-9e8a-4547-80e6-f547cefccf00 | app.agent.nodes.extract_keywords:extract_keywords:43 - extract keywords: ['省份', '手机', '数码', '销售额', '统计一下2025年各省份的手机数码的销售额', '统计']
2026-01-21 03:19:16.967 | INFO     | request_id - b9e67470-667d-44fd-8b2c-2984fb1fef5c | app.agent.nodes.extract_keywords:extract_keywords:43 - extract keywords: ['销量', '统计', '统计一下每天的销量']
2026-01-21 03:21:09.665 | INFO     | request_id - cdb60c88-8aec-4d7d-ac25-899890e4fa17 | app.agent.nodes.extract_keywords:extract_keywords:43 - extract keywords: ['销售总额', '下个季度', '统计', '统计下个季度的销售总额']
2026-01-21 03:24:28.134 | INFO     | request_id - 53b5b1b3-1579-4e34-b7ff-9c485e47b717 | app.agent.nodes.extract_keywords:extract_keywords:43 - extract keywords: ['季度', '销售额', '统计各个季度的销售额', '统计']
2026-01-21 03:24:48.303 | INFO     | request_id - 721f0346-dc37-4ab7-96d8-429368fe2f73 | app.agent.nodes.extract_keywords:extract_keywords:43 - extract keywords: ['季度', '销售额', '统计各个季度的销售额', '统计']
2026-01-21 03:29:48.250 | INFO     | request_id - 47915eb9-8067-4d58-ab93-f2b78bd7d73a | app.agent.nodes.extract_keywords:extract_keywords:43 - extract keywords: ['test']
2026-01-21 03:29:57.838 | INFO     | request_id - 5539d1d8-8fe2-4290-9224-39c7792115eb | app.agent.nodes.extract_keywords:extract_keywords:43 - extract keywords: ['test']
2026-01-21 03:31:29.636 | INFO     | request_id - c9796c2e-698b-4ee8-9184-762a62f39e83 | app.agent.nodes.extract_keywords:extract_keywords:43 - extract keywords: ['test']
2026-01-21 03:34:02.889 | INFO     | request_id - b47831d3-4da5-485d-843a-384789ec3bf1 | app.agent.nodes.extract_keywords:extract_keywords:43 - extract keywords: ['ttest']
2026-01-21 03:34:12.396 | INFO     | request_id - 396a06b1-bf0f-4066-909b-d8191db91ccf | app.agent.nodes.extract_keywords:extract_keywords:43 - extract keywords: ['test']
2026-01-21 03:37:50.977 | INFO     | request_id - dce92dfa-f371-436f-9e5a-633924f25fd6 | app.agent.nodes.extract_keywords:extract_keywords:43 - extract keywords: ['est']
2026-01-21 03:38:11.259 | INFO     | request_id - 82cd2c63-28e8-4c91-8f76-6941a6b41461 | app.agent.nodes.extract_keywords:extract_keywords:43 - extract keywords: ['test']
2026-01-21 03:38:20.169 | INFO     | request_id - 300f6abe-dd8f-41d5-a702-ea119bb81c08 | app.agent.nodes.extract_keywords:extract_keywords:43 - extract keywords: ['test']
2026-01-21 03:39:41.747 | INFO     | request_id - 7b9b9867-534c-41cc-bf87-be5a8f9d53ef | app.agent.nodes.extract_keywords:extract_keywords:43 - extract keywords: ['test']
2026-01-21 03:39:50.492 | INFO     | request_id - a5d9379a-acf6-4314-8219-d9f1fbd82ed6 | app.agent.nodes.extract_keywords:extract_keywords:43 - extract keywords: ['test']
2026-01-21 03:40:29.354 | INFO     | request_id - 61604870-a753-4806-a4d2-fcdb5b66a86f | app.agent.nodes.extract_keywords:extract_keywords:43 - extract keywords: ['test']
2026-01-21 03:40:37.726 | INFO     | request_id - 97fad476-bcff-407c-a9e6-0a33adf9483e | app.agent.nodes.extract_keywords:extract_keywords:43 - extract keywords: ['test']
2026-01-21 03:44:50.497 | INFO     | request_id - 7f677887-72fb-4803-b3de-4d84ac5e75bc | app.agent.nodes.extract_keywords:extract_keywords:43 - extract keywords: ['test']
2026-01-21 03:45:14.290 | INFO     | request_id - e8dcd51c-9cca-4744-b96a-5d4ced7e4a26 | app.agent.nodes.extract_keywords:extract_keywords:43 - extract keywords: ['统计一下去年的总销售额', '销售额', '统计']
2026-01-21 03:45:53.546 | INFO     | request_id - 67daf87b-c7eb-4a8b-90ff-fc4bee90d8b0 | app.agent.nodes.extract_keywords:extract_keywords:43 - extract keywords: ['品类', '销售', '数量', '统计一下各个品类的销售数量', '统计']
2026-01-21 03:52:02.005 | INFO     | request_id - 9c646583-ef69-4d9b-acfe-58ded8e67981 | app.agent.nodes.extract_keywords:extract_keywords:43 - extract keywords: ['品类', '统计一下各个品类的销售数量', '数量', '销售', '统计']
2026-01-21 03:52:18.435 | INFO     | request_id - ee25a383-c64e-4455-9196-d49b7fb3b806 | app.agent.nodes.extract_keywords:extract_keywords:43 - extract keywords: ['品类', '统计一下各个品类的销售数量', '数量', '销售', '统计']
2026-01-21 03:52:46.564 | INFO     | request_id - c48d33eb-a7c8-4a77-8a99-e07e4443f9c0 | app.agent.nodes.extract_keywords:extract_keywords:43 - extract keywords: ['统计', '销售额', '月份', '统计一下去年3月份的总销售额']
2026-01-21 03:55:00.582 | INFO     | request_id - ffada080-473d-406a-80a0-aef5f74c001f | app.agent.nodes.extract_keywords:extract_keywords:43 - extract keywords: ['计算去年每个月份的销售总额', '月份', '销售总额', '计算']
2026-01-21 03:56:36.266 | INFO     | request_id - 9c591513-35b9-42fb-82b4-9e767501d168 | app.agent.nodes.extract_keywords:extract_keywords:43 - extract keywords: ['统计', '销售总额', '月份', '统计一下去年每个月份的销售总额']
2026-01-21 03:57:00.118 | INFO     | request_id - 4d82297c-769c-4a58-b97d-93a530cd10c9 | app.agent.nodes.extract_keywords:extract_keywords:43 - extract keywords: ['计算一下去年每个月份的销售总额', '月份', '销售总额', '计算']
2026-01-21 10:27:28.934 | INFO     | request_id - 02d05c46-e672-4217-acc0-1d46fb0db82d | app.agent.nodes.extract_keywords:extract_keywords:43 - extract keywords: ['销售额', '统计', '帮我统计一下去年每个月的销售额']
2026-01-21 10:52:55.890 | INFO     | request_id - a3317512-2912-4c47-9986-554a68638c1e | app.agent.nodes.extract_keywords:extract_keywords:43 - extract keywords: ['销售额', '帮我统计一下去年每个月的销售额', '统计']
2026-01-21 10:53:59.909 | INFO     | request_id - ce991042-5cb2-4a92-a3fb-6cb33a6b6300 | app.agent.nodes.extract_keywords:extract_keywords:43 - extract keywords: ['销售额', '帮我统计一下去年每个月的销售额', '统计']
2026-01-21 10:55:15.964 | INFO     | request_id - 9454510d-574c-4b45-b224-a8acb0d5c58f | app.agent.nodes.extract_keywords:extract_keywords:43 - extract keywords: ['帮我统计一下去年每个月的销售额', '统计', '销售额']
2026-01-21 10:55:39.208 | INFO     | request_id - fe65af26-b4b6-4bed-87f5-9471406f98af | app.agent.nodes.extract_keywords:extract_keywords:43 - extract keywords: ['帮我统计一下去年每个月的销售额', '统计', '销售额']
2026-01-21 10:55:49.520 | ERROR    | request_id - fe65af26-b4b6-4bed-87f5-9471406f98af | app.api.routers.chat_router:event_stream:20 - 'result'
2026-01-21 10:56:34.705 | INFO     | request_id - 20df617a-9f93-4a04-87cd-bed3b006a3df | app.agent.nodes.extract_keywords:extract_keywords:43 - extract keywords: ['季度', '统计', '销售额', '统计去年每个季度的销售额']
2026-01-21 10:56:44.041 | ERROR    | request_id - 20df617a-9f93-4a04-87cd-bed3b006a3df | app.api.routers.chat_router:event_stream:20 - 'result'
2026-01-21 10:57:14.413 | INFO     | request_id - 9792e9b3-a471-400e-8ee6-c5ff5a4bbfa8 | app.agent.nodes.extract_keywords:extract_keywords:43 - extract keywords: ['商品', '统计', '统计各分类商品的销售总额', '分类', '销售总额']
2026-01-21 10:57:43.914 | INFO     | request_id - 7e180d49-f870-40e0-91ff-69ec347555b3 | app.agent.nodes.extract_keywords:extract_keywords:43 - extract keywords: ['分类', '统计', '统计一去年各分类的销售总额', '销售总额']
2026-01-21 10:57:54.289 | ERROR    | request_id - 7e180d49-f870-40e0-91ff-69ec347555b3 | app.api.routers.chat_router:event_stream:20 - 'result'
2026-01-21 11:13:06.531 | INFO     | request_id - 2282d643-f6ff-4e26-bcd7-94344f4376be | app.agent.nodes.extract_keywords:extract_keywords:43 - 关键词提取: ['分类', '销售总额', '统计一去年各分类的销售总额', '统计']
2026-01-21 11:13:10.166 | INFO     | request_id - 2282d643-f6ff-4e26-bcd7-94344f4376be | app.agent.nodes.metric_recall:metric_recall:40 - recall metrics: dict_values([{'id': 'GMV', 'name': 'GMV', 'description': '全称Gross Merchandise Value，表示所有订单的成交金额总和。', 'relevant_columns': ['fact_order.order_amount'], 'alias': ['成交总额', '订单总额']}, {'id': 'AOV', 'name': 'AOV', 'description': '全称Average Order Value，表示所有订单的成交金额平均值。', 'relevant_columns': ['fact_order.order_quantity'], 'alias': ['平均单价', '平均订单金额']}])
2026-01-21 11:13:10.641 | INFO     | request_id - 2282d643-f6ff-4e26-bcd7-94344f4376be | app.agent.nodes.value_recall:value_recall:36 - 召回字段值：dict_values([])
2026-01-21 11:13:12.861 | INFO     | request_id - 2282d643-f6ff-4e26-bcd7-94344f4376be | app.agent.nodes.column_recall:column_recall:44 - 召回列信息: dict_values([{'id': 'dim_product.category', 'name': 'category', 'type': 'varchar(50)', 'role': 'dimension', 'examples': ['手机数码', '家用电器', '鞋靴', '服饰', '食品饮料', '休闲零食'], 'description': '商品所属品类。', 'alias': ['商品类别', '品类', '分类'], 'table_id': 'dim_product'}, {'id': 'fact_order.order_quantity', 'name': 'order_quantity', 'type': 'int', 'role': 'measure', 'examples': [1, 5, 12, 8, 2, 10, 3, 6, 25, 4], 'description': '订单中商品的购买数量。', 'alias': ['销量', '购买数量', '件数'], 'table_id': 'fact_order'}, {'id': 'fact_order.order_amount', 'name': 'order_amount', 'type': 'float', 'role': 'measure', 'examples': [8999.0, 6999.0, 125.0, 899.0, 60.0, 1399.0, 40.0, 299.0, 200.0, 9499.0], 'description': '订单金额。', 'alias': ['销售额', '订单金额', '收入'], 'table_id': 'fact_order'}, {'id': 'fact_order.date_id', 'name': 'date_id', 'type': 'int', 'role': 'foreign_key', 'examples': [20250101, 20250102, 20250103, 20250104, 20250105, 20250106, 20250107, 20250108, 20250109, 20250110], 'description': '关联时间维度的外键。', 'alias': ['日期', '下单日期'], 'table_id': 'fact_order'}, {'id': 'dim_date.date_id', 'name': 'date_id', 'type': 'int', 'role': 'primary_key', 'examples': [20250101, 20250102, 20250103, 20250104, 20250105, 20250106, 20250107, 20250108, 20250109, 20250110], 'description': '日期唯一标识，格式 yyyyMMdd。', 'alias': ['日期ID', '日期'], 'table_id': 'dim_date'}, {'id': 'dim_product.product_name', 'name': 'product_name', 'type': 'varchar(200)', 'role': 'dimension', 'examples': ['iPhone 15 Pro', 'Galaxy S24 Ultra', 'Mate 60 Pro', '戴森 V15 吸尘器', '美的空调 KFR-35GW', '耐克 Air Max 270 运动鞋', '阿迪达斯 Ultraboost 跑鞋', '优衣库 Heattech 保暖夹克', '李维斯 501 牛仔裤', '雀巢金牌速溶咖啡'], 'description': '商品名称。', 'alias': ['商品名称', '产品名称'], 'table_id': 'dim_product'}])
2026-01-21 11:13:12.937 | INFO     | request_id - 2282d643-f6ff-4e26-bcd7-94344f4376be | app.agent.nodes.merge_retrieved_info:merge_retrieved_info:80 - merge retrieved info: metric_infos:
- alias:
  - "\u6210\u4EA4\u603B\u989D"
  - "\u8BA2\u5355\u603B\u989D"
  description: "\u5168\u79F0Gross Merchandise Value\uFF0C\u8868\u793A\u6240\u6709\u8BA2\
    \u5355\u7684\u6210\u4EA4\u91D1\u989D\u603B\u548C\u3002"
  name: GMV
- alias:
  - "\u5E73\u5747\u5355\u4EF7"
  - "\u5E73\u5747\u8BA2\u5355\u91D1\u989D"
  description: "\u5168\u79F0Average Order Value\uFF0C\u8868\u793A\u6240\u6709\u8BA2\
    \u5355\u7684\u6210\u4EA4\u91D1\u989D\u5E73\u5747\u503C\u3002"
  name: AOV
table_infos:
- columns:
  - alias:
    - "\u5546\u54C1\u7C7B\u522B"
    - "\u54C1\u7C7B"
    - "\u5206\u7C7B"
    description: "\u5546\u54C1\u6240\u5C5E\u54C1\u7C7B\u3002"
    examples:
    - "\u624B\u673A\u6570\u7801"
    - "\u5BB6\u7528\u7535\u5668"
    - "\u978B\u9774"
    - "\u670D\u9970"
    - "\u98DF\u54C1\u996E\u6599"
    - "\u4F11\u95F2\u96F6\u98DF"
    name: category
    role: dimension
    type: varchar(50)
  - alias:
    - "\u5546\u54C1\u540D\u79F0"
    - "\u4EA7\u54C1\u540D\u79F0"
    description: "\u5546\u54C1\u540D\u79F0\u3002"
    examples:
    - iPhone 15 Pro
    - Galaxy S24 Ultra
    - Mate 60 Pro
    - "\u6234\u68EE V15 \u5438\u5C18\u5668"
    - "\u7F8E\u7684\u7A7A\u8C03 KFR-35GW"
    - "\u8010\u514B Air Max 270 \u8FD0\u52A8\u978B"
    - "\u963F\u8FEA\u8FBE\u65AF Ultraboost \u8DD1\u978B"
    - "\u4F18\u8863\u5E93 Heattech \u4FDD\u6696\u5939\u514B"
    - "\u674E\u7EF4\u65AF 501 \u725B\u4ED4\u88E4"
    - "\u96C0\u5DE2\u91D1\u724C\u901F\u6EB6\u5496\u5561"
    name: product_name
    role: dimension
    type: varchar(200)
  - alias:
    - "\u5546\u54C1ID"
    - "\u4EA7\u54C1ID"
    description: "\u5546\u54C1\u552F\u4E00\u6807\u8BC6\u3002"
    examples:
    - P001
    - P002
    - P003
    - P004
    - P005
    - P006
    - P007
    - P008
    - P009
    - P010
    name: product_id
    role: primary_key
    type: varchar(20)
  description: "\u5546\u54C1\u7EF4\u5EA6\u8868\uFF0C\u63CF\u8FF0\u5546\u54C1\u7684\
    \u57FA\u672C\u5C5E\u6027\u4FE1\u606F\u3002"
  name: dim_product
  role: dim
- columns:
  - alias:
    - "\u9500\u91CF"
    - "\u8D2D\u4E70\u6570\u91CF"
    - "\u4EF6\u6570"
    description: "\u8BA2\u5355\u4E2D\u5546\u54C1\u7684\u8D2D\u4E70\u6570\u91CF\u3002"
    examples:
    - 1
    - 5
    - 12
    - 8
    - 2
    - 10
    - 3
    - 6
    - 25
    - 4
    name: order_quantity
    role: measure
    type: int
  - alias:
    - "\u9500\u552E\u989D"
    - "\u8BA2\u5355\u91D1\u989D"
    - "\u6536\u5165"
    description: "\u8BA2\u5355\u91D1\u989D\u3002"
    examples:
    - 8999.0
    - 6999.0
    - 125.0
    - 899.0
    - 60.0
    - 1399.0
    - 40.0
    - 299.0
    - 200.0
    - 9499.0
    name: order_amount
    role: measure
    type: float
  - alias:
    - "\u65E5\u671F"
    - "\u4E0B\u5355\u65E5\u671F"
    description: "\u5173\u8054\u65F6\u95F4\u7EF4\u5EA6\u7684\u5916\u952E\u3002"
    examples:
    - 20250101
    - 20250102
    - 20250103
    - 20250104
    - 20250105
    - 20250106
    - 20250107
    - 20250108
    - 20250109
    - 20250110
    name: date_id
    role: foreign_key
    type: int
  - alias:
    - "\u5BA2\u6237ID"
    - "\u7528\u6237ID"
    description: "\u5173\u8054\u5BA2\u6237\u7EF4\u5EA6\u7684\u5916\u952E\u3002"
    examples:
    - C001
    - C005
    - C003
    - C008
    - C012
    - C015
    - C002
    - C007
    - C010
    - C019
    name: customer_id
    role: foreign_key
    type: varchar(20)
  - alias:
    - "\u8BA2\u5355ID"
    description: "\u8BA2\u5355\u552F\u4E00\u6807\u8BC6\u3002"
    examples:
    - ORD20250101001
    - ORD20250101002
    - ORD20250102001
    - ORD20250102002
    - ORD20250103001
    - ORD20250103002
    - ORD20250104001
    - ORD20250105001
    - ORD20250105002
    - ORD20250106001
    name: order_id
    role: primary_key
    type: varchar(30)
  - alias:
    - "\u5546\u54C1ID"
    - "\u4EA7\u54C1ID"
    description: "\u5173\u8054\u5546\u54C1\u7EF4\u5EA6\u7684\u5916\u952E\u3002"
    examples:
    - P001
    - P003
    - P010
    - P006
    - P011
    - P014
    - P012
    - P008
    - P002
    - P013
    name: product_id
    role: foreign_key
    type: varchar(20)
  - alias:
    - "\u5730\u533AID"
    - "\u533A\u57DFID"
    description: "\u5173\u8054\u5730\u533A\u7EF4\u5EA6\u7684\u5916\u952E\u3002"
    examples:
    - R001
    - R005
    - R002
    - R004
    - R003
    - R006
    name: region_id
    role: foreign_key
    type: varchar(20)
  description: "\u8BA2\u5355\u4E8B\u5B9E\u8868\uFF0C\u8BB0\u5F55\u8BA2\u5355\u6570\
    \u91CF\u548C\u91D1\u989D\u7B49\u6838\u5FC3\u6307\u6807\u3002"
  name: fact_order
  role: fact
- columns:
  - alias:
    - "\u65E5\u671FID"
    - "\u65E5\u671F"
    description: "\u65E5\u671F\u552F\u4E00\u6807\u8BC6\uFF0C\u683C\u5F0F yyyyMMdd\u3002"
    examples:
    - 20250101
    - 20250102
    - 20250103
    - 20250104
    - 20250105
    - 20250106
    - 20250107
    - 20250108
    - 20250109
    - 20250110
    name: date_id
    role: primary_key
    type: int
  description: "\u65F6\u95F4\u7EF4\u5EA6\u8868\uFF0C\u7528\u4E8E\u591A\u65F6\u95F4\
    \u7C92\u5EA6\u5206\u6790\u3002"
  name: dim_date
  role: dim

2026-01-21 11:13:14.006 | INFO     | request_id - 2282d643-f6ff-4e26-bcd7-94344f4376be | app.agent.nodes.filter_metric_info:filter_metric_info:28 - 指标筛选结果: [{'name': 'GMV', 'description': '全称Gross Merchandise Value，表示所有订单的成交金额总和。', 'alias': ['成交总额', '订单总额']}]
2026-01-21 11:13:14.938 | INFO     | request_id - 2282d643-f6ff-4e26-bcd7-94344f4376be | app.agent.nodes.filter_table_info:filter_table_info:32 - 表格筛选结果: {'dim_product': ['category', 'product_id'], 'fact_order': ['order_amount', 'date_id', 'product_id'], 'dim_date': ['date_id']}
2026-01-21 11:13:14.954 | INFO     | request_id - 2282d643-f6ff-4e26-bcd7-94344f4376be | app.agent.nodes.add_context:add_context:23 - 添加上下文信息-date_info:{'date': '2026-01-21', 'weekday': 'Wednesday', 'quarter': 'Q1'},db_info:{'dialect': 'mysql', 'version': '8.0.44'}
2026-01-21 11:13:18.666 | INFO     | request_id - 2282d643-f6ff-4e26-bcd7-94344f4376be | app.agent.nodes.generate_sql:generate_sql:32 - 生成SQL: ```sql
SELECT 
    dp.category AS 分类,
    SUM(fo.order_amount) AS 销售总额
FROM fact_order fo
JOIN dim_product dp ON fo.product_id = dp.product_id
JOIN dim_date dd ON fo.date_id = dd.date_id
WHERE dd.date_id >= 20250101 AND dd.date_id < 20260101
GROUP BY dp.category
ORDER BY 销售总额 DESC;
```
2026-01-21 11:13:18.670 | ERROR    | request_id - 2282d643-f6ff-4e26-bcd7-94344f4376be | app.agent.nodes.validate_sql:validate_sql:17 - (asyncmy.errors.ProgrammingError) (1103, "Incorrect table name '`sql\nSELECT \n    dp.category AS 分类,\n    SUM(fo.order_amount) AS 销售总额\nFROM fact_order fo\n'")
[SQL: explain ```sql
SELECT 
    dp.category AS 分类,
    SUM(fo.order_amount) AS 销售总额
FROM fact_order fo
JOIN dim_product dp ON fo.product_id = dp.product_id
JOIN dim_date dd ON fo.date_id = dd.date_id
WHERE dd.date_id >= 20250101 AND dd.date_id < 20260101
GROUP BY dp.category
ORDER BY 销售总额 DESC;
```]
(Background on this error at: https://sqlalche.me/e/20/f405)
2026-01-21 11:13:18.680 | ERROR    | request_id - 2282d643-f6ff-4e26-bcd7-94344f4376be | app.api.routers.chat_router:event_stream:20 - 'result'
2026-01-21 11:17:14.494 | INFO     | request_id - 551cba5b-39da-4e12-a229-428fc519a18e | app.agent.nodes.extract_keywords:extract_keywords:43 - 关键词提取: ['统计', '分类', '销售总额', '统计一去年各分类的销售总额']
2026-01-21 11:17:18.304 | INFO     | request_id - 551cba5b-39da-4e12-a229-428fc519a18e | app.agent.nodes.metric_recall:metric_recall:40 - recall metrics: dict_values([{'id': 'GMV', 'name': 'GMV', 'description': '全称Gross Merchandise Value，表示所有订单的成交金额总和。', 'relevant_columns': ['fact_order.order_amount'], 'alias': ['成交总额', '订单总额']}, {'id': 'AOV', 'name': 'AOV', 'description': '全称Average Order Value，表示所有订单的成交金额平均值。', 'relevant_columns': ['fact_order.order_quantity'], 'alias': ['平均单价', '平均订单金额']}])
2026-01-21 11:17:18.738 | INFO     | request_id - 551cba5b-39da-4e12-a229-428fc519a18e | app.agent.nodes.value_recall:value_recall:36 - 召回字段值：dict_values([])
2026-01-21 11:17:19.368 | INFO     | request_id - 551cba5b-39da-4e12-a229-428fc519a18e | app.agent.nodes.column_recall:column_recall:44 - 召回列信息: dict_values([{'id': 'dim_product.category', 'name': 'category', 'type': 'varchar(50)', 'role': 'dimension', 'examples': ['手机数码', '家用电器', '鞋靴', '服饰', '食品饮料', '休闲零食'], 'description': '商品所属品类。', 'alias': ['商品类别', '品类', '分类'], 'table_id': 'dim_product'}, {'id': 'fact_order.date_id', 'name': 'date_id', 'type': 'int', 'role': 'foreign_key', 'examples': [20250101, 20250102, 20250103, 20250104, 20250105, 20250106, 20250107, 20250108, 20250109, 20250110], 'description': '关联时间维度的外键。', 'alias': ['日期', '下单日期'], 'table_id': 'fact_order'}, {'id': 'fact_order.order_amount', 'name': 'order_amount', 'type': 'float', 'role': 'measure', 'examples': [8999.0, 6999.0, 125.0, 899.0, 60.0, 1399.0, 40.0, 299.0, 200.0, 9499.0], 'description': '订单金额。', 'alias': ['销售额', '订单金额', '收入'], 'table_id': 'fact_order'}, {'id': 'fact_order.order_quantity', 'name': 'order_quantity', 'type': 'int', 'role': 'measure', 'examples': [1, 5, 12, 8, 2, 10, 3, 6, 25, 4], 'description': '订单中商品的购买数量。', 'alias': ['销量', '购买数量', '件数'], 'table_id': 'fact_order'}, {'id': 'dim_date.date_id', 'name': 'date_id', 'type': 'int', 'role': 'primary_key', 'examples': [20250101, 20250102, 20250103, 20250104, 20250105, 20250106, 20250107, 20250108, 20250109, 20250110], 'description': '日期唯一标识，格式 yyyyMMdd。', 'alias': ['日期ID', '日期'], 'table_id': 'dim_date'}, {'id': 'dim_product.product_name', 'name': 'product_name', 'type': 'varchar(200)', 'role': 'dimension', 'examples': ['iPhone 15 Pro', 'Galaxy S24 Ultra', 'Mate 60 Pro', '戴森 V15 吸尘器', '美的空调 KFR-35GW', '耐克 Air Max 270 运动鞋', '阿迪达斯 Ultraboost 跑鞋', '优衣库 Heattech 保暖夹克', '李维斯 501 牛仔裤', '雀巢金牌速溶咖啡'], 'description': '商品名称。', 'alias': ['商品名称', '产品名称'], 'table_id': 'dim_product'}])
2026-01-21 11:17:19.418 | INFO     | request_id - 551cba5b-39da-4e12-a229-428fc519a18e | app.agent.nodes.merge_retrieved_info:merge_retrieved_info:80 - merge retrieved info: metric_infos:
- alias:
  - "\u6210\u4EA4\u603B\u989D"
  - "\u8BA2\u5355\u603B\u989D"
  description: "\u5168\u79F0Gross Merchandise Value\uFF0C\u8868\u793A\u6240\u6709\u8BA2\
    \u5355\u7684\u6210\u4EA4\u91D1\u989D\u603B\u548C\u3002"
  name: GMV
- alias:
  - "\u5E73\u5747\u5355\u4EF7"
  - "\u5E73\u5747\u8BA2\u5355\u91D1\u989D"
  description: "\u5168\u79F0Average Order Value\uFF0C\u8868\u793A\u6240\u6709\u8BA2\
    \u5355\u7684\u6210\u4EA4\u91D1\u989D\u5E73\u5747\u503C\u3002"
  name: AOV
table_infos:
- columns:
  - alias:
    - "\u5546\u54C1\u7C7B\u522B"
    - "\u54C1\u7C7B"
    - "\u5206\u7C7B"
    description: "\u5546\u54C1\u6240\u5C5E\u54C1\u7C7B\u3002"
    examples:
    - "\u624B\u673A\u6570\u7801"
    - "\u5BB6\u7528\u7535\u5668"
    - "\u978B\u9774"
    - "\u670D\u9970"
    - "\u98DF\u54C1\u996E\u6599"
    - "\u4F11\u95F2\u96F6\u98DF"
    name: category
    role: dimension
    type: varchar(50)
  - alias:
    - "\u5546\u54C1\u540D\u79F0"
    - "\u4EA7\u54C1\u540D\u79F0"
    description: "\u5546\u54C1\u540D\u79F0\u3002"
    examples:
    - iPhone 15 Pro
    - Galaxy S24 Ultra
    - Mate 60 Pro
    - "\u6234\u68EE V15 \u5438\u5C18\u5668"
    - "\u7F8E\u7684\u7A7A\u8C03 KFR-35GW"
    - "\u8010\u514B Air Max 270 \u8FD0\u52A8\u978B"
    - "\u963F\u8FEA\u8FBE\u65AF Ultraboost \u8DD1\u978B"
    - "\u4F18\u8863\u5E93 Heattech \u4FDD\u6696\u5939\u514B"
    - "\u674E\u7EF4\u65AF 501 \u725B\u4ED4\u88E4"
    - "\u96C0\u5DE2\u91D1\u724C\u901F\u6EB6\u5496\u5561"
    name: product_name
    role: dimension
    type: varchar(200)
  - alias:
    - "\u5546\u54C1ID"
    - "\u4EA7\u54C1ID"
    description: "\u5546\u54C1\u552F\u4E00\u6807\u8BC6\u3002"
    examples:
    - P001
    - P002
    - P003
    - P004
    - P005
    - P006
    - P007
    - P008
    - P009
    - P010
    name: product_id
    role: primary_key
    type: varchar(20)
  description: "\u5546\u54C1\u7EF4\u5EA6\u8868\uFF0C\u63CF\u8FF0\u5546\u54C1\u7684\
    \u57FA\u672C\u5C5E\u6027\u4FE1\u606F\u3002"
  name: dim_product
  role: dim
- columns:
  - alias:
    - "\u65E5\u671F"
    - "\u4E0B\u5355\u65E5\u671F"
    description: "\u5173\u8054\u65F6\u95F4\u7EF4\u5EA6\u7684\u5916\u952E\u3002"
    examples:
    - 20250101
    - 20250102
    - 20250103
    - 20250104
    - 20250105
    - 20250106
    - 20250107
    - 20250108
    - 20250109
    - 20250110
    name: date_id
    role: foreign_key
    type: int
  - alias:
    - "\u9500\u552E\u989D"
    - "\u8BA2\u5355\u91D1\u989D"
    - "\u6536\u5165"
    description: "\u8BA2\u5355\u91D1\u989D\u3002"
    examples:
    - 8999.0
    - 6999.0
    - 125.0
    - 899.0
    - 60.0
    - 1399.0
    - 40.0
    - 299.0
    - 200.0
    - 9499.0
    name: order_amount
    role: measure
    type: float
  - alias:
    - "\u9500\u91CF"
    - "\u8D2D\u4E70\u6570\u91CF"
    - "\u4EF6\u6570"
    description: "\u8BA2\u5355\u4E2D\u5546\u54C1\u7684\u8D2D\u4E70\u6570\u91CF\u3002"
    examples:
    - 1
    - 5
    - 12
    - 8
    - 2
    - 10
    - 3
    - 6
    - 25
    - 4
    name: order_quantity
    role: measure
    type: int
  - alias:
    - "\u5BA2\u6237ID"
    - "\u7528\u6237ID"
    description: "\u5173\u8054\u5BA2\u6237\u7EF4\u5EA6\u7684\u5916\u952E\u3002"
    examples:
    - C001
    - C005
    - C003
    - C008
    - C012
    - C015
    - C002
    - C007
    - C010
    - C019
    name: customer_id
    role: foreign_key
    type: varchar(20)
  - alias:
    - "\u8BA2\u5355ID"
    description: "\u8BA2\u5355\u552F\u4E00\u6807\u8BC6\u3002"
    examples:
    - ORD20250101001
    - ORD20250101002
    - ORD20250102001
    - ORD20250102002
    - ORD20250103001
    - ORD20250103002
    - ORD20250104001
    - ORD20250105001
    - ORD20250105002
    - ORD20250106001
    name: order_id
    role: primary_key
    type: varchar(30)
  - alias:
    - "\u5546\u54C1ID"
    - "\u4EA7\u54C1ID"
    description: "\u5173\u8054\u5546\u54C1\u7EF4\u5EA6\u7684\u5916\u952E\u3002"
    examples:
    - P001
    - P003
    - P010
    - P006
    - P011
    - P014
    - P012
    - P008
    - P002
    - P013
    name: product_id
    role: foreign_key
    type: varchar(20)
  - alias:
    - "\u5730\u533AID"
    - "\u533A\u57DFID"
    description: "\u5173\u8054\u5730\u533A\u7EF4\u5EA6\u7684\u5916\u952E\u3002"
    examples:
    - R001
    - R005
    - R002
    - R004
    - R003
    - R006
    name: region_id
    role: foreign_key
    type: varchar(20)
  description: "\u8BA2\u5355\u4E8B\u5B9E\u8868\uFF0C\u8BB0\u5F55\u8BA2\u5355\u6570\
    \u91CF\u548C\u91D1\u989D\u7B49\u6838\u5FC3\u6307\u6807\u3002"
  name: fact_order
  role: fact
- columns:
  - alias:
    - "\u65E5\u671FID"
    - "\u65E5\u671F"
    description: "\u65E5\u671F\u552F\u4E00\u6807\u8BC6\uFF0C\u683C\u5F0F yyyyMMdd\u3002"
    examples:
    - 20250101
    - 20250102
    - 20250103
    - 20250104
    - 20250105
    - 20250106
    - 20250107
    - 20250108
    - 20250109
    - 20250110
    name: date_id
    role: primary_key
    type: int
  description: "\u65F6\u95F4\u7EF4\u5EA6\u8868\uFF0C\u7528\u4E8E\u591A\u65F6\u95F4\
    \u7C92\u5EA6\u5206\u6790\u3002"
  name: dim_date
  role: dim

2026-01-21 11:17:20.392 | INFO     | request_id - 551cba5b-39da-4e12-a229-428fc519a18e | app.agent.nodes.filter_metric_info:filter_metric_info:28 - 指标筛选结果: [{'name': 'GMV', 'description': '全称Gross Merchandise Value，表示所有订单的成交金额总和。', 'alias': ['成交总额', '订单总额']}]
2026-01-21 11:17:21.377 | INFO     | request_id - 551cba5b-39da-4e12-a229-428fc519a18e | app.agent.nodes.filter_table_info:filter_table_info:32 - 表格筛选结果: {'dim_product': ['category', 'product_id'], 'fact_order': ['date_id', 'order_amount', 'product_id'], 'dim_date': ['date_id']}
2026-01-21 11:17:21.395 | INFO     | request_id - 551cba5b-39da-4e12-a229-428fc519a18e | app.agent.nodes.add_context:add_context:23 - 添加上下文信息-date_info:{'date': '2026-01-21', 'weekday': 'Wednesday', 'quarter': 'Q1'},db_info:{'dialect': 'mysql', 'version': '8.0.44'}
2026-01-21 11:17:25.419 | INFO     | request_id - 551cba5b-39da-4e12-a229-428fc519a18e | app.agent.nodes.generate_sql:generate_sql:32 - 生成SQL: ```sql
SELECT 
    dp.category AS 分类,
    SUM(fo.order_amount) AS 销售总额
FROM fact_order fo
JOIN dim_product dp ON fo.product_id = dp.product_id
JOIN dim_date dd ON fo.date_id = dd.date_id
WHERE dd.date_id >= 20250101 AND dd.date_id < 20260101
GROUP BY dp.category
ORDER BY 销售总额 DESC;
```
2026-01-21 11:17:25.422 | ERROR    | request_id - 551cba5b-39da-4e12-a229-428fc519a18e | app.agent.nodes.validate_sql:validate_sql:17 - (asyncmy.errors.ProgrammingError) (1103, "Incorrect table name '`sql\nSELECT \n    dp.category AS 分类,\n    SUM(fo.order_amount) AS 销售总额\nFROM fact_order fo\n'")
[SQL: explain ```sql
SELECT 
    dp.category AS 分类,
    SUM(fo.order_amount) AS 销售总额
FROM fact_order fo
JOIN dim_product dp ON fo.product_id = dp.product_id
JOIN dim_date dd ON fo.date_id = dd.date_id
WHERE dd.date_id >= 20250101 AND dd.date_id < 20260101
GROUP BY dp.category
ORDER BY 销售总额 DESC;
```]
(Background on this error at: https://sqlalche.me/e/20/f405)
2026-01-21 11:19:01.080 | INFO     | request_id - 65d00743-6945-4f5e-9f9a-2f8555056e58 | app.agent.nodes.extract_keywords:extract_keywords:43 - 关键词提取: ['统计', '分类', '销售总额', '统计一去年各分类的销售总额']
2026-01-21 11:19:04.557 | INFO     | request_id - 65d00743-6945-4f5e-9f9a-2f8555056e58 | app.agent.nodes.metric_recall:metric_recall:40 - recall metrics: dict_values([{'id': 'GMV', 'name': 'GMV', 'description': '全称Gross Merchandise Value，表示所有订单的成交金额总和。', 'relevant_columns': ['fact_order.order_amount'], 'alias': ['成交总额', '订单总额']}, {'id': 'AOV', 'name': 'AOV', 'description': '全称Average Order Value，表示所有订单的成交金额平均值。', 'relevant_columns': ['fact_order.order_quantity'], 'alias': ['平均单价', '平均订单金额']}])
2026-01-21 11:19:05.224 | INFO     | request_id - 65d00743-6945-4f5e-9f9a-2f8555056e58 | app.agent.nodes.value_recall:value_recall:36 - 召回字段值：dict_values([])
2026-01-21 11:19:05.590 | INFO     | request_id - 65d00743-6945-4f5e-9f9a-2f8555056e58 | app.agent.nodes.column_recall:column_recall:44 - 召回列信息: dict_values([{'id': 'fact_order.order_quantity', 'name': 'order_quantity', 'type': 'int', 'role': 'measure', 'examples': [1, 5, 12, 8, 2, 10, 3, 6, 25, 4], 'description': '订单中商品的购买数量。', 'alias': ['销量', '购买数量', '件数'], 'table_id': 'fact_order'}, {'id': 'dim_product.category', 'name': 'category', 'type': 'varchar(50)', 'role': 'dimension', 'examples': ['手机数码', '家用电器', '鞋靴', '服饰', '食品饮料', '休闲零食'], 'description': '商品所属品类。', 'alias': ['商品类别', '品类', '分类'], 'table_id': 'dim_product'}, {'id': 'dim_product.product_name', 'name': 'product_name', 'type': 'varchar(200)', 'role': 'dimension', 'examples': ['iPhone 15 Pro', 'Galaxy S24 Ultra', 'Mate 60 Pro', '戴森 V15 吸尘器', '美的空调 KFR-35GW', '耐克 Air Max 270 运动鞋', '阿迪达斯 Ultraboost 跑鞋', '优衣库 Heattech 保暖夹克', '李维斯 501 牛仔裤', '雀巢金牌速溶咖啡'], 'description': '商品名称。', 'alias': ['商品名称', '产品名称'], 'table_id': 'dim_product'}, {'id': 'fact_order.date_id', 'name': 'date_id', 'type': 'int', 'role': 'foreign_key', 'examples': [20250101, 20250102, 20250103, 20250104, 20250105, 20250106, 20250107, 20250108, 20250109, 20250110], 'description': '关联时间维度的外键。', 'alias': ['日期', '下单日期'], 'table_id': 'fact_order'}, {'id': 'fact_order.order_amount', 'name': 'order_amount', 'type': 'float', 'role': 'measure', 'examples': [8999.0, 6999.0, 125.0, 899.0, 60.0, 1399.0, 40.0, 299.0, 200.0, 9499.0], 'description': '订单金额。', 'alias': ['销售额', '订单金额', '收入'], 'table_id': 'fact_order'}, {'id': 'dim_date.date_id', 'name': 'date_id', 'type': 'int', 'role': 'primary_key', 'examples': [20250101, 20250102, 20250103, 20250104, 20250105, 20250106, 20250107, 20250108, 20250109, 20250110], 'description': '日期唯一标识，格式 yyyyMMdd。', 'alias': ['日期ID', '日期'], 'table_id': 'dim_date'}])
2026-01-21 11:19:05.643 | INFO     | request_id - 65d00743-6945-4f5e-9f9a-2f8555056e58 | app.agent.nodes.merge_retrieved_info:merge_retrieved_info:80 - merge retrieved info: metric_infos:
- alias:
  - "\u6210\u4EA4\u603B\u989D"
  - "\u8BA2\u5355\u603B\u989D"
  description: "\u5168\u79F0Gross Merchandise Value\uFF0C\u8868\u793A\u6240\u6709\u8BA2\
    \u5355\u7684\u6210\u4EA4\u91D1\u989D\u603B\u548C\u3002"
  name: GMV
- alias:
  - "\u5E73\u5747\u5355\u4EF7"
  - "\u5E73\u5747\u8BA2\u5355\u91D1\u989D"
  description: "\u5168\u79F0Average Order Value\uFF0C\u8868\u793A\u6240\u6709\u8BA2\
    \u5355\u7684\u6210\u4EA4\u91D1\u989D\u5E73\u5747\u503C\u3002"
  name: AOV
table_infos:
- columns:
  - alias:
    - "\u9500\u91CF"
    - "\u8D2D\u4E70\u6570\u91CF"
    - "\u4EF6\u6570"
    description: "\u8BA2\u5355\u4E2D\u5546\u54C1\u7684\u8D2D\u4E70\u6570\u91CF\u3002"
    examples:
    - 1
    - 5
    - 12
    - 8
    - 2
    - 10
    - 3
    - 6
    - 25
    - 4
    name: order_quantity
    role: measure
    type: int
  - alias:
    - "\u65E5\u671F"
    - "\u4E0B\u5355\u65E5\u671F"
    description: "\u5173\u8054\u65F6\u95F4\u7EF4\u5EA6\u7684\u5916\u952E\u3002"
    examples:
    - 20250101
    - 20250102
    - 20250103
    - 20250104
    - 20250105
    - 20250106
    - 20250107
    - 20250108
    - 20250109
    - 20250110
    name: date_id
    role: foreign_key
    type: int
  - alias:
    - "\u9500\u552E\u989D"
    - "\u8BA2\u5355\u91D1\u989D"
    - "\u6536\u5165"
    description: "\u8BA2\u5355\u91D1\u989D\u3002"
    examples:
    - 8999.0
    - 6999.0
    - 125.0
    - 899.0
    - 60.0
    - 1399.0
    - 40.0
    - 299.0
    - 200.0
    - 9499.0
    name: order_amount
    role: measure
    type: float
  - alias:
    - "\u5BA2\u6237ID"
    - "\u7528\u6237ID"
    description: "\u5173\u8054\u5BA2\u6237\u7EF4\u5EA6\u7684\u5916\u952E\u3002"
    examples:
    - C001
    - C005
    - C003
    - C008
    - C012
    - C015
    - C002
    - C007
    - C010
    - C019
    name: customer_id
    role: foreign_key
    type: varchar(20)
  - alias:
    - "\u8BA2\u5355ID"
    description: "\u8BA2\u5355\u552F\u4E00\u6807\u8BC6\u3002"
    examples:
    - ORD20250101001
    - ORD20250101002
    - ORD20250102001
    - ORD20250102002
    - ORD20250103001
    - ORD20250103002
    - ORD20250104001
    - ORD20250105001
    - ORD20250105002
    - ORD20250106001
    name: order_id
    role: primary_key
    type: varchar(30)
  - alias:
    - "\u5546\u54C1ID"
    - "\u4EA7\u54C1ID"
    description: "\u5173\u8054\u5546\u54C1\u7EF4\u5EA6\u7684\u5916\u952E\u3002"
    examples:
    - P001
    - P003
    - P010
    - P006
    - P011
    - P014
    - P012
    - P008
    - P002
    - P013
    name: product_id
    role: foreign_key
    type: varchar(20)
  - alias:
    - "\u5730\u533AID"
    - "\u533A\u57DFID"
    description: "\u5173\u8054\u5730\u533A\u7EF4\u5EA6\u7684\u5916\u952E\u3002"
    examples:
    - R001
    - R005
    - R002
    - R004
    - R003
    - R006
    name: region_id
    role: foreign_key
    type: varchar(20)
  description: "\u8BA2\u5355\u4E8B\u5B9E\u8868\uFF0C\u8BB0\u5F55\u8BA2\u5355\u6570\
    \u91CF\u548C\u91D1\u989D\u7B49\u6838\u5FC3\u6307\u6807\u3002"
  name: fact_order
  role: fact
- columns:
  - alias:
    - "\u5546\u54C1\u7C7B\u522B"
    - "\u54C1\u7C7B"
    - "\u5206\u7C7B"
    description: "\u5546\u54C1\u6240\u5C5E\u54C1\u7C7B\u3002"
    examples:
    - "\u624B\u673A\u6570\u7801"
    - "\u5BB6\u7528\u7535\u5668"
    - "\u978B\u9774"
    - "\u670D\u9970"
    - "\u98DF\u54C1\u996E\u6599"
    - "\u4F11\u95F2\u96F6\u98DF"
    name: category
    role: dimension
    type: varchar(50)
  - alias:
    - "\u5546\u54C1\u540D\u79F0"
    - "\u4EA7\u54C1\u540D\u79F0"
    description: "\u5546\u54C1\u540D\u79F0\u3002"
    examples:
    - iPhone 15 Pro
    - Galaxy S24 Ultra
    - Mate 60 Pro
    - "\u6234\u68EE V15 \u5438\u5C18\u5668"
    - "\u7F8E\u7684\u7A7A\u8C03 KFR-35GW"
    - "\u8010\u514B Air Max 270 \u8FD0\u52A8\u978B"
    - "\u963F\u8FEA\u8FBE\u65AF Ultraboost \u8DD1\u978B"
    - "\u4F18\u8863\u5E93 Heattech \u4FDD\u6696\u5939\u514B"
    - "\u674E\u7EF4\u65AF 501 \u725B\u4ED4\u88E4"
    - "\u96C0\u5DE2\u91D1\u724C\u901F\u6EB6\u5496\u5561"
    name: product_name
    role: dimension
    type: varchar(200)
  - alias:
    - "\u5546\u54C1ID"
    - "\u4EA7\u54C1ID"
    description: "\u5546\u54C1\u552F\u4E00\u6807\u8BC6\u3002"
    examples:
    - P001
    - P002
    - P003
    - P004
    - P005
    - P006
    - P007
    - P008
    - P009
    - P010
    name: product_id
    role: primary_key
    type: varchar(20)
  description: "\u5546\u54C1\u7EF4\u5EA6\u8868\uFF0C\u63CF\u8FF0\u5546\u54C1\u7684\
    \u57FA\u672C\u5C5E\u6027\u4FE1\u606F\u3002"
  name: dim_product
  role: dim
- columns:
  - alias:
    - "\u65E5\u671FID"
    - "\u65E5\u671F"
    description: "\u65E5\u671F\u552F\u4E00\u6807\u8BC6\uFF0C\u683C\u5F0F yyyyMMdd\u3002"
    examples:
    - 20250101
    - 20250102
    - 20250103
    - 20250104
    - 20250105
    - 20250106
    - 20250107
    - 20250108
    - 20250109
    - 20250110
    name: date_id
    role: primary_key
    type: int
  description: "\u65F6\u95F4\u7EF4\u5EA6\u8868\uFF0C\u7528\u4E8E\u591A\u65F6\u95F4\
    \u7C92\u5EA6\u5206\u6790\u3002"
  name: dim_date
  role: dim

2026-01-21 11:19:06.663 | INFO     | request_id - 65d00743-6945-4f5e-9f9a-2f8555056e58 | app.agent.nodes.filter_metric_info:filter_metric_info:28 - 指标筛选结果: [{'name': 'GMV', 'description': '全称Gross Merchandise Value，表示所有订单的成交金额总和。', 'alias': ['成交总额', '订单总额']}]
2026-01-21 11:19:07.830 | INFO     | request_id - 65d00743-6945-4f5e-9f9a-2f8555056e58 | app.agent.nodes.filter_table_info:filter_table_info:32 - 表格筛选结果: {'fact_order': ['date_id', 'order_amount', 'product_id'], 'dim_product': ['product_id', 'category'], 'dim_date': ['date_id']}
2026-01-21 11:19:07.863 | INFO     | request_id - 65d00743-6945-4f5e-9f9a-2f8555056e58 | app.agent.nodes.add_context:add_context:23 - 添加上下文信息-date_info:{'date': '2026-01-21', 'weekday': 'Wednesday', 'quarter': 'Q1'},db_info:{'dialect': 'mysql', 'version': '8.0.44'}
2026-01-21 11:19:11.655 | INFO     | request_id - 65d00743-6945-4f5e-9f9a-2f8555056e58 | app.agent.nodes.generate_sql:generate_sql:32 - 生成SQL: ```sql
SELECT 
    dp.category AS 分类,
    SUM(fo.order_amount) AS 销售总额
FROM fact_order fo
JOIN dim_product dp ON fo.product_id = dp.product_id
JOIN dim_date dd ON fo.date_id = dd.date_id
WHERE dd.date_id >= 20250101 AND dd.date_id < 20260101
GROUP BY dp.category
ORDER BY 销售总额 DESC;
```
2026-01-21 11:19:11.658 | ERROR    | request_id - 65d00743-6945-4f5e-9f9a-2f8555056e58 | app.agent.nodes.validate_sql:validate_sql:17 - (asyncmy.errors.ProgrammingError) (1103, "Incorrect table name '`sql\nSELECT \n    dp.category AS 分类,\n    SUM(fo.order_amount) AS 销售总额\nFROM fact_order fo\n'")
[SQL: explain ```sql
SELECT 
    dp.category AS 分类,
    SUM(fo.order_amount) AS 销售总额
FROM fact_order fo
JOIN dim_product dp ON fo.product_id = dp.product_id
JOIN dim_date dd ON fo.date_id = dd.date_id
WHERE dd.date_id >= 20250101 AND dd.date_id < 20260101
GROUP BY dp.category
ORDER BY 销售总额 DESC;
```]
(Background on this error at: https://sqlalche.me/e/20/f405)
2026-01-21 11:19:11.663 | ERROR    | request_id - 65d00743-6945-4f5e-9f9a-2f8555056e58 | app.agent.nodes.execute_sql:execute_sql:19 - (asyncmy.errors.ProgrammingError) (1064, "You have an error in your SQL syntax; check the manual that corresponds to your MySQL server version for the right syntax to use near '```sql\nSELECT \n    dp.category AS 分类,\n    SUM(fo.order_amount) AS 销售总é' at line 1")
[SQL: ```sql
SELECT 
    dp.category AS 分类,
    SUM(fo.order_amount) AS 销售总额
FROM fact_order fo
JOIN dim_product dp ON fo.product_id = dp.product_id
JOIN dim_date dd ON fo.date_id = dd.date_id
WHERE dd.date_id >= 20250101 AND dd.date_id < 20260101
GROUP BY dp.category
ORDER BY 销售总额 DESC;
```]
(Background on this error at: https://sqlalche.me/e/20/f405)
2026-01-21 11:19:15.168 | INFO     | request_id - 65d00743-6945-4f5e-9f9a-2f8555056e58 | app.agent.nodes.correct_sql:correct_sql:34 - 校正SQL结果：SELECT 
    dp.category AS 分类,
    SUM(fo.order_amount) AS 销售总额
FROM fact_order fo
JOIN dim_product dp ON fo.product_id = dp.product_id
JOIN dim_date dd ON fo.date_id = dd.date_id
WHERE dd.date_id >= 20250101 AND dd.date_id < 20260101
GROUP BY dp.category
ORDER BY 销售总额 DESC;
2026-01-21 11:20:14.219 | INFO     | request_id - b295c398-6901-4667-af46-c3a21d9bd8bd | app.agent.nodes.extract_keywords:extract_keywords:43 - 关键词提取: ['分类', '统计', '统计一去年各分类的销售总额', '销售总额']
2026-01-21 11:20:17.870 | INFO     | request_id - b295c398-6901-4667-af46-c3a21d9bd8bd | app.agent.nodes.metric_recall:metric_recall:40 - recall metrics: dict_values([{'id': 'GMV', 'name': 'GMV', 'description': '全称Gross Merchandise Value，表示所有订单的成交金额总和。', 'relevant_columns': ['fact_order.order_amount'], 'alias': ['成交总额', '订单总额']}, {'id': 'AOV', 'name': 'AOV', 'description': '全称Average Order Value，表示所有订单的成交金额平均值。', 'relevant_columns': ['fact_order.order_quantity'], 'alias': ['平均单价', '平均订单金额']}])
2026-01-21 11:20:18.275 | INFO     | request_id - b295c398-6901-4667-af46-c3a21d9bd8bd | app.agent.nodes.value_recall:value_recall:36 - 召回字段值：dict_values([])
2026-01-21 11:20:19.388 | INFO     | request_id - b295c398-6901-4667-af46-c3a21d9bd8bd | app.agent.nodes.column_recall:column_recall:44 - 召回列信息: dict_values([{'id': 'fact_order.order_amount', 'name': 'order_amount', 'type': 'float', 'role': 'measure', 'examples': [8999.0, 6999.0, 125.0, 899.0, 60.0, 1399.0, 40.0, 299.0, 200.0, 9499.0], 'description': '订单金额。', 'alias': ['销售额', '订单金额', '收入'], 'table_id': 'fact_order'}, {'id': 'fact_order.order_quantity', 'name': 'order_quantity', 'type': 'int', 'role': 'measure', 'examples': [1, 5, 12, 8, 2, 10, 3, 6, 25, 4], 'description': '订单中商品的购买数量。', 'alias': ['销量', '购买数量', '件数'], 'table_id': 'fact_order'}, {'id': 'dim_product.category', 'name': 'category', 'type': 'varchar(50)', 'role': 'dimension', 'examples': ['手机数码', '家用电器', '鞋靴', '服饰', '食品饮料', '休闲零食'], 'description': '商品所属品类。', 'alias': ['商品类别', '品类', '分类'], 'table_id': 'dim_product'}, {'id': 'dim_product.product_name', 'name': 'product_name', 'type': 'varchar(200)', 'role': 'dimension', 'examples': ['iPhone 15 Pro', 'Galaxy S24 Ultra', 'Mate 60 Pro', '戴森 V15 吸尘器', '美的空调 KFR-35GW', '耐克 Air Max 270 运动鞋', '阿迪达斯 Ultraboost 跑鞋', '优衣库 Heattech 保暖夹克', '李维斯 501 牛仔裤', '雀巢金牌速溶咖啡'], 'description': '商品名称。', 'alias': ['商品名称', '产品名称'], 'table_id': 'dim_product'}, {'id': 'fact_order.date_id', 'name': 'date_id', 'type': 'int', 'role': 'foreign_key', 'examples': [20250101, 20250102, 20250103, 20250104, 20250105, 20250106, 20250107, 20250108, 20250109, 20250110], 'description': '关联时间维度的外键。', 'alias': ['日期', '下单日期'], 'table_id': 'fact_order'}, {'id': 'dim_date.date_id', 'name': 'date_id', 'type': 'int', 'role': 'primary_key', 'examples': [20250101, 20250102, 20250103, 20250104, 20250105, 20250106, 20250107, 20250108, 20250109, 20250110], 'description': '日期唯一标识，格式 yyyyMMdd。', 'alias': ['日期ID', '日期'], 'table_id': 'dim_date'}])
2026-01-21 11:20:19.438 | INFO     | request_id - b295c398-6901-4667-af46-c3a21d9bd8bd | app.agent.nodes.merge_retrieved_info:merge_retrieved_info:80 - merge retrieved info: metric_infos:
- alias:
  - "\u6210\u4EA4\u603B\u989D"
  - "\u8BA2\u5355\u603B\u989D"
  description: "\u5168\u79F0Gross Merchandise Value\uFF0C\u8868\u793A\u6240\u6709\u8BA2\
    \u5355\u7684\u6210\u4EA4\u91D1\u989D\u603B\u548C\u3002"
  name: GMV
- alias:
  - "\u5E73\u5747\u5355\u4EF7"
  - "\u5E73\u5747\u8BA2\u5355\u91D1\u989D"
  description: "\u5168\u79F0Average Order Value\uFF0C\u8868\u793A\u6240\u6709\u8BA2\
    \u5355\u7684\u6210\u4EA4\u91D1\u989D\u5E73\u5747\u503C\u3002"
  name: AOV
table_infos:
- columns:
  - alias:
    - "\u9500\u552E\u989D"
    - "\u8BA2\u5355\u91D1\u989D"
    - "\u6536\u5165"
    description: "\u8BA2\u5355\u91D1\u989D\u3002"
    examples:
    - 8999.0
    - 6999.0
    - 125.0
    - 899.0
    - 60.0
    - 1399.0
    - 40.0
    - 299.0
    - 200.0
    - 9499.0
    name: order_amount
    role: measure
    type: float
  - alias:
    - "\u9500\u91CF"
    - "\u8D2D\u4E70\u6570\u91CF"
    - "\u4EF6\u6570"
    description: "\u8BA2\u5355\u4E2D\u5546\u54C1\u7684\u8D2D\u4E70\u6570\u91CF\u3002"
    examples:
    - 1
    - 5
    - 12
    - 8
    - 2
    - 10
    - 3
    - 6
    - 25
    - 4
    name: order_quantity
    role: measure
    type: int
  - alias:
    - "\u65E5\u671F"
    - "\u4E0B\u5355\u65E5\u671F"
    description: "\u5173\u8054\u65F6\u95F4\u7EF4\u5EA6\u7684\u5916\u952E\u3002"
    examples:
    - 20250101
    - 20250102
    - 20250103
    - 20250104
    - 20250105
    - 20250106
    - 20250107
    - 20250108
    - 20250109
    - 20250110
    name: date_id
    role: foreign_key
    type: int
  - alias:
    - "\u5BA2\u6237ID"
    - "\u7528\u6237ID"
    description: "\u5173\u8054\u5BA2\u6237\u7EF4\u5EA6\u7684\u5916\u952E\u3002"
    examples:
    - C001
    - C005
    - C003
    - C008
    - C012
    - C015
    - C002
    - C007
    - C010
    - C019
    name: customer_id
    role: foreign_key
    type: varchar(20)
  - alias:
    - "\u8BA2\u5355ID"
    description: "\u8BA2\u5355\u552F\u4E00\u6807\u8BC6\u3002"
    examples:
    - ORD20250101001
    - ORD20250101002
    - ORD20250102001
    - ORD20250102002
    - ORD20250103001
    - ORD20250103002
    - ORD20250104001
    - ORD20250105001
    - ORD20250105002
    - ORD20250106001
    name: order_id
    role: primary_key
    type: varchar(30)
  - alias:
    - "\u5546\u54C1ID"
    - "\u4EA7\u54C1ID"
    description: "\u5173\u8054\u5546\u54C1\u7EF4\u5EA6\u7684\u5916\u952E\u3002"
    examples:
    - P001
    - P003
    - P010
    - P006
    - P011
    - P014
    - P012
    - P008
    - P002
    - P013
    name: product_id
    role: foreign_key
    type: varchar(20)
  - alias:
    - "\u5730\u533AID"
    - "\u533A\u57DFID"
    description: "\u5173\u8054\u5730\u533A\u7EF4\u5EA6\u7684\u5916\u952E\u3002"
    examples:
    - R001
    - R005
    - R002
    - R004
    - R003
    - R006
    name: region_id
    role: foreign_key
    type: varchar(20)
  description: "\u8BA2\u5355\u4E8B\u5B9E\u8868\uFF0C\u8BB0\u5F55\u8BA2\u5355\u6570\
    \u91CF\u548C\u91D1\u989D\u7B49\u6838\u5FC3\u6307\u6807\u3002"
  name: fact_order
  role: fact
- columns:
  - alias:
    - "\u5546\u54C1\u7C7B\u522B"
    - "\u54C1\u7C7B"
    - "\u5206\u7C7B"
    description: "\u5546\u54C1\u6240\u5C5E\u54C1\u7C7B\u3002"
    examples:
    - "\u624B\u673A\u6570\u7801"
    - "\u5BB6\u7528\u7535\u5668"
    - "\u978B\u9774"
    - "\u670D\u9970"
    - "\u98DF\u54C1\u996E\u6599"
    - "\u4F11\u95F2\u96F6\u98DF"
    name: category
    role: dimension
    type: varchar(50)
  - alias:
    - "\u5546\u54C1\u540D\u79F0"
    - "\u4EA7\u54C1\u540D\u79F0"
    description: "\u5546\u54C1\u540D\u79F0\u3002"
    examples:
    - iPhone 15 Pro
    - Galaxy S24 Ultra
    - Mate 60 Pro
    - "\u6234\u68EE V15 \u5438\u5C18\u5668"
    - "\u7F8E\u7684\u7A7A\u8C03 KFR-35GW"
    - "\u8010\u514B Air Max 270 \u8FD0\u52A8\u978B"
    - "\u963F\u8FEA\u8FBE\u65AF Ultraboost \u8DD1\u978B"
    - "\u4F18\u8863\u5E93 Heattech \u4FDD\u6696\u5939\u514B"
    - "\u674E\u7EF4\u65AF 501 \u725B\u4ED4\u88E4"
    - "\u96C0\u5DE2\u91D1\u724C\u901F\u6EB6\u5496\u5561"
    name: product_name
    role: dimension
    type: varchar(200)
  - alias:
    - "\u5546\u54C1ID"
    - "\u4EA7\u54C1ID"
    description: "\u5546\u54C1\u552F\u4E00\u6807\u8BC6\u3002"
    examples:
    - P001
    - P002
    - P003
    - P004
    - P005
    - P006
    - P007
    - P008
    - P009
    - P010
    name: product_id
    role: primary_key
    type: varchar(20)
  description: "\u5546\u54C1\u7EF4\u5EA6\u8868\uFF0C\u63CF\u8FF0\u5546\u54C1\u7684\
    \u57FA\u672C\u5C5E\u6027\u4FE1\u606F\u3002"
  name: dim_product
  role: dim
- columns:
  - alias:
    - "\u65E5\u671FID"
    - "\u65E5\u671F"
    description: "\u65E5\u671F\u552F\u4E00\u6807\u8BC6\uFF0C\u683C\u5F0F yyyyMMdd\u3002"
    examples:
    - 20250101
    - 20250102
    - 20250103
    - 20250104
    - 20250105
    - 20250106
    - 20250107
    - 20250108
    - 20250109
    - 20250110
    name: date_id
    role: primary_key
    type: int
  description: "\u65F6\u95F4\u7EF4\u5EA6\u8868\uFF0C\u7528\u4E8E\u591A\u65F6\u95F4\
    \u7C92\u5EA6\u5206\u6790\u3002"
  name: dim_date
  role: dim

2026-01-21 11:20:20.362 | INFO     | request_id - b295c398-6901-4667-af46-c3a21d9bd8bd | app.agent.nodes.filter_metric_info:filter_metric_info:28 - 指标筛选结果: [{'name': 'GMV', 'description': '全称Gross Merchandise Value，表示所有订单的成交金额总和。', 'alias': ['成交总额', '订单总额']}]
2026-01-21 11:20:22.205 | INFO     | request_id - b295c398-6901-4667-af46-c3a21d9bd8bd | app.agent.nodes.filter_table_info:filter_table_info:32 - 表格筛选结果: {'fact_order': ['order_amount', 'date_id', 'product_id'], 'dim_product': ['category', 'product_id'], 'dim_date': ['date_id']}
2026-01-21 11:20:22.221 | INFO     | request_id - b295c398-6901-4667-af46-c3a21d9bd8bd | app.agent.nodes.add_context:add_context:23 - 添加上下文信息-date_info:{'date': '2026-01-21', 'weekday': 'Wednesday', 'quarter': 'Q1'},db_info:{'dialect': 'mysql', 'version': '8.0.44'}
2026-01-21 11:20:26.041 | INFO     | request_id - b295c398-6901-4667-af46-c3a21d9bd8bd | app.agent.nodes.generate_sql:generate_sql:32 - 生成SQL: ```sql
SELECT 
    dp.category AS 分类,
    SUM(fo.order_amount) AS 销售总额
FROM fact_order fo
JOIN dim_product dp ON fo.product_id = dp.product_id
JOIN dim_date dd ON fo.date_id = dd.date_id
WHERE dd.date_id >= 20250101 AND dd.date_id < 20260101
GROUP BY dp.category
ORDER BY 销售总额 DESC;
```
2026-01-21 11:20:26.045 | ERROR    | request_id - b295c398-6901-4667-af46-c3a21d9bd8bd | app.agent.nodes.validate_sql:validate_sql:17 - (asyncmy.errors.ProgrammingError) (1103, "Incorrect table name '`sql\nSELECT \n    dp.category AS 分类,\n    SUM(fo.order_amount) AS 销售总额\nFROM fact_order fo\n'")
[SQL: explain ```sql
SELECT 
    dp.category AS 分类,
    SUM(fo.order_amount) AS 销售总额
FROM fact_order fo
JOIN dim_product dp ON fo.product_id = dp.product_id
JOIN dim_date dd ON fo.date_id = dd.date_id
WHERE dd.date_id >= 20250101 AND dd.date_id < 20260101
GROUP BY dp.category
ORDER BY 销售总额 DESC;
```]
(Background on this error at: https://sqlalche.me/e/20/f405)
2026-01-21 11:20:26.050 | INFO     | request_id - b295c398-6901-4667-af46-c3a21d9bd8bd | app.agent.nodes.execute_sql:execute_sql:17 - SQL执行结果: {'status': False, 'message': '(asyncmy.errors.ProgrammingError) (1064, "You have an error in your SQL syntax; check the manual that corresponds to your MySQL server version for the right syntax to use near \'```sql\\nSELECT \\n    dp.category AS 分类,\\n    SUM(fo.order_amount) AS 销售总é\' at line 1")\n[SQL: ```sql\nSELECT \n    dp.category AS 分类,\n    SUM(fo.order_amount) AS 销售总额\nFROM fact_order fo\nJOIN dim_product dp ON fo.product_id = dp.product_id\nJOIN dim_date dd ON fo.date_id = dd.date_id\nWHERE dd.date_id >= 20250101 AND dd.date_id < 20260101\nGROUP BY dp.category\nORDER BY 销售总额 DESC;\n```]\n(Background on this error at: https://sqlalche.me/e/20/f405)'}
2026-01-21 11:20:26.051 | ERROR    | request_id - b295c398-6901-4667-af46-c3a21d9bd8bd | app.agent.nodes.execute_sql:execute_sql:19 - (asyncmy.errors.ProgrammingError) (1064, "You have an error in your SQL syntax; check the manual that corresponds to your MySQL server version for the right syntax to use near '```sql\nSELECT \n    dp.category AS 分类,\n    SUM(fo.order_amount) AS 销售总é' at line 1")
[SQL: ```sql
SELECT 
    dp.category AS 分类,
    SUM(fo.order_amount) AS 销售总额
FROM fact_order fo
JOIN dim_product dp ON fo.product_id = dp.product_id
JOIN dim_date dd ON fo.date_id = dd.date_id
WHERE dd.date_id >= 20250101 AND dd.date_id < 20260101
GROUP BY dp.category
ORDER BY 销售总额 DESC;
```]
(Background on this error at: https://sqlalche.me/e/20/f405)
2026-01-21 11:20:29.548 | INFO     | request_id - b295c398-6901-4667-af46-c3a21d9bd8bd | app.agent.nodes.correct_sql:correct_sql:34 - 校正SQL结果：SELECT 
    dp.category AS 分类,
    SUM(fo.order_amount) AS 销售总额
FROM fact_order fo
JOIN dim_product dp ON fo.product_id = dp.product_id
JOIN dim_date dd ON fo.date_id = dd.date_id
WHERE dd.date_id >= 20250101 AND dd.date_id < 20260101
GROUP BY dp.category
ORDER BY 销售总额 DESC;
2026-01-21 11:21:41.063 | INFO     | request_id - 1abb4da6-6935-4ac4-8b6e-663a1cc2560a | app.agent.nodes.extract_keywords:extract_keywords:43 - 关键词提取: ['统计', '统计一去年各分类的销售总额', '销售总额', '分类']
2026-01-21 11:21:44.685 | INFO     | request_id - 1abb4da6-6935-4ac4-8b6e-663a1cc2560a | app.agent.nodes.metric_recall:metric_recall:40 - recall metrics: dict_values([{'id': 'GMV', 'name': 'GMV', 'description': '全称Gross Merchandise Value，表示所有订单的成交金额总和。', 'relevant_columns': ['fact_order.order_amount'], 'alias': ['成交总额', '订单总额']}, {'id': 'AOV', 'name': 'AOV', 'description': '全称Average Order Value，表示所有订单的成交金额平均值。', 'relevant_columns': ['fact_order.order_quantity'], 'alias': ['平均单价', '平均订单金额']}])
2026-01-21 11:21:44.831 | INFO     | request_id - 1abb4da6-6935-4ac4-8b6e-663a1cc2560a | app.agent.nodes.value_recall:value_recall:36 - 召回字段值：dict_values([])
2026-01-21 11:21:45.899 | INFO     | request_id - 1abb4da6-6935-4ac4-8b6e-663a1cc2560a | app.agent.nodes.column_recall:column_recall:44 - 召回列信息: dict_values([{'id': 'fact_order.order_amount', 'name': 'order_amount', 'type': 'float', 'role': 'measure', 'examples': [8999.0, 6999.0, 125.0, 899.0, 60.0, 1399.0, 40.0, 299.0, 200.0, 9499.0], 'description': '订单金额。', 'alias': ['销售额', '订单金额', '收入'], 'table_id': 'fact_order'}, {'id': 'fact_order.order_quantity', 'name': 'order_quantity', 'type': 'int', 'role': 'measure', 'examples': [1, 5, 12, 8, 2, 10, 3, 6, 25, 4], 'description': '订单中商品的购买数量。', 'alias': ['销量', '购买数量', '件数'], 'table_id': 'fact_order'}, {'id': 'dim_product.category', 'name': 'category', 'type': 'varchar(50)', 'role': 'dimension', 'examples': ['手机数码', '家用电器', '鞋靴', '服饰', '食品饮料', '休闲零食'], 'description': '商品所属品类。', 'alias': ['商品类别', '品类', '分类'], 'table_id': 'dim_product'}, {'id': 'dim_product.product_name', 'name': 'product_name', 'type': 'varchar(200)', 'role': 'dimension', 'examples': ['iPhone 15 Pro', 'Galaxy S24 Ultra', 'Mate 60 Pro', '戴森 V15 吸尘器', '美的空调 KFR-35GW', '耐克 Air Max 270 运动鞋', '阿迪达斯 Ultraboost 跑鞋', '优衣库 Heattech 保暖夹克', '李维斯 501 牛仔裤', '雀巢金牌速溶咖啡'], 'description': '商品名称。', 'alias': ['商品名称', '产品名称'], 'table_id': 'dim_product'}, {'id': 'fact_order.date_id', 'name': 'date_id', 'type': 'int', 'role': 'foreign_key', 'examples': [20250101, 20250102, 20250103, 20250104, 20250105, 20250106, 20250107, 20250108, 20250109, 20250110], 'description': '关联时间维度的外键。', 'alias': ['日期', '下单日期'], 'table_id': 'fact_order'}, {'id': 'dim_date.date_id', 'name': 'date_id', 'type': 'int', 'role': 'primary_key', 'examples': [20250101, 20250102, 20250103, 20250104, 20250105, 20250106, 20250107, 20250108, 20250109, 20250110], 'description': '日期唯一标识，格式 yyyyMMdd。', 'alias': ['日期ID', '日期'], 'table_id': 'dim_date'}])
2026-01-21 11:21:45.952 | INFO     | request_id - 1abb4da6-6935-4ac4-8b6e-663a1cc2560a | app.agent.nodes.merge_retrieved_info:merge_retrieved_info:80 - merge retrieved info: metric_infos:
- alias:
  - "\u6210\u4EA4\u603B\u989D"
  - "\u8BA2\u5355\u603B\u989D"
  description: "\u5168\u79F0Gross Merchandise Value\uFF0C\u8868\u793A\u6240\u6709\u8BA2\
    \u5355\u7684\u6210\u4EA4\u91D1\u989D\u603B\u548C\u3002"
  name: GMV
- alias:
  - "\u5E73\u5747\u5355\u4EF7"
  - "\u5E73\u5747\u8BA2\u5355\u91D1\u989D"
  description: "\u5168\u79F0Average Order Value\uFF0C\u8868\u793A\u6240\u6709\u8BA2\
    \u5355\u7684\u6210\u4EA4\u91D1\u989D\u5E73\u5747\u503C\u3002"
  name: AOV
table_infos:
- columns:
  - alias:
    - "\u9500\u552E\u989D"
    - "\u8BA2\u5355\u91D1\u989D"
    - "\u6536\u5165"
    description: "\u8BA2\u5355\u91D1\u989D\u3002"
    examples:
    - 8999.0
    - 6999.0
    - 125.0
    - 899.0
    - 60.0
    - 1399.0
    - 40.0
    - 299.0
    - 200.0
    - 9499.0
    name: order_amount
    role: measure
    type: float
  - alias:
    - "\u9500\u91CF"
    - "\u8D2D\u4E70\u6570\u91CF"
    - "\u4EF6\u6570"
    description: "\u8BA2\u5355\u4E2D\u5546\u54C1\u7684\u8D2D\u4E70\u6570\u91CF\u3002"
    examples:
    - 1
    - 5
    - 12
    - 8
    - 2
    - 10
    - 3
    - 6
    - 25
    - 4
    name: order_quantity
    role: measure
    type: int
  - alias:
    - "\u65E5\u671F"
    - "\u4E0B\u5355\u65E5\u671F"
    description: "\u5173\u8054\u65F6\u95F4\u7EF4\u5EA6\u7684\u5916\u952E\u3002"
    examples:
    - 20250101
    - 20250102
    - 20250103
    - 20250104
    - 20250105
    - 20250106
    - 20250107
    - 20250108
    - 20250109
    - 20250110
    name: date_id
    role: foreign_key
    type: int
  - alias:
    - "\u5BA2\u6237ID"
    - "\u7528\u6237ID"
    description: "\u5173\u8054\u5BA2\u6237\u7EF4\u5EA6\u7684\u5916\u952E\u3002"
    examples:
    - C001
    - C005
    - C003
    - C008
    - C012
    - C015
    - C002
    - C007
    - C010
    - C019
    name: customer_id
    role: foreign_key
    type: varchar(20)
  - alias:
    - "\u8BA2\u5355ID"
    description: "\u8BA2\u5355\u552F\u4E00\u6807\u8BC6\u3002"
    examples:
    - ORD20250101001
    - ORD20250101002
    - ORD20250102001
    - ORD20250102002
    - ORD20250103001
    - ORD20250103002
    - ORD20250104001
    - ORD20250105001
    - ORD20250105002
    - ORD20250106001
    name: order_id
    role: primary_key
    type: varchar(30)
  - alias:
    - "\u5546\u54C1ID"
    - "\u4EA7\u54C1ID"
    description: "\u5173\u8054\u5546\u54C1\u7EF4\u5EA6\u7684\u5916\u952E\u3002"
    examples:
    - P001
    - P003
    - P010
    - P006
    - P011
    - P014
    - P012
    - P008
    - P002
    - P013
    name: product_id
    role: foreign_key
    type: varchar(20)
  - alias:
    - "\u5730\u533AID"
    - "\u533A\u57DFID"
    description: "\u5173\u8054\u5730\u533A\u7EF4\u5EA6\u7684\u5916\u952E\u3002"
    examples:
    - R001
    - R005
    - R002
    - R004
    - R003
    - R006
    name: region_id
    role: foreign_key
    type: varchar(20)
  description: "\u8BA2\u5355\u4E8B\u5B9E\u8868\uFF0C\u8BB0\u5F55\u8BA2\u5355\u6570\
    \u91CF\u548C\u91D1\u989D\u7B49\u6838\u5FC3\u6307\u6807\u3002"
  name: fact_order
  role: fact
- columns:
  - alias:
    - "\u5546\u54C1\u7C7B\u522B"
    - "\u54C1\u7C7B"
    - "\u5206\u7C7B"
    description: "\u5546\u54C1\u6240\u5C5E\u54C1\u7C7B\u3002"
    examples:
    - "\u624B\u673A\u6570\u7801"
    - "\u5BB6\u7528\u7535\u5668"
    - "\u978B\u9774"
    - "\u670D\u9970"
    - "\u98DF\u54C1\u996E\u6599"
    - "\u4F11\u95F2\u96F6\u98DF"
    name: category
    role: dimension
    type: varchar(50)
  - alias:
    - "\u5546\u54C1\u540D\u79F0"
    - "\u4EA7\u54C1\u540D\u79F0"
    description: "\u5546\u54C1\u540D\u79F0\u3002"
    examples:
    - iPhone 15 Pro
    - Galaxy S24 Ultra
    - Mate 60 Pro
    - "\u6234\u68EE V15 \u5438\u5C18\u5668"
    - "\u7F8E\u7684\u7A7A\u8C03 KFR-35GW"
    - "\u8010\u514B Air Max 270 \u8FD0\u52A8\u978B"
    - "\u963F\u8FEA\u8FBE\u65AF Ultraboost \u8DD1\u978B"
    - "\u4F18\u8863\u5E93 Heattech \u4FDD\u6696\u5939\u514B"
    - "\u674E\u7EF4\u65AF 501 \u725B\u4ED4\u88E4"
    - "\u96C0\u5DE2\u91D1\u724C\u901F\u6EB6\u5496\u5561"
    name: product_name
    role: dimension
    type: varchar(200)
  - alias:
    - "\u5546\u54C1ID"
    - "\u4EA7\u54C1ID"
    description: "\u5546\u54C1\u552F\u4E00\u6807\u8BC6\u3002"
    examples:
    - P001
    - P002
    - P003
    - P004
    - P005
    - P006
    - P007
    - P008
    - P009
    - P010
    name: product_id
    role: primary_key
    type: varchar(20)
  description: "\u5546\u54C1\u7EF4\u5EA6\u8868\uFF0C\u63CF\u8FF0\u5546\u54C1\u7684\
    \u57FA\u672C\u5C5E\u6027\u4FE1\u606F\u3002"
  name: dim_product
  role: dim
- columns:
  - alias:
    - "\u65E5\u671FID"
    - "\u65E5\u671F"
    description: "\u65E5\u671F\u552F\u4E00\u6807\u8BC6\uFF0C\u683C\u5F0F yyyyMMdd\u3002"
    examples:
    - 20250101
    - 20250102
    - 20250103
    - 20250104
    - 20250105
    - 20250106
    - 20250107
    - 20250108
    - 20250109
    - 20250110
    name: date_id
    role: primary_key
    type: int
  description: "\u65F6\u95F4\u7EF4\u5EA6\u8868\uFF0C\u7528\u4E8E\u591A\u65F6\u95F4\
    \u7C92\u5EA6\u5206\u6790\u3002"
  name: dim_date
  role: dim

2026-01-21 11:21:47.464 | INFO     | request_id - 1abb4da6-6935-4ac4-8b6e-663a1cc2560a | app.agent.nodes.filter_metric_info:filter_metric_info:28 - 指标筛选结果: [{'name': 'GMV', 'description': '全称Gross Merchandise Value，表示所有订单的成交金额总和。', 'alias': ['成交总额', '订单总额']}]
2026-01-21 11:21:48.237 | INFO     | request_id - 1abb4da6-6935-4ac4-8b6e-663a1cc2560a | app.agent.nodes.filter_table_info:filter_table_info:32 - 表格筛选结果: {'fact_order': ['order_amount', 'date_id', 'product_id'], 'dim_product': ['category', 'product_id'], 'dim_date': ['date_id']}
2026-01-21 11:21:48.264 | INFO     | request_id - 1abb4da6-6935-4ac4-8b6e-663a1cc2560a | app.agent.nodes.add_context:add_context:23 - 添加上下文信息-date_info:{'date': '2026-01-21', 'weekday': 'Wednesday', 'quarter': 'Q1'},db_info:{'dialect': 'mysql', 'version': '8.0.44'}
2026-01-21 11:21:51.929 | INFO     | request_id - 1abb4da6-6935-4ac4-8b6e-663a1cc2560a | app.agent.nodes.generate_sql:generate_sql:32 - 生成SQL: ```sql
SELECT 
    dp.category AS 分类,
    SUM(fo.order_amount) AS 销售总额
FROM fact_order fo
JOIN dim_product dp ON fo.product_id = dp.product_id
JOIN dim_date dd ON fo.date_id = dd.date_id
WHERE dd.date_id >= 20250101 AND dd.date_id < 20260101
GROUP BY dp.category
ORDER BY 销售总额 DESC;
```
2026-01-21 11:21:51.933 | ERROR    | request_id - 1abb4da6-6935-4ac4-8b6e-663a1cc2560a | app.agent.nodes.validate_sql:validate_sql:17 - (asyncmy.errors.ProgrammingError) (1103, "Incorrect table name '`sql\nSELECT \n    dp.category AS 分类,\n    SUM(fo.order_amount) AS 销售总额\nFROM fact_order fo\n'")
[SQL: explain ```sql
SELECT 
    dp.category AS 分类,
    SUM(fo.order_amount) AS 销售总额
FROM fact_order fo
JOIN dim_product dp ON fo.product_id = dp.product_id
JOIN dim_date dd ON fo.date_id = dd.date_id
WHERE dd.date_id >= 20250101 AND dd.date_id < 20260101
GROUP BY dp.category
ORDER BY 销售总额 DESC;
```]
(Background on this error at: https://sqlalche.me/e/20/f405)
2026-01-21 11:21:51.938 | INFO     | request_id - 1abb4da6-6935-4ac4-8b6e-663a1cc2560a | app.agent.nodes.execute_sql:execute_sql:17 - SQL执行结果: {'status': False, 'message': '(asyncmy.errors.ProgrammingError) (1064, "You have an error in your SQL syntax; check the manual that corresponds to your MySQL server version for the right syntax to use near \'```sql\\nSELECT \\n    dp.category AS 分类,\\n    SUM(fo.order_amount) AS 销售总é\' at line 1")\n[SQL: ```sql\nSELECT \n    dp.category AS 分类,\n    SUM(fo.order_amount) AS 销售总额\nFROM fact_order fo\nJOIN dim_product dp ON fo.product_id = dp.product_id\nJOIN dim_date dd ON fo.date_id = dd.date_id\nWHERE dd.date_id >= 20250101 AND dd.date_id < 20260101\nGROUP BY dp.category\nORDER BY 销售总额 DESC;\n```]\n(Background on this error at: https://sqlalche.me/e/20/f405)'}
2026-01-21 11:21:51.938 | ERROR    | request_id - 1abb4da6-6935-4ac4-8b6e-663a1cc2560a | app.agent.nodes.execute_sql:execute_sql:19 - (asyncmy.errors.ProgrammingError) (1064, "You have an error in your SQL syntax; check the manual that corresponds to your MySQL server version for the right syntax to use near '```sql\nSELECT \n    dp.category AS 分类,\n    SUM(fo.order_amount) AS 销售总é' at line 1")
[SQL: ```sql
SELECT 
    dp.category AS 分类,
    SUM(fo.order_amount) AS 销售总额
FROM fact_order fo
JOIN dim_product dp ON fo.product_id = dp.product_id
JOIN dim_date dd ON fo.date_id = dd.date_id
WHERE dd.date_id >= 20250101 AND dd.date_id < 20260101
GROUP BY dp.category
ORDER BY 销售总额 DESC;
```]
(Background on this error at: https://sqlalche.me/e/20/f405)
2026-01-21 11:21:55.767 | INFO     | request_id - 1abb4da6-6935-4ac4-8b6e-663a1cc2560a | app.agent.nodes.correct_sql:correct_sql:34 - 校正SQL结果：SELECT 
    dp.category AS 分类,
    SUM(fo.order_amount) AS 销售总额
FROM fact_order fo
JOIN dim_product dp ON fo.product_id = dp.product_id
JOIN dim_date dd ON fo.date_id = dd.date_id
WHERE dd.date_id >= 20250101 AND dd.date_id < 20260101
GROUP BY dp.category
ORDER BY 销售总额 DESC;
2026-01-21 11:23:41.590 | INFO     | request_id - 654af7d8-a5a3-43c0-8a8e-faa8174acf8d | app.agent.nodes.extract_keywords:extract_keywords:43 - 关键词提取: ['统计', '商品', '分类', '销售总额', '统计一去年各分类商品的销售总额']
2026-01-21 11:23:45.226 | INFO     | request_id - 654af7d8-a5a3-43c0-8a8e-faa8174acf8d | app.agent.nodes.metric_recall:metric_recall:40 - recall metrics: dict_values([{'id': 'GMV', 'name': 'GMV', 'description': '全称Gross Merchandise Value，表示所有订单的成交金额总和。', 'relevant_columns': ['fact_order.order_amount'], 'alias': ['成交总额', '订单总额']}, {'id': 'AOV', 'name': 'AOV', 'description': '全称Average Order Value，表示所有订单的成交金额平均值。', 'relevant_columns': ['fact_order.order_quantity'], 'alias': ['平均单价', '平均订单金额']}])
2026-01-21 11:23:45.758 | INFO     | request_id - 654af7d8-a5a3-43c0-8a8e-faa8174acf8d | app.agent.nodes.value_recall:value_recall:36 - 召回字段值：dict_values([])
2026-01-21 11:23:46.249 | INFO     | request_id - 654af7d8-a5a3-43c0-8a8e-faa8174acf8d | app.agent.nodes.column_recall:column_recall:44 - 召回列信息: dict_values([{'id': 'fact_order.date_id', 'name': 'date_id', 'type': 'int', 'role': 'foreign_key', 'examples': [20250101, 20250102, 20250103, 20250104, 20250105, 20250106, 20250107, 20250108, 20250109, 20250110], 'description': '关联时间维度的外键。', 'alias': ['日期', '下单日期'], 'table_id': 'fact_order'}, {'id': 'dim_date.date_id', 'name': 'date_id', 'type': 'int', 'role': 'primary_key', 'examples': [20250101, 20250102, 20250103, 20250104, 20250105, 20250106, 20250107, 20250108, 20250109, 20250110], 'description': '日期唯一标识，格式 yyyyMMdd。', 'alias': ['日期ID', '日期'], 'table_id': 'dim_date'}, {'id': 'fact_order.order_amount', 'name': 'order_amount', 'type': 'float', 'role': 'measure', 'examples': [8999.0, 6999.0, 125.0, 899.0, 60.0, 1399.0, 40.0, 299.0, 200.0, 9499.0], 'description': '订单金额。', 'alias': ['销售额', '订单金额', '收入'], 'table_id': 'fact_order'}, {'id': 'fact_order.order_quantity', 'name': 'order_quantity', 'type': 'int', 'role': 'measure', 'examples': [1, 5, 12, 8, 2, 10, 3, 6, 25, 4], 'description': '订单中商品的购买数量。', 'alias': ['销量', '购买数量', '件数'], 'table_id': 'fact_order'}, {'id': 'dim_product.category', 'name': 'category', 'type': 'varchar(50)', 'role': 'dimension', 'examples': ['手机数码', '家用电器', '鞋靴', '服饰', '食品饮料', '休闲零食'], 'description': '商品所属品类。', 'alias': ['商品类别', '品类', '分类'], 'table_id': 'dim_product'}, {'id': 'dim_product.product_name', 'name': 'product_name', 'type': 'varchar(200)', 'role': 'dimension', 'examples': ['iPhone 15 Pro', 'Galaxy S24 Ultra', 'Mate 60 Pro', '戴森 V15 吸尘器', '美的空调 KFR-35GW', '耐克 Air Max 270 运动鞋', '阿迪达斯 Ultraboost 跑鞋', '优衣库 Heattech 保暖夹克', '李维斯 501 牛仔裤', '雀巢金牌速溶咖啡'], 'description': '商品名称。', 'alias': ['商品名称', '产品名称'], 'table_id': 'dim_product'}, {'id': 'dim_product.brand', 'name': 'brand', 'type': 'varchar(50)', 'role': 'dimension', 'examples': ['苹果', '三星', '华为', '戴森', '美的', '耐克', '阿迪达斯', '优衣库', '李维斯', '雀巢'], 'description': '商品品牌名称。', 'alias': ['品牌', '品牌名称'], 'table_id': 'dim_product'}])
2026-01-21 11:23:46.300 | INFO     | request_id - 654af7d8-a5a3-43c0-8a8e-faa8174acf8d | app.agent.nodes.merge_retrieved_info:merge_retrieved_info:80 - merge retrieved info: metric_infos:
- alias:
  - "\u6210\u4EA4\u603B\u989D"
  - "\u8BA2\u5355\u603B\u989D"
  description: "\u5168\u79F0Gross Merchandise Value\uFF0C\u8868\u793A\u6240\u6709\u8BA2\
    \u5355\u7684\u6210\u4EA4\u91D1\u989D\u603B\u548C\u3002"
  name: GMV
- alias:
  - "\u5E73\u5747\u5355\u4EF7"
  - "\u5E73\u5747\u8BA2\u5355\u91D1\u989D"
  description: "\u5168\u79F0Average Order Value\uFF0C\u8868\u793A\u6240\u6709\u8BA2\
    \u5355\u7684\u6210\u4EA4\u91D1\u989D\u5E73\u5747\u503C\u3002"
  name: AOV
table_infos:
- columns:
  - alias:
    - "\u65E5\u671F"
    - "\u4E0B\u5355\u65E5\u671F"
    description: "\u5173\u8054\u65F6\u95F4\u7EF4\u5EA6\u7684\u5916\u952E\u3002"
    examples:
    - 20250101
    - 20250102
    - 20250103
    - 20250104
    - 20250105
    - 20250106
    - 20250107
    - 20250108
    - 20250109
    - 20250110
    name: date_id
    role: foreign_key
    type: int
  - alias:
    - "\u9500\u552E\u989D"
    - "\u8BA2\u5355\u91D1\u989D"
    - "\u6536\u5165"
    description: "\u8BA2\u5355\u91D1\u989D\u3002"
    examples:
    - 8999.0
    - 6999.0
    - 125.0
    - 899.0
    - 60.0
    - 1399.0
    - 40.0
    - 299.0
    - 200.0
    - 9499.0
    name: order_amount
    role: measure
    type: float
  - alias:
    - "\u9500\u91CF"
    - "\u8D2D\u4E70\u6570\u91CF"
    - "\u4EF6\u6570"
    description: "\u8BA2\u5355\u4E2D\u5546\u54C1\u7684\u8D2D\u4E70\u6570\u91CF\u3002"
    examples:
    - 1
    - 5
    - 12
    - 8
    - 2
    - 10
    - 3
    - 6
    - 25
    - 4
    name: order_quantity
    role: measure
    type: int
  - alias:
    - "\u5BA2\u6237ID"
    - "\u7528\u6237ID"
    description: "\u5173\u8054\u5BA2\u6237\u7EF4\u5EA6\u7684\u5916\u952E\u3002"
    examples:
    - C001
    - C005
    - C003
    - C008
    - C012
    - C015
    - C002
    - C007
    - C010
    - C019
    name: customer_id
    role: foreign_key
    type: varchar(20)
  - alias:
    - "\u8BA2\u5355ID"
    description: "\u8BA2\u5355\u552F\u4E00\u6807\u8BC6\u3002"
    examples:
    - ORD20250101001
    - ORD20250101002
    - ORD20250102001
    - ORD20250102002
    - ORD20250103001
    - ORD20250103002
    - ORD20250104001
    - ORD20250105001
    - ORD20250105002
    - ORD20250106001
    name: order_id
    role: primary_key
    type: varchar(30)
  - alias:
    - "\u5546\u54C1ID"
    - "\u4EA7\u54C1ID"
    description: "\u5173\u8054\u5546\u54C1\u7EF4\u5EA6\u7684\u5916\u952E\u3002"
    examples:
    - P001
    - P003
    - P010
    - P006
    - P011
    - P014
    - P012
    - P008
    - P002
    - P013
    name: product_id
    role: foreign_key
    type: varchar(20)
  - alias:
    - "\u5730\u533AID"
    - "\u533A\u57DFID"
    description: "\u5173\u8054\u5730\u533A\u7EF4\u5EA6\u7684\u5916\u952E\u3002"
    examples:
    - R001
    - R005
    - R002
    - R004
    - R003
    - R006
    name: region_id
    role: foreign_key
    type: varchar(20)
  description: "\u8BA2\u5355\u4E8B\u5B9E\u8868\uFF0C\u8BB0\u5F55\u8BA2\u5355\u6570\
    \u91CF\u548C\u91D1\u989D\u7B49\u6838\u5FC3\u6307\u6807\u3002"
  name: fact_order
  role: fact
- columns:
  - alias:
    - "\u65E5\u671FID"
    - "\u65E5\u671F"
    description: "\u65E5\u671F\u552F\u4E00\u6807\u8BC6\uFF0C\u683C\u5F0F yyyyMMdd\u3002"
    examples:
    - 20250101
    - 20250102
    - 20250103
    - 20250104
    - 20250105
    - 20250106
    - 20250107
    - 20250108
    - 20250109
    - 20250110
    name: date_id
    role: primary_key
    type: int
  description: "\u65F6\u95F4\u7EF4\u5EA6\u8868\uFF0C\u7528\u4E8E\u591A\u65F6\u95F4\
    \u7C92\u5EA6\u5206\u6790\u3002"
  name: dim_date
  role: dim
- columns:
  - alias:
    - "\u5546\u54C1\u7C7B\u522B"
    - "\u54C1\u7C7B"
    - "\u5206\u7C7B"
    description: "\u5546\u54C1\u6240\u5C5E\u54C1\u7C7B\u3002"
    examples:
    - "\u624B\u673A\u6570\u7801"
    - "\u5BB6\u7528\u7535\u5668"
    - "\u978B\u9774"
    - "\u670D\u9970"
    - "\u98DF\u54C1\u996E\u6599"
    - "\u4F11\u95F2\u96F6\u98DF"
    name: category
    role: dimension
    type: varchar(50)
  - alias:
    - "\u5546\u54C1\u540D\u79F0"
    - "\u4EA7\u54C1\u540D\u79F0"
    description: "\u5546\u54C1\u540D\u79F0\u3002"
    examples:
    - iPhone 15 Pro
    - Galaxy S24 Ultra
    - Mate 60 Pro
    - "\u6234\u68EE V15 \u5438\u5C18\u5668"
    - "\u7F8E\u7684\u7A7A\u8C03 KFR-35GW"
    - "\u8010\u514B Air Max 270 \u8FD0\u52A8\u978B"
    - "\u963F\u8FEA\u8FBE\u65AF Ultraboost \u8DD1\u978B"
    - "\u4F18\u8863\u5E93 Heattech \u4FDD\u6696\u5939\u514B"
    - "\u674E\u7EF4\u65AF 501 \u725B\u4ED4\u88E4"
    - "\u96C0\u5DE2\u91D1\u724C\u901F\u6EB6\u5496\u5561"
    name: product_name
    role: dimension
    type: varchar(200)
  - alias:
    - "\u54C1\u724C"
    - "\u54C1\u724C\u540D\u79F0"
    description: "\u5546\u54C1\u54C1\u724C\u540D\u79F0\u3002"
    examples:
    - "\u82F9\u679C"
    - "\u4E09\u661F"
    - "\u534E\u4E3A"
    - "\u6234\u68EE"
    - "\u7F8E\u7684"
    - "\u8010\u514B"
    - "\u963F\u8FEA\u8FBE\u65AF"
    - "\u4F18\u8863\u5E93"
    - "\u674E\u7EF4\u65AF"
    - "\u96C0\u5DE2"
    name: brand
    role: dimension
    type: varchar(50)
  - alias:
    - "\u5546\u54C1ID"
    - "\u4EA7\u54C1ID"
    description: "\u5546\u54C1\u552F\u4E00\u6807\u8BC6\u3002"
    examples:
    - P001
    - P002
    - P003
    - P004
    - P005
    - P006
    - P007
    - P008
    - P009
    - P010
    name: product_id
    role: primary_key
    type: varchar(20)
  description: "\u5546\u54C1\u7EF4\u5EA6\u8868\uFF0C\u63CF\u8FF0\u5546\u54C1\u7684\
    \u57FA\u672C\u5C5E\u6027\u4FE1\u606F\u3002"
  name: dim_product
  role: dim

2026-01-21 11:23:47.405 | INFO     | request_id - 654af7d8-a5a3-43c0-8a8e-faa8174acf8d | app.agent.nodes.filter_metric_info:filter_metric_info:28 - 指标筛选结果: [{'name': 'GMV', 'description': '全称Gross Merchandise Value，表示所有订单的成交金额总和。', 'alias': ['成交总额', '订单总额']}]
2026-01-21 11:23:48.380 | INFO     | request_id - 654af7d8-a5a3-43c0-8a8e-faa8174acf8d | app.agent.nodes.filter_table_info:filter_table_info:32 - 表格筛选结果: {'fact_order': ['date_id', 'order_amount', 'product_id'], 'dim_date': ['date_id'], 'dim_product': ['product_id', 'category']}
2026-01-21 11:23:48.412 | INFO     | request_id - 654af7d8-a5a3-43c0-8a8e-faa8174acf8d | app.agent.nodes.add_context:add_context:23 - 添加上下文信息-date_info:{'date': '2026-01-21', 'weekday': 'Wednesday', 'quarter': 'Q1'},db_info:{'dialect': 'mysql', 'version': '8.0.44'}
2026-01-21 11:23:52.183 | INFO     | request_id - 654af7d8-a5a3-43c0-8a8e-faa8174acf8d | app.agent.nodes.generate_sql:generate_sql:32 - 生成SQL: ```sql
SELECT 
    p.category AS 商品分类,
    SUM(o.order_amount) AS 销售总额
FROM fact_order o
JOIN dim_product p ON o.product_id = p.product_id
JOIN dim_date d ON o.date_id = d.date_id
WHERE d.date_id >= 20250101 AND d.date_id < 20260101
GROUP BY p.category
ORDER BY 销售总额 DESC;
```
2026-01-21 11:23:52.187 | ERROR    | request_id - 654af7d8-a5a3-43c0-8a8e-faa8174acf8d | app.agent.nodes.validate_sql:validate_sql:17 - (asyncmy.errors.ProgrammingError) (1103, "Incorrect table name '`sql\nSELECT \n    p.category AS 商品分类,\n    SUM(o.order_amount) AS 销售总额\nFROM fact_order'")
[SQL: explain ```sql
SELECT 
    p.category AS 商品分类,
    SUM(o.order_amount) AS 销售总额
FROM fact_order o
JOIN dim_product p ON o.product_id = p.product_id
JOIN dim_date d ON o.date_id = d.date_id
WHERE d.date_id >= 20250101 AND d.date_id < 20260101
GROUP BY p.category
ORDER BY 销售总额 DESC;
```]
(Background on this error at: https://sqlalche.me/e/20/f405)
2026-01-21 11:23:52.192 | INFO     | request_id - 654af7d8-a5a3-43c0-8a8e-faa8174acf8d | app.agent.nodes.execute_sql:execute_sql:17 - SQL执行结果: {'status': False, 'message': '(asyncmy.errors.ProgrammingError) (1064, "You have an error in your SQL syntax; check the manual that corresponds to your MySQL server version for the right syntax to use near \'```sql\\nSELECT \\n    p.category AS 商品分类,\\n    SUM(o.order_amount) AS 销售\' at line 1")\n[SQL: ```sql\nSELECT \n    p.category AS 商品分类,\n    SUM(o.order_amount) AS 销售总额\nFROM fact_order o\nJOIN dim_product p ON o.product_id = p.product_id\nJOIN dim_date d ON o.date_id = d.date_id\nWHERE d.date_id >= 20250101 AND d.date_id < 20260101\nGROUP BY p.category\nORDER BY 销售总额 DESC;\n```]\n(Background on this error at: https://sqlalche.me/e/20/f405)'}
2026-01-21 11:23:52.193 | ERROR    | request_id - 654af7d8-a5a3-43c0-8a8e-faa8174acf8d | app.agent.nodes.execute_sql:execute_sql:19 - (asyncmy.errors.ProgrammingError) (1064, "You have an error in your SQL syntax; check the manual that corresponds to your MySQL server version for the right syntax to use near '```sql\nSELECT \n    p.category AS 商品分类,\n    SUM(o.order_amount) AS 销售' at line 1")
[SQL: ```sql
SELECT 
    p.category AS 商品分类,
    SUM(o.order_amount) AS 销售总额
FROM fact_order o
JOIN dim_product p ON o.product_id = p.product_id
JOIN dim_date d ON o.date_id = d.date_id
WHERE d.date_id >= 20250101 AND d.date_id < 20260101
GROUP BY p.category
ORDER BY 销售总额 DESC;
```]
(Background on this error at: https://sqlalche.me/e/20/f405)
2026-01-21 11:23:55.621 | INFO     | request_id - 654af7d8-a5a3-43c0-8a8e-faa8174acf8d | app.agent.nodes.correct_sql:correct_sql:34 - 校正SQL结果：SELECT 
    p.category AS 商品分类,
    SUM(o.order_amount) AS 销售总额
FROM fact_order o
JOIN dim_product p ON o.product_id = p.product_id
JOIN dim_date d ON o.date_id = d.date_id
WHERE d.date_id >= 20250101 AND d.date_id < 20260101
GROUP BY p.category
ORDER BY 销售总额 DESC;
2026-01-21 11:28:41.784 | INFO     | request_id - 4234b069-cc2d-4036-9fee-8a0416445f20 | app.agent.nodes.extract_keywords:extract_keywords:43 - 关键词提取: ['商品', '统计', '统计一去年各分类商品的销售总额', '分类', '销售总额']
2026-01-21 11:28:45.556 | INFO     | request_id - 4234b069-cc2d-4036-9fee-8a0416445f20 | app.agent.nodes.metric_recall:metric_recall:40 - recall metrics: dict_values([{'id': 'GMV', 'name': 'GMV', 'description': '全称Gross Merchandise Value，表示所有订单的成交金额总和。', 'relevant_columns': ['fact_order.order_amount'], 'alias': ['成交总额', '订单总额']}, {'id': 'AOV', 'name': 'AOV', 'description': '全称Average Order Value，表示所有订单的成交金额平均值。', 'relevant_columns': ['fact_order.order_quantity'], 'alias': ['平均单价', '平均订单金额']}])
2026-01-21 11:28:45.732 | INFO     | request_id - 4234b069-cc2d-4036-9fee-8a0416445f20 | app.agent.nodes.value_recall:value_recall:36 - 召回字段值：dict_values([])
2026-01-21 11:28:46.547 | INFO     | request_id - 4234b069-cc2d-4036-9fee-8a0416445f20 | app.agent.nodes.column_recall:column_recall:44 - 召回列信息: dict_values([{'id': 'dim_product.category', 'name': 'category', 'type': 'varchar(50)', 'role': 'dimension', 'examples': ['手机数码', '家用电器', '鞋靴', '服饰', '食品饮料', '休闲零食'], 'description': '商品所属品类。', 'alias': ['商品类别', '品类', '分类'], 'table_id': 'dim_product'}, {'id': 'dim_product.product_name', 'name': 'product_name', 'type': 'varchar(200)', 'role': 'dimension', 'examples': ['iPhone 15 Pro', 'Galaxy S24 Ultra', 'Mate 60 Pro', '戴森 V15 吸尘器', '美的空调 KFR-35GW', '耐克 Air Max 270 运动鞋', '阿迪达斯 Ultraboost 跑鞋', '优衣库 Heattech 保暖夹克', '李维斯 501 牛仔裤', '雀巢金牌速溶咖啡'], 'description': '商品名称。', 'alias': ['商品名称', '产品名称'], 'table_id': 'dim_product'}, {'id': 'dim_product.brand', 'name': 'brand', 'type': 'varchar(50)', 'role': 'dimension', 'examples': ['苹果', '三星', '华为', '戴森', '美的', '耐克', '阿迪达斯', '优衣库', '李维斯', '雀巢'], 'description': '商品品牌名称。', 'alias': ['品牌', '品牌名称'], 'table_id': 'dim_product'}, {'id': 'fact_order.order_quantity', 'name': 'order_quantity', 'type': 'int', 'role': 'measure', 'examples': [1, 5, 12, 8, 2, 10, 3, 6, 25, 4], 'description': '订单中商品的购买数量。', 'alias': ['销量', '购买数量', '件数'], 'table_id': 'fact_order'}, {'id': 'fact_order.order_amount', 'name': 'order_amount', 'type': 'float', 'role': 'measure', 'examples': [8999.0, 6999.0, 125.0, 899.0, 60.0, 1399.0, 40.0, 299.0, 200.0, 9499.0], 'description': '订单金额。', 'alias': ['销售额', '订单金额', '收入'], 'table_id': 'fact_order'}, {'id': 'fact_order.date_id', 'name': 'date_id', 'type': 'int', 'role': 'foreign_key', 'examples': [20250101, 20250102, 20250103, 20250104, 20250105, 20250106, 20250107, 20250108, 20250109, 20250110], 'description': '关联时间维度的外键。', 'alias': ['日期', '下单日期'], 'table_id': 'fact_order'}, {'id': 'dim_date.date_id', 'name': 'date_id', 'type': 'int', 'role': 'primary_key', 'examples': [20250101, 20250102, 20250103, 20250104, 20250105, 20250106, 20250107, 20250108, 20250109, 20250110], 'description': '日期唯一标识，格式 yyyyMMdd。', 'alias': ['日期ID', '日期'], 'table_id': 'dim_date'}])
2026-01-21 11:28:46.595 | INFO     | request_id - 4234b069-cc2d-4036-9fee-8a0416445f20 | app.agent.nodes.merge_retrieved_info:merge_retrieved_info:80 - merge retrieved info: metric_infos:
- alias:
  - "\u6210\u4EA4\u603B\u989D"
  - "\u8BA2\u5355\u603B\u989D"
  description: "\u5168\u79F0Gross Merchandise Value\uFF0C\u8868\u793A\u6240\u6709\u8BA2\
    \u5355\u7684\u6210\u4EA4\u91D1\u989D\u603B\u548C\u3002"
  name: GMV
- alias:
  - "\u5E73\u5747\u5355\u4EF7"
  - "\u5E73\u5747\u8BA2\u5355\u91D1\u989D"
  description: "\u5168\u79F0Average Order Value\uFF0C\u8868\u793A\u6240\u6709\u8BA2\
    \u5355\u7684\u6210\u4EA4\u91D1\u989D\u5E73\u5747\u503C\u3002"
  name: AOV
table_infos:
- columns:
  - alias:
    - "\u5546\u54C1\u7C7B\u522B"
    - "\u54C1\u7C7B"
    - "\u5206\u7C7B"
    description: "\u5546\u54C1\u6240\u5C5E\u54C1\u7C7B\u3002"
    examples:
    - "\u624B\u673A\u6570\u7801"
    - "\u5BB6\u7528\u7535\u5668"
    - "\u978B\u9774"
    - "\u670D\u9970"
    - "\u98DF\u54C1\u996E\u6599"
    - "\u4F11\u95F2\u96F6\u98DF"
    name: category
    role: dimension
    type: varchar(50)
  - alias:
    - "\u5546\u54C1\u540D\u79F0"
    - "\u4EA7\u54C1\u540D\u79F0"
    description: "\u5546\u54C1\u540D\u79F0\u3002"
    examples:
    - iPhone 15 Pro
    - Galaxy S24 Ultra
    - Mate 60 Pro
    - "\u6234\u68EE V15 \u5438\u5C18\u5668"
    - "\u7F8E\u7684\u7A7A\u8C03 KFR-35GW"
    - "\u8010\u514B Air Max 270 \u8FD0\u52A8\u978B"
    - "\u963F\u8FEA\u8FBE\u65AF Ultraboost \u8DD1\u978B"
    - "\u4F18\u8863\u5E93 Heattech \u4FDD\u6696\u5939\u514B"
    - "\u674E\u7EF4\u65AF 501 \u725B\u4ED4\u88E4"
    - "\u96C0\u5DE2\u91D1\u724C\u901F\u6EB6\u5496\u5561"
    name: product_name
    role: dimension
    type: varchar(200)
  - alias:
    - "\u54C1\u724C"
    - "\u54C1\u724C\u540D\u79F0"
    description: "\u5546\u54C1\u54C1\u724C\u540D\u79F0\u3002"
    examples:
    - "\u82F9\u679C"
    - "\u4E09\u661F"
    - "\u534E\u4E3A"
    - "\u6234\u68EE"
    - "\u7F8E\u7684"
    - "\u8010\u514B"
    - "\u963F\u8FEA\u8FBE\u65AF"
    - "\u4F18\u8863\u5E93"
    - "\u674E\u7EF4\u65AF"
    - "\u96C0\u5DE2"
    name: brand
    role: dimension
    type: varchar(50)
  - alias:
    - "\u5546\u54C1ID"
    - "\u4EA7\u54C1ID"
    description: "\u5546\u54C1\u552F\u4E00\u6807\u8BC6\u3002"
    examples:
    - P001
    - P002
    - P003
    - P004
    - P005
    - P006
    - P007
    - P008
    - P009
    - P010
    name: product_id
    role: primary_key
    type: varchar(20)
  description: "\u5546\u54C1\u7EF4\u5EA6\u8868\uFF0C\u63CF\u8FF0\u5546\u54C1\u7684\
    \u57FA\u672C\u5C5E\u6027\u4FE1\u606F\u3002"
  name: dim_product
  role: dim
- columns:
  - alias:
    - "\u9500\u91CF"
    - "\u8D2D\u4E70\u6570\u91CF"
    - "\u4EF6\u6570"
    description: "\u8BA2\u5355\u4E2D\u5546\u54C1\u7684\u8D2D\u4E70\u6570\u91CF\u3002"
    examples:
    - 1
    - 5
    - 12
    - 8
    - 2
    - 10
    - 3
    - 6
    - 25
    - 4
    name: order_quantity
    role: measure
    type: int
  - alias:
    - "\u9500\u552E\u989D"
    - "\u8BA2\u5355\u91D1\u989D"
    - "\u6536\u5165"
    description: "\u8BA2\u5355\u91D1\u989D\u3002"
    examples:
    - 8999.0
    - 6999.0
    - 125.0
    - 899.0
    - 60.0
    - 1399.0
    - 40.0
    - 299.0
    - 200.0
    - 9499.0
    name: order_amount
    role: measure
    type: float
  - alias:
    - "\u65E5\u671F"
    - "\u4E0B\u5355\u65E5\u671F"
    description: "\u5173\u8054\u65F6\u95F4\u7EF4\u5EA6\u7684\u5916\u952E\u3002"
    examples:
    - 20250101
    - 20250102
    - 20250103
    - 20250104
    - 20250105
    - 20250106
    - 20250107
    - 20250108
    - 20250109
    - 20250110
    name: date_id
    role: foreign_key
    type: int
  - alias:
    - "\u5BA2\u6237ID"
    - "\u7528\u6237ID"
    description: "\u5173\u8054\u5BA2\u6237\u7EF4\u5EA6\u7684\u5916\u952E\u3002"
    examples:
    - C001
    - C005
    - C003
    - C008
    - C012
    - C015
    - C002
    - C007
    - C010
    - C019
    name: customer_id
    role: foreign_key
    type: varchar(20)
  - alias:
    - "\u8BA2\u5355ID"
    description: "\u8BA2\u5355\u552F\u4E00\u6807\u8BC6\u3002"
    examples:
    - ORD20250101001
    - ORD20250101002
    - ORD20250102001
    - ORD20250102002
    - ORD20250103001
    - ORD20250103002
    - ORD20250104001
    - ORD20250105001
    - ORD20250105002
    - ORD20250106001
    name: order_id
    role: primary_key
    type: varchar(30)
  - alias:
    - "\u5546\u54C1ID"
    - "\u4EA7\u54C1ID"
    description: "\u5173\u8054\u5546\u54C1\u7EF4\u5EA6\u7684\u5916\u952E\u3002"
    examples:
    - P001
    - P003
    - P010
    - P006
    - P011
    - P014
    - P012
    - P008
    - P002
    - P013
    name: product_id
    role: foreign_key
    type: varchar(20)
  - alias:
    - "\u5730\u533AID"
    - "\u533A\u57DFID"
    description: "\u5173\u8054\u5730\u533A\u7EF4\u5EA6\u7684\u5916\u952E\u3002"
    examples:
    - R001
    - R005
    - R002
    - R004
    - R003
    - R006
    name: region_id
    role: foreign_key
    type: varchar(20)
  description: "\u8BA2\u5355\u4E8B\u5B9E\u8868\uFF0C\u8BB0\u5F55\u8BA2\u5355\u6570\
    \u91CF\u548C\u91D1\u989D\u7B49\u6838\u5FC3\u6307\u6807\u3002"
  name: fact_order
  role: fact
- columns:
  - alias:
    - "\u65E5\u671FID"
    - "\u65E5\u671F"
    description: "\u65E5\u671F\u552F\u4E00\u6807\u8BC6\uFF0C\u683C\u5F0F yyyyMMdd\u3002"
    examples:
    - 20250101
    - 20250102
    - 20250103
    - 20250104
    - 20250105
    - 20250106
    - 20250107
    - 20250108
    - 20250109
    - 20250110
    name: date_id
    role: primary_key
    type: int
  description: "\u65F6\u95F4\u7EF4\u5EA6\u8868\uFF0C\u7528\u4E8E\u591A\u65F6\u95F4\
    \u7C92\u5EA6\u5206\u6790\u3002"
  name: dim_date
  role: dim

2026-01-21 11:28:47.820 | INFO     | request_id - 4234b069-cc2d-4036-9fee-8a0416445f20 | app.agent.nodes.filter_metric_info:filter_metric_info:28 - 指标筛选结果: [{'name': 'GMV', 'description': '全称Gross Merchandise Value，表示所有订单的成交金额总和。', 'alias': ['成交总额', '订单总额']}]
2026-01-21 11:28:48.763 | INFO     | request_id - 4234b069-cc2d-4036-9fee-8a0416445f20 | app.agent.nodes.filter_table_info:filter_table_info:32 - 表格筛选结果: {'dim_product': ['category', 'product_id'], 'fact_order': ['order_amount', 'date_id', 'product_id'], 'dim_date': ['date_id']}
2026-01-21 11:28:48.782 | INFO     | request_id - 4234b069-cc2d-4036-9fee-8a0416445f20 | app.agent.nodes.add_context:add_context:23 - 添加上下文信息-date_info:{'date': '2026-01-21', 'weekday': 'Wednesday', 'quarter': 'Q1'},db_info:{'dialect': 'mysql', 'version': '8.0.44'}
2026-01-21 11:28:52.566 | INFO     | request_id - 4234b069-cc2d-4036-9fee-8a0416445f20 | app.agent.nodes.generate_sql:generate_sql:32 - 生成SQL: ```sql
SELECT 
    dp.category AS 商品分类,
    SUM(fo.order_amount) AS 销售总额
FROM fact_order fo
JOIN dim_product dp ON fo.product_id = dp.product_id
JOIN dim_date dd ON fo.date_id = dd.date_id
WHERE dd.date_id >= 20250101 AND dd.date_id < 20260101
GROUP BY dp.category
ORDER BY 销售总额 DESC;
```
2026-01-21 11:28:52.569 | INFO     | request_id - 4234b069-cc2d-4036-9fee-8a0416445f20 | app.agent.nodes.validate_sql:validate_sql:16 - SQL验证结果: (asyncmy.errors.ProgrammingError) (1103, "Incorrect table name '`sql\nSELECT \n    dp.category AS 商品分类,\n    SUM(fo.order_amount) AS 销售总额\nFROM fact_ord'")
[SQL: explain ```sql
SELECT 
    dp.category AS 商品分类,
    SUM(fo.order_amount) AS 销售总额
FROM fact_order fo
JOIN dim_product dp ON fo.product_id = dp.product_id
JOIN dim_date dd ON fo.date_id = dd.date_id
WHERE dd.date_id >= 20250101 AND dd.date_id < 20260101
GROUP BY dp.category
ORDER BY 销售总额 DESC;
```]
(Background on this error at: https://sqlalche.me/e/20/f405)
2026-01-21 11:28:52.575 | INFO     | request_id - 4234b069-cc2d-4036-9fee-8a0416445f20 | app.agent.nodes.execute_sql:execute_sql:17 - SQL执行结果: {'status': False, 'message': '(asyncmy.errors.ProgrammingError) (1064, "You have an error in your SQL syntax; check the manual that corresponds to your MySQL server version for the right syntax to use near \'```sql\\nSELECT \\n    dp.category AS 商品分类,\\n    SUM(fo.order_amount) AS 销å\' at line 1")\n[SQL: ```sql\nSELECT \n    dp.category AS 商品分类,\n    SUM(fo.order_amount) AS 销售总额\nFROM fact_order fo\nJOIN dim_product dp ON fo.product_id = dp.product_id\nJOIN dim_date dd ON fo.date_id = dd.date_id\nWHERE dd.date_id >= 20250101 AND dd.date_id < 20260101\nGROUP BY dp.category\nORDER BY 销售总额 DESC;\n```]\n(Background on this error at: https://sqlalche.me/e/20/f405)'}
2026-01-21 11:28:52.575 | ERROR    | request_id - 4234b069-cc2d-4036-9fee-8a0416445f20 | app.agent.nodes.execute_sql:execute_sql:19 - (asyncmy.errors.ProgrammingError) (1064, "You have an error in your SQL syntax; check the manual that corresponds to your MySQL server version for the right syntax to use near '```sql\nSELECT \n    dp.category AS 商品分类,\n    SUM(fo.order_amount) AS 销å' at line 1")
[SQL: ```sql
SELECT 
    dp.category AS 商品分类,
    SUM(fo.order_amount) AS 销售总额
FROM fact_order fo
JOIN dim_product dp ON fo.product_id = dp.product_id
JOIN dim_date dd ON fo.date_id = dd.date_id
WHERE dd.date_id >= 20250101 AND dd.date_id < 20260101
GROUP BY dp.category
ORDER BY 销售总额 DESC;
```]
(Background on this error at: https://sqlalche.me/e/20/f405)
2026-01-21 11:28:56.094 | INFO     | request_id - 4234b069-cc2d-4036-9fee-8a0416445f20 | app.agent.nodes.correct_sql:correct_sql:34 - 校正SQL结果：SELECT 
    dp.category AS 商品分类,
    SUM(fo.order_amount) AS 销售总额
FROM fact_order fo
JOIN dim_product dp ON fo.product_id = dp.product_id
JOIN dim_date dd ON fo.date_id = dd.date_id
WHERE dd.date_id >= 20250101 AND dd.date_id < 20260101
GROUP BY dp.category
ORDER BY 销售总额 DESC;
2026-01-21 11:31:36.513 | INFO     | request_id - acfabab3-8775-4ec5-9939-2a86c9b368be | app.agent.nodes.extract_keywords:extract_keywords:43 - 关键词提取: ['商品', '统计', '统计一去年各分类商品的销售总额', '分类', '销售总额']
2026-01-21 11:31:40.072 | INFO     | request_id - acfabab3-8775-4ec5-9939-2a86c9b368be | app.agent.nodes.metric_recall:metric_recall:40 - recall metrics: dict_values([{'id': 'GMV', 'name': 'GMV', 'description': '全称Gross Merchandise Value，表示所有订单的成交金额总和。', 'relevant_columns': ['fact_order.order_amount'], 'alias': ['成交总额', '订单总额']}, {'id': 'AOV', 'name': 'AOV', 'description': '全称Average Order Value，表示所有订单的成交金额平均值。', 'relevant_columns': ['fact_order.order_quantity'], 'alias': ['平均单价', '平均订单金额']}])
2026-01-21 11:31:40.154 | INFO     | request_id - acfabab3-8775-4ec5-9939-2a86c9b368be | app.agent.nodes.value_recall:value_recall:36 - 召回字段值：dict_values([])
2026-01-21 11:31:40.900 | INFO     | request_id - acfabab3-8775-4ec5-9939-2a86c9b368be | app.agent.nodes.column_recall:column_recall:44 - 召回列信息: dict_values([{'id': 'dim_product.category', 'name': 'category', 'type': 'varchar(50)', 'role': 'dimension', 'examples': ['手机数码', '家用电器', '鞋靴', '服饰', '食品饮料', '休闲零食'], 'description': '商品所属品类。', 'alias': ['商品类别', '品类', '分类'], 'table_id': 'dim_product'}, {'id': 'dim_product.product_name', 'name': 'product_name', 'type': 'varchar(200)', 'role': 'dimension', 'examples': ['iPhone 15 Pro', 'Galaxy S24 Ultra', 'Mate 60 Pro', '戴森 V15 吸尘器', '美的空调 KFR-35GW', '耐克 Air Max 270 运动鞋', '阿迪达斯 Ultraboost 跑鞋', '优衣库 Heattech 保暖夹克', '李维斯 501 牛仔裤', '雀巢金牌速溶咖啡'], 'description': '商品名称。', 'alias': ['商品名称', '产品名称'], 'table_id': 'dim_product'}, {'id': 'dim_product.brand', 'name': 'brand', 'type': 'varchar(50)', 'role': 'dimension', 'examples': ['苹果', '三星', '华为', '戴森', '美的', '耐克', '阿迪达斯', '优衣库', '李维斯', '雀巢'], 'description': '商品品牌名称。', 'alias': ['品牌', '品牌名称'], 'table_id': 'dim_product'}, {'id': 'fact_order.order_quantity', 'name': 'order_quantity', 'type': 'int', 'role': 'measure', 'examples': [1, 5, 12, 8, 2, 10, 3, 6, 25, 4], 'description': '订单中商品的购买数量。', 'alias': ['销量', '购买数量', '件数'], 'table_id': 'fact_order'}, {'id': 'fact_order.order_amount', 'name': 'order_amount', 'type': 'float', 'role': 'measure', 'examples': [8999.0, 6999.0, 125.0, 899.0, 60.0, 1399.0, 40.0, 299.0, 200.0, 9499.0], 'description': '订单金额。', 'alias': ['销售额', '订单金额', '收入'], 'table_id': 'fact_order'}, {'id': 'fact_order.date_id', 'name': 'date_id', 'type': 'int', 'role': 'foreign_key', 'examples': [20250101, 20250102, 20250103, 20250104, 20250105, 20250106, 20250107, 20250108, 20250109, 20250110], 'description': '关联时间维度的外键。', 'alias': ['日期', '下单日期'], 'table_id': 'fact_order'}, {'id': 'dim_date.date_id', 'name': 'date_id', 'type': 'int', 'role': 'primary_key', 'examples': [20250101, 20250102, 20250103, 20250104, 20250105, 20250106, 20250107, 20250108, 20250109, 20250110], 'description': '日期唯一标识，格式 yyyyMMdd。', 'alias': ['日期ID', '日期'], 'table_id': 'dim_date'}])
2026-01-21 11:31:40.932 | INFO     | request_id - acfabab3-8775-4ec5-9939-2a86c9b368be | app.agent.nodes.merge_retrieved_info:merge_retrieved_info:80 - merge retrieved info: metric_infos:
- alias:
  - "\u6210\u4EA4\u603B\u989D"
  - "\u8BA2\u5355\u603B\u989D"
  description: "\u5168\u79F0Gross Merchandise Value\uFF0C\u8868\u793A\u6240\u6709\u8BA2\
    \u5355\u7684\u6210\u4EA4\u91D1\u989D\u603B\u548C\u3002"
  name: GMV
- alias:
  - "\u5E73\u5747\u5355\u4EF7"
  - "\u5E73\u5747\u8BA2\u5355\u91D1\u989D"
  description: "\u5168\u79F0Average Order Value\uFF0C\u8868\u793A\u6240\u6709\u8BA2\
    \u5355\u7684\u6210\u4EA4\u91D1\u989D\u5E73\u5747\u503C\u3002"
  name: AOV
table_infos:
- columns:
  - alias:
    - "\u5546\u54C1\u7C7B\u522B"
    - "\u54C1\u7C7B"
    - "\u5206\u7C7B"
    description: "\u5546\u54C1\u6240\u5C5E\u54C1\u7C7B\u3002"
    examples:
    - "\u624B\u673A\u6570\u7801"
    - "\u5BB6\u7528\u7535\u5668"
    - "\u978B\u9774"
    - "\u670D\u9970"
    - "\u98DF\u54C1\u996E\u6599"
    - "\u4F11\u95F2\u96F6\u98DF"
    name: category
    role: dimension
    type: varchar(50)
  - alias:
    - "\u5546\u54C1\u540D\u79F0"
    - "\u4EA7\u54C1\u540D\u79F0"
    description: "\u5546\u54C1\u540D\u79F0\u3002"
    examples:
    - iPhone 15 Pro
    - Galaxy S24 Ultra
    - Mate 60 Pro
    - "\u6234\u68EE V15 \u5438\u5C18\u5668"
    - "\u7F8E\u7684\u7A7A\u8C03 KFR-35GW"
    - "\u8010\u514B Air Max 270 \u8FD0\u52A8\u978B"
    - "\u963F\u8FEA\u8FBE\u65AF Ultraboost \u8DD1\u978B"
    - "\u4F18\u8863\u5E93 Heattech \u4FDD\u6696\u5939\u514B"
    - "\u674E\u7EF4\u65AF 501 \u725B\u4ED4\u88E4"
    - "\u96C0\u5DE2\u91D1\u724C\u901F\u6EB6\u5496\u5561"
    name: product_name
    role: dimension
    type: varchar(200)
  - alias:
    - "\u54C1\u724C"
    - "\u54C1\u724C\u540D\u79F0"
    description: "\u5546\u54C1\u54C1\u724C\u540D\u79F0\u3002"
    examples:
    - "\u82F9\u679C"
    - "\u4E09\u661F"
    - "\u534E\u4E3A"
    - "\u6234\u68EE"
    - "\u7F8E\u7684"
    - "\u8010\u514B"
    - "\u963F\u8FEA\u8FBE\u65AF"
    - "\u4F18\u8863\u5E93"
    - "\u674E\u7EF4\u65AF"
    - "\u96C0\u5DE2"
    name: brand
    role: dimension
    type: varchar(50)
  - alias:
    - "\u5546\u54C1ID"
    - "\u4EA7\u54C1ID"
    description: "\u5546\u54C1\u552F\u4E00\u6807\u8BC6\u3002"
    examples:
    - P001
    - P002
    - P003
    - P004
    - P005
    - P006
    - P007
    - P008
    - P009
    - P010
    name: product_id
    role: primary_key
    type: varchar(20)
  description: "\u5546\u54C1\u7EF4\u5EA6\u8868\uFF0C\u63CF\u8FF0\u5546\u54C1\u7684\
    \u57FA\u672C\u5C5E\u6027\u4FE1\u606F\u3002"
  name: dim_product
  role: dim
- columns:
  - alias:
    - "\u9500\u91CF"
    - "\u8D2D\u4E70\u6570\u91CF"
    - "\u4EF6\u6570"
    description: "\u8BA2\u5355\u4E2D\u5546\u54C1\u7684\u8D2D\u4E70\u6570\u91CF\u3002"
    examples:
    - 1
    - 5
    - 12
    - 8
    - 2
    - 10
    - 3
    - 6
    - 25
    - 4
    name: order_quantity
    role: measure
    type: int
  - alias:
    - "\u9500\u552E\u989D"
    - "\u8BA2\u5355\u91D1\u989D"
    - "\u6536\u5165"
    description: "\u8BA2\u5355\u91D1\u989D\u3002"
    examples:
    - 8999.0
    - 6999.0
    - 125.0
    - 899.0
    - 60.0
    - 1399.0
    - 40.0
    - 299.0
    - 200.0
    - 9499.0
    name: order_amount
    role: measure
    type: float
  - alias:
    - "\u65E5\u671F"
    - "\u4E0B\u5355\u65E5\u671F"
    description: "\u5173\u8054\u65F6\u95F4\u7EF4\u5EA6\u7684\u5916\u952E\u3002"
    examples:
    - 20250101
    - 20250102
    - 20250103
    - 20250104
    - 20250105
    - 20250106
    - 20250107
    - 20250108
    - 20250109
    - 20250110
    name: date_id
    role: foreign_key
    type: int
  - alias:
    - "\u5BA2\u6237ID"
    - "\u7528\u6237ID"
    description: "\u5173\u8054\u5BA2\u6237\u7EF4\u5EA6\u7684\u5916\u952E\u3002"
    examples:
    - C001
    - C005
    - C003
    - C008
    - C012
    - C015
    - C002
    - C007
    - C010
    - C019
    name: customer_id
    role: foreign_key
    type: varchar(20)
  - alias:
    - "\u8BA2\u5355ID"
    description: "\u8BA2\u5355\u552F\u4E00\u6807\u8BC6\u3002"
    examples:
    - ORD20250101001
    - ORD20250101002
    - ORD20250102001
    - ORD20250102002
    - ORD20250103001
    - ORD20250103002
    - ORD20250104001
    - ORD20250105001
    - ORD20250105002
    - ORD20250106001
    name: order_id
    role: primary_key
    type: varchar(30)
  - alias:
    - "\u5546\u54C1ID"
    - "\u4EA7\u54C1ID"
    description: "\u5173\u8054\u5546\u54C1\u7EF4\u5EA6\u7684\u5916\u952E\u3002"
    examples:
    - P001
    - P003
    - P010
    - P006
    - P011
    - P014
    - P012
    - P008
    - P002
    - P013
    name: product_id
    role: foreign_key
    type: varchar(20)
  - alias:
    - "\u5730\u533AID"
    - "\u533A\u57DFID"
    description: "\u5173\u8054\u5730\u533A\u7EF4\u5EA6\u7684\u5916\u952E\u3002"
    examples:
    - R001
    - R005
    - R002
    - R004
    - R003
    - R006
    name: region_id
    role: foreign_key
    type: varchar(20)
  description: "\u8BA2\u5355\u4E8B\u5B9E\u8868\uFF0C\u8BB0\u5F55\u8BA2\u5355\u6570\
    \u91CF\u548C\u91D1\u989D\u7B49\u6838\u5FC3\u6307\u6807\u3002"
  name: fact_order
  role: fact
- columns:
  - alias:
    - "\u65E5\u671FID"
    - "\u65E5\u671F"
    description: "\u65E5\u671F\u552F\u4E00\u6807\u8BC6\uFF0C\u683C\u5F0F yyyyMMdd\u3002"
    examples:
    - 20250101
    - 20250102
    - 20250103
    - 20250104
    - 20250105
    - 20250106
    - 20250107
    - 20250108
    - 20250109
    - 20250110
    name: date_id
    role: primary_key
    type: int
  description: "\u65F6\u95F4\u7EF4\u5EA6\u8868\uFF0C\u7528\u4E8E\u591A\u65F6\u95F4\
    \u7C92\u5EA6\u5206\u6790\u3002"
  name: dim_date
  role: dim

2026-01-21 11:31:41.796 | INFO     | request_id - acfabab3-8775-4ec5-9939-2a86c9b368be | app.agent.nodes.filter_metric_info:filter_metric_info:28 - 指标筛选结果: [{'name': 'GMV', 'description': '全称Gross Merchandise Value，表示所有订单的成交金额总和。', 'alias': ['成交总额', '订单总额']}]
2026-01-21 11:31:42.823 | INFO     | request_id - acfabab3-8775-4ec5-9939-2a86c9b368be | app.agent.nodes.filter_table_info:filter_table_info:32 - 表格筛选结果: {'dim_product': ['category', 'product_id'], 'fact_order': ['order_amount', 'date_id', 'product_id'], 'dim_date': ['date_id']}
2026-01-21 11:31:42.830 | INFO     | request_id - acfabab3-8775-4ec5-9939-2a86c9b368be | app.agent.nodes.add_context:add_context:23 - 添加上下文信息-date_info:{'date': '2026-01-21', 'weekday': 'Wednesday', 'quarter': 'Q1'},db_info:{'dialect': 'mysql', 'version': '8.0.44'}
2026-01-21 11:31:47.308 | INFO     | request_id - acfabab3-8775-4ec5-9939-2a86c9b368be | app.agent.nodes.generate_sql:generate_sql:32 - 生成SQL: ```sql
SELECT `dp`.`category` AS `商品分类`, SUM(`fo`.`order_amount`) AS `销售总额`
FROM `fact_order` `fo`
JOIN `dim_product` `dp` ON `fo`.`product_id` = `dp`.`product_id`
JOIN `dim_date` `dd` ON `fo`.`date_id` = `dd`.`date_id`
WHERE `dd`.`date_id` BETWEEN 20250101 AND 20251231
GROUP BY `dp`.`category`
ORDER BY `销售总额` DESC
```
2026-01-21 11:31:47.312 | INFO     | request_id - acfabab3-8775-4ec5-9939-2a86c9b368be | app.agent.nodes.validate_sql:validate_sql:16 - SQL验证结果: (asyncmy.errors.ProgrammingError) (1064, "You have an error in your SQL syntax; check the manual that corresponds to your MySQL server version for the right syntax to use near '`.`category` AS `商品分类`, SUM(`fo`.`order_amount`) AS `销售总额`\nFROM ' at line 2")
[SQL: explain ```sql
SELECT `dp`.`category` AS `商品分类`, SUM(`fo`.`order_amount`) AS `销售总额`
FROM `fact_order` `fo`
JOIN `dim_product` `dp` ON `fo`.`product_id` = `dp`.`product_id`
JOIN `dim_date` `dd` ON `fo`.`date_id` = `dd`.`date_id`
WHERE `dd`.`date_id` BETWEEN 20250101 AND 20251231
GROUP BY `dp`.`category`
ORDER BY `销售总额` DESC
```]
(Background on this error at: https://sqlalche.me/e/20/f405)
2026-01-21 11:31:47.317 | INFO     | request_id - acfabab3-8775-4ec5-9939-2a86c9b368be | app.agent.nodes.execute_sql:execute_sql:17 - SQL执行结果: {'status': False, 'message': '(asyncmy.errors.ProgrammingError) (1064, "You have an error in your SQL syntax; check the manual that corresponds to your MySQL server version for the right syntax to use near \'```sql\\nSELECT `dp`.`category` AS `商品分类`, SUM(`fo`.`order_amount`) AS `é\\x94\' at line 1")\n[SQL: ```sql\nSELECT `dp`.`category` AS `商品分类`, SUM(`fo`.`order_amount`) AS `销售总额`\nFROM `fact_order` `fo`\nJOIN `dim_product` `dp` ON `fo`.`product_id` = `dp`.`product_id`\nJOIN `dim_date` `dd` ON `fo`.`date_id` = `dd`.`date_id`\nWHERE `dd`.`date_id` BETWEEN 20250101 AND 20251231\nGROUP BY `dp`.`category`\nORDER BY `销售总额` DESC\n```]\n(Background on this error at: https://sqlalche.me/e/20/f405)'}
2026-01-21 11:31:47.318 | ERROR    | request_id - acfabab3-8775-4ec5-9939-2a86c9b368be | app.agent.nodes.execute_sql:execute_sql:19 - (asyncmy.errors.ProgrammingError) (1064, "You have an error in your SQL syntax; check the manual that corresponds to your MySQL server version for the right syntax to use near '```sql\nSELECT `dp`.`category` AS `商品分类`, SUM(`fo`.`order_amount`) AS `é\x94' at line 1")
[SQL: ```sql
SELECT `dp`.`category` AS `商品分类`, SUM(`fo`.`order_amount`) AS `销售总额`
FROM `fact_order` `fo`
JOIN `dim_product` `dp` ON `fo`.`product_id` = `dp`.`product_id`
JOIN `dim_date` `dd` ON `fo`.`date_id` = `dd`.`date_id`
WHERE `dd`.`date_id` BETWEEN 20250101 AND 20251231
GROUP BY `dp`.`category`
ORDER BY `销售总额` DESC
```]
(Background on this error at: https://sqlalche.me/e/20/f405)
2026-01-21 11:31:51.417 | INFO     | request_id - acfabab3-8775-4ec5-9939-2a86c9b368be | app.agent.nodes.correct_sql:correct_sql:34 - 校正SQL结果：SELECT `dp`.`category` AS `商品分类`, SUM(`fo`.`order_amount`) AS `销售总额`
FROM `fact_order` `fo`
JOIN `dim_product` `dp` ON `fo`.`product_id` = `dp`.`product_id`
JOIN `dim_date` `dd` ON `fo`.`date_id` = `dd`.`date_id`
WHERE `dd`.`date_id` BETWEEN 20250101 AND 20251231
GROUP BY `dp`.`category`
ORDER BY `销售总额` DESC
2026-01-21 11:32:57.196 | INFO     | request_id - 71a9bf11-fec3-4cb3-b841-2b00ebbcd13e | app.agent.nodes.extract_keywords:extract_keywords:43 - 关键词提取: ['商品', '统计', '统计一去年各分类商品的销售总额', '分类', '销售总额']
2026-01-21 11:33:00.549 | INFO     | request_id - 71a9bf11-fec3-4cb3-b841-2b00ebbcd13e | app.agent.nodes.value_recall:value_recall:36 - 召回字段值：dict_values([])
2026-01-21 11:33:00.622 | INFO     | request_id - 71a9bf11-fec3-4cb3-b841-2b00ebbcd13e | app.agent.nodes.metric_recall:metric_recall:40 - recall metrics: dict_values([{'id': 'GMV', 'name': 'GMV', 'description': '全称Gross Merchandise Value，表示所有订单的成交金额总和。', 'relevant_columns': ['fact_order.order_amount'], 'alias': ['成交总额', '订单总额']}, {'id': 'AOV', 'name': 'AOV', 'description': '全称Average Order Value，表示所有订单的成交金额平均值。', 'relevant_columns': ['fact_order.order_quantity'], 'alias': ['平均单价', '平均订单金额']}])
2026-01-21 11:33:01.645 | INFO     | request_id - 71a9bf11-fec3-4cb3-b841-2b00ebbcd13e | app.agent.nodes.column_recall:column_recall:44 - 召回列信息: dict_values([{'id': 'dim_product.category', 'name': 'category', 'type': 'varchar(50)', 'role': 'dimension', 'examples': ['手机数码', '家用电器', '鞋靴', '服饰', '食品饮料', '休闲零食'], 'description': '商品所属品类。', 'alias': ['商品类别', '品类', '分类'], 'table_id': 'dim_product'}, {'id': 'dim_product.product_name', 'name': 'product_name', 'type': 'varchar(200)', 'role': 'dimension', 'examples': ['iPhone 15 Pro', 'Galaxy S24 Ultra', 'Mate 60 Pro', '戴森 V15 吸尘器', '美的空调 KFR-35GW', '耐克 Air Max 270 运动鞋', '阿迪达斯 Ultraboost 跑鞋', '优衣库 Heattech 保暖夹克', '李维斯 501 牛仔裤', '雀巢金牌速溶咖啡'], 'description': '商品名称。', 'alias': ['商品名称', '产品名称'], 'table_id': 'dim_product'}, {'id': 'dim_product.brand', 'name': 'brand', 'type': 'varchar(50)', 'role': 'dimension', 'examples': ['苹果', '三星', '华为', '戴森', '美的', '耐克', '阿迪达斯', '优衣库', '李维斯', '雀巢'], 'description': '商品品牌名称。', 'alias': ['品牌', '品牌名称'], 'table_id': 'dim_product'}, {'id': 'fact_order.order_quantity', 'name': 'order_quantity', 'type': 'int', 'role': 'measure', 'examples': [1, 5, 12, 8, 2, 10, 3, 6, 25, 4], 'description': '订单中商品的购买数量。', 'alias': ['销量', '购买数量', '件数'], 'table_id': 'fact_order'}, {'id': 'fact_order.order_amount', 'name': 'order_amount', 'type': 'float', 'role': 'measure', 'examples': [8999.0, 6999.0, 125.0, 899.0, 60.0, 1399.0, 40.0, 299.0, 200.0, 9499.0], 'description': '订单金额。', 'alias': ['销售额', '订单金额', '收入'], 'table_id': 'fact_order'}, {'id': 'fact_order.date_id', 'name': 'date_id', 'type': 'int', 'role': 'foreign_key', 'examples': [20250101, 20250102, 20250103, 20250104, 20250105, 20250106, 20250107, 20250108, 20250109, 20250110], 'description': '关联时间维度的外键。', 'alias': ['日期', '下单日期'], 'table_id': 'fact_order'}, {'id': 'dim_date.date_id', 'name': 'date_id', 'type': 'int', 'role': 'primary_key', 'examples': [20250101, 20250102, 20250103, 20250104, 20250105, 20250106, 20250107, 20250108, 20250109, 20250110], 'description': '日期唯一标识，格式 yyyyMMdd。', 'alias': ['日期ID', '日期'], 'table_id': 'dim_date'}])
2026-01-21 11:33:01.669 | INFO     | request_id - 71a9bf11-fec3-4cb3-b841-2b00ebbcd13e | app.agent.nodes.merge_retrieved_info:merge_retrieved_info:80 - merge retrieved info: metric_infos:
- alias:
  - "\u6210\u4EA4\u603B\u989D"
  - "\u8BA2\u5355\u603B\u989D"
  description: "\u5168\u79F0Gross Merchandise Value\uFF0C\u8868\u793A\u6240\u6709\u8BA2\
    \u5355\u7684\u6210\u4EA4\u91D1\u989D\u603B\u548C\u3002"
  name: GMV
- alias:
  - "\u5E73\u5747\u5355\u4EF7"
  - "\u5E73\u5747\u8BA2\u5355\u91D1\u989D"
  description: "\u5168\u79F0Average Order Value\uFF0C\u8868\u793A\u6240\u6709\u8BA2\
    \u5355\u7684\u6210\u4EA4\u91D1\u989D\u5E73\u5747\u503C\u3002"
  name: AOV
table_infos:
- columns:
  - alias:
    - "\u5546\u54C1\u7C7B\u522B"
    - "\u54C1\u7C7B"
    - "\u5206\u7C7B"
    description: "\u5546\u54C1\u6240\u5C5E\u54C1\u7C7B\u3002"
    examples:
    - "\u624B\u673A\u6570\u7801"
    - "\u5BB6\u7528\u7535\u5668"
    - "\u978B\u9774"
    - "\u670D\u9970"
    - "\u98DF\u54C1\u996E\u6599"
    - "\u4F11\u95F2\u96F6\u98DF"
    name: category
    role: dimension
    type: varchar(50)
  - alias:
    - "\u5546\u54C1\u540D\u79F0"
    - "\u4EA7\u54C1\u540D\u79F0"
    description: "\u5546\u54C1\u540D\u79F0\u3002"
    examples:
    - iPhone 15 Pro
    - Galaxy S24 Ultra
    - Mate 60 Pro
    - "\u6234\u68EE V15 \u5438\u5C18\u5668"
    - "\u7F8E\u7684\u7A7A\u8C03 KFR-35GW"
    - "\u8010\u514B Air Max 270 \u8FD0\u52A8\u978B"
    - "\u963F\u8FEA\u8FBE\u65AF Ultraboost \u8DD1\u978B"
    - "\u4F18\u8863\u5E93 Heattech \u4FDD\u6696\u5939\u514B"
    - "\u674E\u7EF4\u65AF 501 \u725B\u4ED4\u88E4"
    - "\u96C0\u5DE2\u91D1\u724C\u901F\u6EB6\u5496\u5561"
    name: product_name
    role: dimension
    type: varchar(200)
  - alias:
    - "\u54C1\u724C"
    - "\u54C1\u724C\u540D\u79F0"
    description: "\u5546\u54C1\u54C1\u724C\u540D\u79F0\u3002"
    examples:
    - "\u82F9\u679C"
    - "\u4E09\u661F"
    - "\u534E\u4E3A"
    - "\u6234\u68EE"
    - "\u7F8E\u7684"
    - "\u8010\u514B"
    - "\u963F\u8FEA\u8FBE\u65AF"
    - "\u4F18\u8863\u5E93"
    - "\u674E\u7EF4\u65AF"
    - "\u96C0\u5DE2"
    name: brand
    role: dimension
    type: varchar(50)
  - alias:
    - "\u5546\u54C1ID"
    - "\u4EA7\u54C1ID"
    description: "\u5546\u54C1\u552F\u4E00\u6807\u8BC6\u3002"
    examples:
    - P001
    - P002
    - P003
    - P004
    - P005
    - P006
    - P007
    - P008
    - P009
    - P010
    name: product_id
    role: primary_key
    type: varchar(20)
  description: "\u5546\u54C1\u7EF4\u5EA6\u8868\uFF0C\u63CF\u8FF0\u5546\u54C1\u7684\
    \u57FA\u672C\u5C5E\u6027\u4FE1\u606F\u3002"
  name: dim_product
  role: dim
- columns:
  - alias:
    - "\u9500\u91CF"
    - "\u8D2D\u4E70\u6570\u91CF"
    - "\u4EF6\u6570"
    description: "\u8BA2\u5355\u4E2D\u5546\u54C1\u7684\u8D2D\u4E70\u6570\u91CF\u3002"
    examples:
    - 1
    - 5
    - 12
    - 8
    - 2
    - 10
    - 3
    - 6
    - 25
    - 4
    name: order_quantity
    role: measure
    type: int
  - alias:
    - "\u9500\u552E\u989D"
    - "\u8BA2\u5355\u91D1\u989D"
    - "\u6536\u5165"
    description: "\u8BA2\u5355\u91D1\u989D\u3002"
    examples:
    - 8999.0
    - 6999.0
    - 125.0
    - 899.0
    - 60.0
    - 1399.0
    - 40.0
    - 299.0
    - 200.0
    - 9499.0
    name: order_amount
    role: measure
    type: float
  - alias:
    - "\u65E5\u671F"
    - "\u4E0B\u5355\u65E5\u671F"
    description: "\u5173\u8054\u65F6\u95F4\u7EF4\u5EA6\u7684\u5916\u952E\u3002"
    examples:
    - 20250101
    - 20250102
    - 20250103
    - 20250104
    - 20250105
    - 20250106
    - 20250107
    - 20250108
    - 20250109
    - 20250110
    name: date_id
    role: foreign_key
    type: int
  - alias:
    - "\u5BA2\u6237ID"
    - "\u7528\u6237ID"
    description: "\u5173\u8054\u5BA2\u6237\u7EF4\u5EA6\u7684\u5916\u952E\u3002"
    examples:
    - C001
    - C005
    - C003
    - C008
    - C012
    - C015
    - C002
    - C007
    - C010
    - C019
    name: customer_id
    role: foreign_key
    type: varchar(20)
  - alias:
    - "\u8BA2\u5355ID"
    description: "\u8BA2\u5355\u552F\u4E00\u6807\u8BC6\u3002"
    examples:
    - ORD20250101001
    - ORD20250101002
    - ORD20250102001
    - ORD20250102002
    - ORD20250103001
    - ORD20250103002
    - ORD20250104001
    - ORD20250105001
    - ORD20250105002
    - ORD20250106001
    name: order_id
    role: primary_key
    type: varchar(30)
  - alias:
    - "\u5546\u54C1ID"
    - "\u4EA7\u54C1ID"
    description: "\u5173\u8054\u5546\u54C1\u7EF4\u5EA6\u7684\u5916\u952E\u3002"
    examples:
    - P001
    - P003
    - P010
    - P006
    - P011
    - P014
    - P012
    - P008
    - P002
    - P013
    name: product_id
    role: foreign_key
    type: varchar(20)
  - alias:
    - "\u5730\u533AID"
    - "\u533A\u57DFID"
    description: "\u5173\u8054\u5730\u533A\u7EF4\u5EA6\u7684\u5916\u952E\u3002"
    examples:
    - R001
    - R005
    - R002
    - R004
    - R003
    - R006
    name: region_id
    role: foreign_key
    type: varchar(20)
  description: "\u8BA2\u5355\u4E8B\u5B9E\u8868\uFF0C\u8BB0\u5F55\u8BA2\u5355\u6570\
    \u91CF\u548C\u91D1\u989D\u7B49\u6838\u5FC3\u6307\u6807\u3002"
  name: fact_order
  role: fact
- columns:
  - alias:
    - "\u65E5\u671FID"
    - "\u65E5\u671F"
    description: "\u65E5\u671F\u552F\u4E00\u6807\u8BC6\uFF0C\u683C\u5F0F yyyyMMdd\u3002"
    examples:
    - 20250101
    - 20250102
    - 20250103
    - 20250104
    - 20250105
    - 20250106
    - 20250107
    - 20250108
    - 20250109
    - 20250110
    name: date_id
    role: primary_key
    type: int
  description: "\u65F6\u95F4\u7EF4\u5EA6\u8868\uFF0C\u7528\u4E8E\u591A\u65F6\u95F4\
    \u7C92\u5EA6\u5206\u6790\u3002"
  name: dim_date
  role: dim

2026-01-21 11:33:02.837 | INFO     | request_id - 71a9bf11-fec3-4cb3-b841-2b00ebbcd13e | app.agent.nodes.filter_metric_info:filter_metric_info:28 - 指标筛选结果: [{'name': 'GMV', 'description': '全称Gross Merchandise Value，表示所有订单的成交金额总和。', 'alias': ['成交总额', '订单总额']}]
2026-01-21 11:33:03.438 | INFO     | request_id - 71a9bf11-fec3-4cb3-b841-2b00ebbcd13e | app.agent.nodes.filter_table_info:filter_table_info:32 - 表格筛选结果: {'dim_product': ['category', 'product_id'], 'fact_order': ['order_amount', 'date_id', 'product_id'], 'dim_date': ['date_id']}
2026-01-21 11:33:03.443 | INFO     | request_id - 71a9bf11-fec3-4cb3-b841-2b00ebbcd13e | app.agent.nodes.add_context:add_context:23 - 添加上下文信息-date_info:{'date': '2026-01-21', 'weekday': 'Wednesday', 'quarter': 'Q1'},db_info:{'dialect': 'mysql', 'version': '8.0.44'}
2026-01-21 11:33:08.427 | INFO     | request_id - 71a9bf11-fec3-4cb3-b841-2b00ebbcd13e | app.agent.nodes.generate_sql:generate_sql:32 - 生成SQL: ```SELECT `dim_product`.`category` AS `商品分类`, SUM(`fact_order`.`order_amount`) AS `销售总额` FROM `fact_order` INNER JOIN `dim_product` ON `fact_order`.`product_id` = `dim_product`.`product_id` INNER JOIN `dim_date` ON `fact_order`.`date_id` = `dim_date`.`date_id` WHERE YEAR(FROM_UNIXTIME(UNIX_TIMESTAMP(CAST(`dim_date`.`date_id` AS CHAR(8)), '%Y%m%d'))) = YEAR(CURDATE()) - 1 GROUP BY `dim_product`.`category` ORDER BY `销售总额` DESC```
2026-01-21 11:33:08.431 | INFO     | request_id - 71a9bf11-fec3-4cb3-b841-2b00ebbcd13e | app.agent.nodes.validate_sql:validate_sql:16 - SQL验证结果: (asyncmy.errors.ProgrammingError) (1064, "You have an error in your SQL syntax; check the manual that corresponds to your MySQL server version for the right syntax to use near '`.`category` AS `商品分类`, SUM(`fact_order`.`order_amount`) AS `销售总é¢' at line 1")
[SQL: explain ```SELECT `dim_product`.`category` AS `商品分类`, SUM(`fact_order`.`order_amount`) AS `销售总额` FROM `fact_order` INNER JOIN `dim_product` ON `fact_order`.`product_id` = `dim_product`.`product_id` INNER JOIN `dim_date` ON `fact_order`.`date_id` = `dim_date`.`date_id` WHERE YEAR(FROM_UNIXTIME(UNIX_TIMESTAMP(CAST(`dim_date`.`date_id` AS CHAR(8)), '%%Y%%m%%d'))) = YEAR(CURDATE()) - 1 GROUP BY `dim_product`.`category` ORDER BY `销售总额` DESC```]
(Background on this error at: https://sqlalche.me/e/20/f405)
2026-01-21 11:33:08.436 | INFO     | request_id - 71a9bf11-fec3-4cb3-b841-2b00ebbcd13e | app.agent.nodes.execute_sql:execute_sql:17 - SQL执行结果: {'status': False, 'message': '(asyncmy.errors.ProgrammingError) (1064, "You have an error in your SQL syntax; check the manual that corresponds to your MySQL server version for the right syntax to use near \'```SELECT `dim_product`.`category` AS `商品分类`, SUM(`fact_order`.`order_am\' at line 1")\n[SQL: ```SELECT `dim_product`.`category` AS `商品分类`, SUM(`fact_order`.`order_amount`) AS `销售总额` FROM `fact_order` INNER JOIN `dim_product` ON `fact_order`.`product_id` = `dim_product`.`product_id` INNER JOIN `dim_date` ON `fact_order`.`date_id` = `dim_date`.`date_id` WHERE YEAR(FROM_UNIXTIME(UNIX_TIMESTAMP(CAST(`dim_date`.`date_id` AS CHAR(8)), \'%%Y%%m%%d\'))) = YEAR(CURDATE()) - 1 GROUP BY `dim_product`.`category` ORDER BY `销售总额` DESC```]\n(Background on this error at: https://sqlalche.me/e/20/f405)'}
2026-01-21 11:33:08.436 | ERROR    | request_id - 71a9bf11-fec3-4cb3-b841-2b00ebbcd13e | app.agent.nodes.execute_sql:execute_sql:19 - (asyncmy.errors.ProgrammingError) (1064, "You have an error in your SQL syntax; check the manual that corresponds to your MySQL server version for the right syntax to use near '```SELECT `dim_product`.`category` AS `商品分类`, SUM(`fact_order`.`order_am' at line 1")
[SQL: ```SELECT `dim_product`.`category` AS `商品分类`, SUM(`fact_order`.`order_amount`) AS `销售总额` FROM `fact_order` INNER JOIN `dim_product` ON `fact_order`.`product_id` = `dim_product`.`product_id` INNER JOIN `dim_date` ON `fact_order`.`date_id` = `dim_date`.`date_id` WHERE YEAR(FROM_UNIXTIME(UNIX_TIMESTAMP(CAST(`dim_date`.`date_id` AS CHAR(8)), '%%Y%%m%%d'))) = YEAR(CURDATE()) - 1 GROUP BY `dim_product`.`category` ORDER BY `销售总额` DESC```]
(Background on this error at: https://sqlalche.me/e/20/f405)
2026-01-21 11:33:13.006 | INFO     | request_id - 71a9bf11-fec3-4cb3-b841-2b00ebbcd13e | app.agent.nodes.correct_sql:correct_sql:34 - 校正SQL结果：SELECT `dim_product`.`category` AS `商品分类`, SUM(`fact_order`.`order_amount`) AS `销售总额` FROM `fact_order` INNER JOIN `dim_product` ON `fact_order`.`product_id` = `dim_product`.`product_id` INNER JOIN `dim_date` ON `fact_order`.`date_id` = `dim_date`.`date_id` WHERE YEAR(STR_TO_DATE(CAST(`dim_date`.`date_id` AS CHAR(8)), '%Y%m%d')) = YEAR(CURDATE()) - 1 GROUP BY `dim_product`.`category` ORDER BY `销售总额` DESC
2026-01-21 11:34:01.663 | INFO     | request_id - 3caaf92c-cbd3-4d15-bf7d-a67b78295150 | app.agent.nodes.extract_keywords:extract_keywords:43 - 关键词提取: ['商品', '统计', '统计一去年各分类商品的销售总额', '分类', '销售总额']
2026-01-21 11:34:05.083 | INFO     | request_id - 3caaf92c-cbd3-4d15-bf7d-a67b78295150 | app.agent.nodes.metric_recall:metric_recall:40 - recall metrics: dict_values([{'id': 'GMV', 'name': 'GMV', 'description': '全称Gross Merchandise Value，表示所有订单的成交金额总和。', 'relevant_columns': ['fact_order.order_amount'], 'alias': ['成交总额', '订单总额']}, {'id': 'AOV', 'name': 'AOV', 'description': '全称Average Order Value，表示所有订单的成交金额平均值。', 'relevant_columns': ['fact_order.order_quantity'], 'alias': ['平均单价', '平均订单金额']}])
2026-01-21 11:34:05.144 | INFO     | request_id - 3caaf92c-cbd3-4d15-bf7d-a67b78295150 | app.agent.nodes.value_recall:value_recall:36 - 召回字段值：dict_values([])
2026-01-21 11:34:06.105 | INFO     | request_id - 3caaf92c-cbd3-4d15-bf7d-a67b78295150 | app.agent.nodes.column_recall:column_recall:44 - 召回列信息: dict_values([{'id': 'dim_product.category', 'name': 'category', 'type': 'varchar(50)', 'role': 'dimension', 'examples': ['手机数码', '家用电器', '鞋靴', '服饰', '食品饮料', '休闲零食'], 'description': '商品所属品类。', 'alias': ['商品类别', '品类', '分类'], 'table_id': 'dim_product'}, {'id': 'dim_product.product_name', 'name': 'product_name', 'type': 'varchar(200)', 'role': 'dimension', 'examples': ['iPhone 15 Pro', 'Galaxy S24 Ultra', 'Mate 60 Pro', '戴森 V15 吸尘器', '美的空调 KFR-35GW', '耐克 Air Max 270 运动鞋', '阿迪达斯 Ultraboost 跑鞋', '优衣库 Heattech 保暖夹克', '李维斯 501 牛仔裤', '雀巢金牌速溶咖啡'], 'description': '商品名称。', 'alias': ['商品名称', '产品名称'], 'table_id': 'dim_product'}, {'id': 'dim_product.brand', 'name': 'brand', 'type': 'varchar(50)', 'role': 'dimension', 'examples': ['苹果', '三星', '华为', '戴森', '美的', '耐克', '阿迪达斯', '优衣库', '李维斯', '雀巢'], 'description': '商品品牌名称。', 'alias': ['品牌', '品牌名称'], 'table_id': 'dim_product'}, {'id': 'fact_order.order_quantity', 'name': 'order_quantity', 'type': 'int', 'role': 'measure', 'examples': [1, 5, 12, 8, 2, 10, 3, 6, 25, 4], 'description': '订单中商品的购买数量。', 'alias': ['销量', '购买数量', '件数'], 'table_id': 'fact_order'}, {'id': 'fact_order.order_amount', 'name': 'order_amount', 'type': 'float', 'role': 'measure', 'examples': [8999.0, 6999.0, 125.0, 899.0, 60.0, 1399.0, 40.0, 299.0, 200.0, 9499.0], 'description': '订单金额。', 'alias': ['销售额', '订单金额', '收入'], 'table_id': 'fact_order'}, {'id': 'fact_order.date_id', 'name': 'date_id', 'type': 'int', 'role': 'foreign_key', 'examples': [20250101, 20250102, 20250103, 20250104, 20250105, 20250106, 20250107, 20250108, 20250109, 20250110], 'description': '关联时间维度的外键。', 'alias': ['日期', '下单日期'], 'table_id': 'fact_order'}, {'id': 'dim_date.date_id', 'name': 'date_id', 'type': 'int', 'role': 'primary_key', 'examples': [20250101, 20250102, 20250103, 20250104, 20250105, 20250106, 20250107, 20250108, 20250109, 20250110], 'description': '日期唯一标识，格式 yyyyMMdd。', 'alias': ['日期ID', '日期'], 'table_id': 'dim_date'}])
2026-01-21 11:34:06.133 | INFO     | request_id - 3caaf92c-cbd3-4d15-bf7d-a67b78295150 | app.agent.nodes.merge_retrieved_info:merge_retrieved_info:80 - merge retrieved info: metric_infos:
- alias:
  - "\u6210\u4EA4\u603B\u989D"
  - "\u8BA2\u5355\u603B\u989D"
  description: "\u5168\u79F0Gross Merchandise Value\uFF0C\u8868\u793A\u6240\u6709\u8BA2\
    \u5355\u7684\u6210\u4EA4\u91D1\u989D\u603B\u548C\u3002"
  name: GMV
- alias:
  - "\u5E73\u5747\u5355\u4EF7"
  - "\u5E73\u5747\u8BA2\u5355\u91D1\u989D"
  description: "\u5168\u79F0Average Order Value\uFF0C\u8868\u793A\u6240\u6709\u8BA2\
    \u5355\u7684\u6210\u4EA4\u91D1\u989D\u5E73\u5747\u503C\u3002"
  name: AOV
table_infos:
- columns:
  - alias:
    - "\u5546\u54C1\u7C7B\u522B"
    - "\u54C1\u7C7B"
    - "\u5206\u7C7B"
    description: "\u5546\u54C1\u6240\u5C5E\u54C1\u7C7B\u3002"
    examples:
    - "\u624B\u673A\u6570\u7801"
    - "\u5BB6\u7528\u7535\u5668"
    - "\u978B\u9774"
    - "\u670D\u9970"
    - "\u98DF\u54C1\u996E\u6599"
    - "\u4F11\u95F2\u96F6\u98DF"
    name: category
    role: dimension
    type: varchar(50)
  - alias:
    - "\u5546\u54C1\u540D\u79F0"
    - "\u4EA7\u54C1\u540D\u79F0"
    description: "\u5546\u54C1\u540D\u79F0\u3002"
    examples:
    - iPhone 15 Pro
    - Galaxy S24 Ultra
    - Mate 60 Pro
    - "\u6234\u68EE V15 \u5438\u5C18\u5668"
    - "\u7F8E\u7684\u7A7A\u8C03 KFR-35GW"
    - "\u8010\u514B Air Max 270 \u8FD0\u52A8\u978B"
    - "\u963F\u8FEA\u8FBE\u65AF Ultraboost \u8DD1\u978B"
    - "\u4F18\u8863\u5E93 Heattech \u4FDD\u6696\u5939\u514B"
    - "\u674E\u7EF4\u65AF 501 \u725B\u4ED4\u88E4"
    - "\u96C0\u5DE2\u91D1\u724C\u901F\u6EB6\u5496\u5561"
    name: product_name
    role: dimension
    type: varchar(200)
  - alias:
    - "\u54C1\u724C"
    - "\u54C1\u724C\u540D\u79F0"
    description: "\u5546\u54C1\u54C1\u724C\u540D\u79F0\u3002"
    examples:
    - "\u82F9\u679C"
    - "\u4E09\u661F"
    - "\u534E\u4E3A"
    - "\u6234\u68EE"
    - "\u7F8E\u7684"
    - "\u8010\u514B"
    - "\u963F\u8FEA\u8FBE\u65AF"
    - "\u4F18\u8863\u5E93"
    - "\u674E\u7EF4\u65AF"
    - "\u96C0\u5DE2"
    name: brand
    role: dimension
    type: varchar(50)
  - alias:
    - "\u5546\u54C1ID"
    - "\u4EA7\u54C1ID"
    description: "\u5546\u54C1\u552F\u4E00\u6807\u8BC6\u3002"
    examples:
    - P001
    - P002
    - P003
    - P004
    - P005
    - P006
    - P007
    - P008
    - P009
    - P010
    name: product_id
    role: primary_key
    type: varchar(20)
  description: "\u5546\u54C1\u7EF4\u5EA6\u8868\uFF0C\u63CF\u8FF0\u5546\u54C1\u7684\
    \u57FA\u672C\u5C5E\u6027\u4FE1\u606F\u3002"
  name: dim_product
  role: dim
- columns:
  - alias:
    - "\u9500\u91CF"
    - "\u8D2D\u4E70\u6570\u91CF"
    - "\u4EF6\u6570"
    description: "\u8BA2\u5355\u4E2D\u5546\u54C1\u7684\u8D2D\u4E70\u6570\u91CF\u3002"
    examples:
    - 1
    - 5
    - 12
    - 8
    - 2
    - 10
    - 3
    - 6
    - 25
    - 4
    name: order_quantity
    role: measure
    type: int
  - alias:
    - "\u9500\u552E\u989D"
    - "\u8BA2\u5355\u91D1\u989D"
    - "\u6536\u5165"
    description: "\u8BA2\u5355\u91D1\u989D\u3002"
    examples:
    - 8999.0
    - 6999.0
    - 125.0
    - 899.0
    - 60.0
    - 1399.0
    - 40.0
    - 299.0
    - 200.0
    - 9499.0
    name: order_amount
    role: measure
    type: float
  - alias:
    - "\u65E5\u671F"
    - "\u4E0B\u5355\u65E5\u671F"
    description: "\u5173\u8054\u65F6\u95F4\u7EF4\u5EA6\u7684\u5916\u952E\u3002"
    examples:
    - 20250101
    - 20250102
    - 20250103
    - 20250104
    - 20250105
    - 20250106
    - 20250107
    - 20250108
    - 20250109
    - 20250110
    name: date_id
    role: foreign_key
    type: int
  - alias:
    - "\u5BA2\u6237ID"
    - "\u7528\u6237ID"
    description: "\u5173\u8054\u5BA2\u6237\u7EF4\u5EA6\u7684\u5916\u952E\u3002"
    examples:
    - C001
    - C005
    - C003
    - C008
    - C012
    - C015
    - C002
    - C007
    - C010
    - C019
    name: customer_id
    role: foreign_key
    type: varchar(20)
  - alias:
    - "\u8BA2\u5355ID"
    description: "\u8BA2\u5355\u552F\u4E00\u6807\u8BC6\u3002"
    examples:
    - ORD20250101001
    - ORD20250101002
    - ORD20250102001
    - ORD20250102002
    - ORD20250103001
    - ORD20250103002
    - ORD20250104001
    - ORD20250105001
    - ORD20250105002
    - ORD20250106001
    name: order_id
    role: primary_key
    type: varchar(30)
  - alias:
    - "\u5546\u54C1ID"
    - "\u4EA7\u54C1ID"
    description: "\u5173\u8054\u5546\u54C1\u7EF4\u5EA6\u7684\u5916\u952E\u3002"
    examples:
    - P001
    - P003
    - P010
    - P006
    - P011
    - P014
    - P012
    - P008
    - P002
    - P013
    name: product_id
    role: foreign_key
    type: varchar(20)
  - alias:
    - "\u5730\u533AID"
    - "\u533A\u57DFID"
    description: "\u5173\u8054\u5730\u533A\u7EF4\u5EA6\u7684\u5916\u952E\u3002"
    examples:
    - R001
    - R005
    - R002
    - R004
    - R003
    - R006
    name: region_id
    role: foreign_key
    type: varchar(20)
  description: "\u8BA2\u5355\u4E8B\u5B9E\u8868\uFF0C\u8BB0\u5F55\u8BA2\u5355\u6570\
    \u91CF\u548C\u91D1\u989D\u7B49\u6838\u5FC3\u6307\u6807\u3002"
  name: fact_order
  role: fact
- columns:
  - alias:
    - "\u65E5\u671FID"
    - "\u65E5\u671F"
    description: "\u65E5\u671F\u552F\u4E00\u6807\u8BC6\uFF0C\u683C\u5F0F yyyyMMdd\u3002"
    examples:
    - 20250101
    - 20250102
    - 20250103
    - 20250104
    - 20250105
    - 20250106
    - 20250107
    - 20250108
    - 20250109
    - 20250110
    name: date_id
    role: primary_key
    type: int
  description: "\u65F6\u95F4\u7EF4\u5EA6\u8868\uFF0C\u7528\u4E8E\u591A\u65F6\u95F4\
    \u7C92\u5EA6\u5206\u6790\u3002"
  name: dim_date
  role: dim

2026-01-21 11:34:06.995 | INFO     | request_id - 3caaf92c-cbd3-4d15-bf7d-a67b78295150 | app.agent.nodes.filter_metric_info:filter_metric_info:28 - 指标筛选结果: [{'name': 'GMV', 'description': '全称Gross Merchandise Value，表示所有订单的成交金额总和。', 'alias': ['成交总额', '订单总额']}]
2026-01-21 11:34:08.145 | INFO     | request_id - 3caaf92c-cbd3-4d15-bf7d-a67b78295150 | app.agent.nodes.filter_table_info:filter_table_info:32 - 表格筛选结果: {'dim_product': ['category', 'product_id'], 'fact_order': ['order_amount', 'date_id', 'product_id'], 'dim_date': ['date_id']}
2026-01-21 11:34:08.150 | INFO     | request_id - 3caaf92c-cbd3-4d15-bf7d-a67b78295150 | app.agent.nodes.add_context:add_context:23 - 添加上下文信息-date_info:{'date': '2026-01-21', 'weekday': 'Wednesday', 'quarter': 'Q1'},db_info:{'dialect': 'mysql', 'version': '8.0.44'}
2026-01-21 11:34:13.226 | INFO     | request_id - 3caaf92c-cbd3-4d15-bf7d-a67b78295150 | app.agent.nodes.generate_sql:generate_sql:32 - 生成SQL: ```SELECT `dim_product`.`category` AS `商品分类`, SUM(`fact_order`.`order_amount`) AS `销售总额` FROM `fact_order` INNER JOIN `dim_product` ON `fact_order`.`product_id` = `dim_product`.`product_id` INNER JOIN `dim_date` ON `fact_order`.`date_id` = `dim_date`.`date_id` WHERE YEAR(FROM_UNIXTIME(UNIX_TIMESTAMP(CAST(`dim_date`.`date_id` AS CHAR(8)), '%Y%m%d'))) = YEAR(DATE_SUB('2026-01-21', INTERVAL 1 YEAR)) GROUP BY `dim_product`.`category` ```
2026-01-21 11:34:13.229 | INFO     | request_id - 3caaf92c-cbd3-4d15-bf7d-a67b78295150 | app.agent.nodes.validate_sql:validate_sql:16 - SQL验证结果: (asyncmy.errors.ProgrammingError) (1064, "You have an error in your SQL syntax; check the manual that corresponds to your MySQL server version for the right syntax to use near '`.`category` AS `商品分类`, SUM(`fact_order`.`order_amount`) AS `销售总é¢' at line 1")
[SQL: explain ```SELECT `dim_product`.`category` AS `商品分类`, SUM(`fact_order`.`order_amount`) AS `销售总额` FROM `fact_order` INNER JOIN `dim_product` ON `fact_order`.`product_id` = `dim_product`.`product_id` INNER JOIN `dim_date` ON `fact_order`.`date_id` = `dim_date`.`date_id` WHERE YEAR(FROM_UNIXTIME(UNIX_TIMESTAMP(CAST(`dim_date`.`date_id` AS CHAR(8)), '%%Y%%m%%d'))) = YEAR(DATE_SUB('2026-01-21', INTERVAL 1 YEAR)) GROUP BY `dim_product`.`category` ```]
(Background on this error at: https://sqlalche.me/e/20/f405)
2026-01-21 11:34:13.234 | INFO     | request_id - 3caaf92c-cbd3-4d15-bf7d-a67b78295150 | app.agent.nodes.execute_sql:execute_sql:17 - SQL执行结果: {'status': False, 'message': '(asyncmy.errors.ProgrammingError) (1064, "You have an error in your SQL syntax; check the manual that corresponds to your MySQL server version for the right syntax to use near \'```SELECT `dim_product`.`category` AS `商品分类`, SUM(`fact_order`.`order_am\' at line 1")\n[SQL: ```SELECT `dim_product`.`category` AS `商品分类`, SUM(`fact_order`.`order_amount`) AS `销售总额` FROM `fact_order` INNER JOIN `dim_product` ON `fact_order`.`product_id` = `dim_product`.`product_id` INNER JOIN `dim_date` ON `fact_order`.`date_id` = `dim_date`.`date_id` WHERE YEAR(FROM_UNIXTIME(UNIX_TIMESTAMP(CAST(`dim_date`.`date_id` AS CHAR(8)), \'%%Y%%m%%d\'))) = YEAR(DATE_SUB(\'2026-01-21\', INTERVAL 1 YEAR)) GROUP BY `dim_product`.`category` ```]\n(Background on this error at: https://sqlalche.me/e/20/f405)'}
2026-01-21 11:34:13.234 | ERROR    | request_id - 3caaf92c-cbd3-4d15-bf7d-a67b78295150 | app.agent.nodes.execute_sql:execute_sql:19 - (asyncmy.errors.ProgrammingError) (1064, "You have an error in your SQL syntax; check the manual that corresponds to your MySQL server version for the right syntax to use near '```SELECT `dim_product`.`category` AS `商品分类`, SUM(`fact_order`.`order_am' at line 1")
[SQL: ```SELECT `dim_product`.`category` AS `商品分类`, SUM(`fact_order`.`order_amount`) AS `销售总额` FROM `fact_order` INNER JOIN `dim_product` ON `fact_order`.`product_id` = `dim_product`.`product_id` INNER JOIN `dim_date` ON `fact_order`.`date_id` = `dim_date`.`date_id` WHERE YEAR(FROM_UNIXTIME(UNIX_TIMESTAMP(CAST(`dim_date`.`date_id` AS CHAR(8)), '%%Y%%m%%d'))) = YEAR(DATE_SUB('2026-01-21', INTERVAL 1 YEAR)) GROUP BY `dim_product`.`category` ```]
(Background on this error at: https://sqlalche.me/e/20/f405)
2026-01-21 11:34:18.411 | INFO     | request_id - 3caaf92c-cbd3-4d15-bf7d-a67b78295150 | app.agent.nodes.correct_sql:correct_sql:34 - 校正SQL结果：SELECT `dim_product`.`category` AS `商品分类`, SUM(`fact_order`.`order_amount`) AS `销售总额` FROM `fact_order` INNER JOIN `dim_product` ON `fact_order`.`product_id` = `dim_product`.`product_id` INNER JOIN `dim_date` ON `fact_order`.`date_id` = `dim_date`.`date_id` WHERE YEAR(STR_TO_DATE(CAST(`dim_date`.`date_id` AS CHAR(8)), '%Y%m%d')) = YEAR(DATE_SUB('2026-01-21', INTERVAL 1 YEAR)) GROUP BY `dim_product`.`category`
2026-01-21 11:35:29.582 | INFO     | request_id - 3948f94c-fc81-4cde-b940-161fc8c47656 | app.agent.nodes.extract_keywords:extract_keywords:43 - 关键词提取: ['商品', '统计一下去年各分类商品的销售总额', '统计', '分类', '销售总额']
2026-01-21 11:35:32.893 | INFO     | request_id - 3948f94c-fc81-4cde-b940-161fc8c47656 | app.agent.nodes.metric_recall:metric_recall:40 - recall metrics: dict_values([{'id': 'GMV', 'name': 'GMV', 'description': '全称Gross Merchandise Value，表示所有订单的成交金额总和。', 'relevant_columns': ['fact_order.order_amount'], 'alias': ['成交总额', '订单总额']}, {'id': 'AOV', 'name': 'AOV', 'description': '全称Average Order Value，表示所有订单的成交金额平均值。', 'relevant_columns': ['fact_order.order_quantity'], 'alias': ['平均单价', '平均订单金额']}])
2026-01-21 11:35:32.929 | INFO     | request_id - 3948f94c-fc81-4cde-b940-161fc8c47656 | app.agent.nodes.value_recall:value_recall:36 - 召回字段值：dict_values([])
2026-01-21 11:35:34.207 | INFO     | request_id - 3948f94c-fc81-4cde-b940-161fc8c47656 | app.agent.nodes.column_recall:column_recall:44 - 召回列信息: dict_values([{'id': 'dim_product.category', 'name': 'category', 'type': 'varchar(50)', 'role': 'dimension', 'examples': ['手机数码', '家用电器', '鞋靴', '服饰', '食品饮料', '休闲零食'], 'description': '商品所属品类。', 'alias': ['商品类别', '品类', '分类'], 'table_id': 'dim_product'}, {'id': 'dim_product.product_name', 'name': 'product_name', 'type': 'varchar(200)', 'role': 'dimension', 'examples': ['iPhone 15 Pro', 'Galaxy S24 Ultra', 'Mate 60 Pro', '戴森 V15 吸尘器', '美的空调 KFR-35GW', '耐克 Air Max 270 运动鞋', '阿迪达斯 Ultraboost 跑鞋', '优衣库 Heattech 保暖夹克', '李维斯 501 牛仔裤', '雀巢金牌速溶咖啡'], 'description': '商品名称。', 'alias': ['商品名称', '产品名称'], 'table_id': 'dim_product'}, {'id': 'dim_product.brand', 'name': 'brand', 'type': 'varchar(50)', 'role': 'dimension', 'examples': ['苹果', '三星', '华为', '戴森', '美的', '耐克', '阿迪达斯', '优衣库', '李维斯', '雀巢'], 'description': '商品品牌名称。', 'alias': ['品牌', '品牌名称'], 'table_id': 'dim_product'}, {'id': 'fact_order.order_amount', 'name': 'order_amount', 'type': 'float', 'role': 'measure', 'examples': [8999.0, 6999.0, 125.0, 899.0, 60.0, 1399.0, 40.0, 299.0, 200.0, 9499.0], 'description': '订单金额。', 'alias': ['销售额', '订单金额', '收入'], 'table_id': 'fact_order'}, {'id': 'fact_order.order_quantity', 'name': 'order_quantity', 'type': 'int', 'role': 'measure', 'examples': [1, 5, 12, 8, 2, 10, 3, 6, 25, 4], 'description': '订单中商品的购买数量。', 'alias': ['销量', '购买数量', '件数'], 'table_id': 'fact_order'}, {'id': 'fact_order.date_id', 'name': 'date_id', 'type': 'int', 'role': 'foreign_key', 'examples': [20250101, 20250102, 20250103, 20250104, 20250105, 20250106, 20250107, 20250108, 20250109, 20250110], 'description': '关联时间维度的外键。', 'alias': ['日期', '下单日期'], 'table_id': 'fact_order'}, {'id': 'dim_date.date_id', 'name': 'date_id', 'type': 'int', 'role': 'primary_key', 'examples': [20250101, 20250102, 20250103, 20250104, 20250105, 20250106, 20250107, 20250108, 20250109, 20250110], 'description': '日期唯一标识，格式 yyyyMMdd。', 'alias': ['日期ID', '日期'], 'table_id': 'dim_date'}])
2026-01-21 11:35:34.235 | INFO     | request_id - 3948f94c-fc81-4cde-b940-161fc8c47656 | app.agent.nodes.merge_retrieved_info:merge_retrieved_info:80 - merge retrieved info: metric_infos:
- alias:
  - "\u6210\u4EA4\u603B\u989D"
  - "\u8BA2\u5355\u603B\u989D"
  description: "\u5168\u79F0Gross Merchandise Value\uFF0C\u8868\u793A\u6240\u6709\u8BA2\
    \u5355\u7684\u6210\u4EA4\u91D1\u989D\u603B\u548C\u3002"
  name: GMV
- alias:
  - "\u5E73\u5747\u5355\u4EF7"
  - "\u5E73\u5747\u8BA2\u5355\u91D1\u989D"
  description: "\u5168\u79F0Average Order Value\uFF0C\u8868\u793A\u6240\u6709\u8BA2\
    \u5355\u7684\u6210\u4EA4\u91D1\u989D\u5E73\u5747\u503C\u3002"
  name: AOV
table_infos:
- columns:
  - alias:
    - "\u5546\u54C1\u7C7B\u522B"
    - "\u54C1\u7C7B"
    - "\u5206\u7C7B"
    description: "\u5546\u54C1\u6240\u5C5E\u54C1\u7C7B\u3002"
    examples:
    - "\u624B\u673A\u6570\u7801"
    - "\u5BB6\u7528\u7535\u5668"
    - "\u978B\u9774"
    - "\u670D\u9970"
    - "\u98DF\u54C1\u996E\u6599"
    - "\u4F11\u95F2\u96F6\u98DF"
    name: category
    role: dimension
    type: varchar(50)
  - alias:
    - "\u5546\u54C1\u540D\u79F0"
    - "\u4EA7\u54C1\u540D\u79F0"
    description: "\u5546\u54C1\u540D\u79F0\u3002"
    examples:
    - iPhone 15 Pro
    - Galaxy S24 Ultra
    - Mate 60 Pro
    - "\u6234\u68EE V15 \u5438\u5C18\u5668"
    - "\u7F8E\u7684\u7A7A\u8C03 KFR-35GW"
    - "\u8010\u514B Air Max 270 \u8FD0\u52A8\u978B"
    - "\u963F\u8FEA\u8FBE\u65AF Ultraboost \u8DD1\u978B"
    - "\u4F18\u8863\u5E93 Heattech \u4FDD\u6696\u5939\u514B"
    - "\u674E\u7EF4\u65AF 501 \u725B\u4ED4\u88E4"
    - "\u96C0\u5DE2\u91D1\u724C\u901F\u6EB6\u5496\u5561"
    name: product_name
    role: dimension
    type: varchar(200)
  - alias:
    - "\u54C1\u724C"
    - "\u54C1\u724C\u540D\u79F0"
    description: "\u5546\u54C1\u54C1\u724C\u540D\u79F0\u3002"
    examples:
    - "\u82F9\u679C"
    - "\u4E09\u661F"
    - "\u534E\u4E3A"
    - "\u6234\u68EE"
    - "\u7F8E\u7684"
    - "\u8010\u514B"
    - "\u963F\u8FEA\u8FBE\u65AF"
    - "\u4F18\u8863\u5E93"
    - "\u674E\u7EF4\u65AF"
    - "\u96C0\u5DE2"
    name: brand
    role: dimension
    type: varchar(50)
  - alias:
    - "\u5546\u54C1ID"
    - "\u4EA7\u54C1ID"
    description: "\u5546\u54C1\u552F\u4E00\u6807\u8BC6\u3002"
    examples:
    - P001
    - P002
    - P003
    - P004
    - P005
    - P006
    - P007
    - P008
    - P009
    - P010
    name: product_id
    role: primary_key
    type: varchar(20)
  description: "\u5546\u54C1\u7EF4\u5EA6\u8868\uFF0C\u63CF\u8FF0\u5546\u54C1\u7684\
    \u57FA\u672C\u5C5E\u6027\u4FE1\u606F\u3002"
  name: dim_product
  role: dim
- columns:
  - alias:
    - "\u9500\u552E\u989D"
    - "\u8BA2\u5355\u91D1\u989D"
    - "\u6536\u5165"
    description: "\u8BA2\u5355\u91D1\u989D\u3002"
    examples:
    - 8999.0
    - 6999.0
    - 125.0
    - 899.0
    - 60.0
    - 1399.0
    - 40.0
    - 299.0
    - 200.0
    - 9499.0
    name: order_amount
    role: measure
    type: float
  - alias:
    - "\u9500\u91CF"
    - "\u8D2D\u4E70\u6570\u91CF"
    - "\u4EF6\u6570"
    description: "\u8BA2\u5355\u4E2D\u5546\u54C1\u7684\u8D2D\u4E70\u6570\u91CF\u3002"
    examples:
    - 1
    - 5
    - 12
    - 8
    - 2
    - 10
    - 3
    - 6
    - 25
    - 4
    name: order_quantity
    role: measure
    type: int
  - alias:
    - "\u65E5\u671F"
    - "\u4E0B\u5355\u65E5\u671F"
    description: "\u5173\u8054\u65F6\u95F4\u7EF4\u5EA6\u7684\u5916\u952E\u3002"
    examples:
    - 20250101
    - 20250102
    - 20250103
    - 20250104
    - 20250105
    - 20250106
    - 20250107
    - 20250108
    - 20250109
    - 20250110
    name: date_id
    role: foreign_key
    type: int
  - alias:
    - "\u5BA2\u6237ID"
    - "\u7528\u6237ID"
    description: "\u5173\u8054\u5BA2\u6237\u7EF4\u5EA6\u7684\u5916\u952E\u3002"
    examples:
    - C001
    - C005
    - C003
    - C008
    - C012
    - C015
    - C002
    - C007
    - C010
    - C019
    name: customer_id
    role: foreign_key
    type: varchar(20)
  - alias:
    - "\u8BA2\u5355ID"
    description: "\u8BA2\u5355\u552F\u4E00\u6807\u8BC6\u3002"
    examples:
    - ORD20250101001
    - ORD20250101002
    - ORD20250102001
    - ORD20250102002
    - ORD20250103001
    - ORD20250103002
    - ORD20250104001
    - ORD20250105001
    - ORD20250105002
    - ORD20250106001
    name: order_id
    role: primary_key
    type: varchar(30)
  - alias:
    - "\u5546\u54C1ID"
    - "\u4EA7\u54C1ID"
    description: "\u5173\u8054\u5546\u54C1\u7EF4\u5EA6\u7684\u5916\u952E\u3002"
    examples:
    - P001
    - P003
    - P010
    - P006
    - P011
    - P014
    - P012
    - P008
    - P002
    - P013
    name: product_id
    role: foreign_key
    type: varchar(20)
  - alias:
    - "\u5730\u533AID"
    - "\u533A\u57DFID"
    description: "\u5173\u8054\u5730\u533A\u7EF4\u5EA6\u7684\u5916\u952E\u3002"
    examples:
    - R001
    - R005
    - R002
    - R004
    - R003
    - R006
    name: region_id
    role: foreign_key
    type: varchar(20)
  description: "\u8BA2\u5355\u4E8B\u5B9E\u8868\uFF0C\u8BB0\u5F55\u8BA2\u5355\u6570\
    \u91CF\u548C\u91D1\u989D\u7B49\u6838\u5FC3\u6307\u6807\u3002"
  name: fact_order
  role: fact
- columns:
  - alias:
    - "\u65E5\u671FID"
    - "\u65E5\u671F"
    description: "\u65E5\u671F\u552F\u4E00\u6807\u8BC6\uFF0C\u683C\u5F0F yyyyMMdd\u3002"
    examples:
    - 20250101
    - 20250102
    - 20250103
    - 20250104
    - 20250105
    - 20250106
    - 20250107
    - 20250108
    - 20250109
    - 20250110
    name: date_id
    role: primary_key
    type: int
  description: "\u65F6\u95F4\u7EF4\u5EA6\u8868\uFF0C\u7528\u4E8E\u591A\u65F6\u95F4\
    \u7C92\u5EA6\u5206\u6790\u3002"
  name: dim_date
  role: dim

2026-01-21 11:35:35.114 | INFO     | request_id - 3948f94c-fc81-4cde-b940-161fc8c47656 | app.agent.nodes.filter_metric_info:filter_metric_info:28 - 指标筛选结果: [{'name': 'GMV', 'description': '全称Gross Merchandise Value，表示所有订单的成交金额总和。', 'alias': ['成交总额', '订单总额']}]
2026-01-21 11:35:36.159 | INFO     | request_id - 3948f94c-fc81-4cde-b940-161fc8c47656 | app.agent.nodes.filter_table_info:filter_table_info:32 - 表格筛选结果: {'dim_product': ['category', 'product_id'], 'fact_order': ['order_amount', 'date_id', 'product_id'], 'dim_date': ['date_id']}
2026-01-21 11:35:36.164 | INFO     | request_id - 3948f94c-fc81-4cde-b940-161fc8c47656 | app.agent.nodes.add_context:add_context:23 - 添加上下文信息-date_info:{'date': '2026-01-21', 'weekday': 'Wednesday', 'quarter': 'Q1'},db_info:{'dialect': 'mysql', 'version': '8.0.44'}
2026-01-21 11:35:40.648 | INFO     | request_id - 3948f94c-fc81-4cde-b940-161fc8c47656 | app.agent.nodes.generate_sql:generate_sql:32 - 生成SQL: ```SELECT `dim_product`.`category`, SUM(`fact_order`.`order_amount`) AS `销售总额` FROM `fact_order` JOIN `dim_product` ON `fact_order`.`product_id` = `dim_product`.`product_id` JOIN `dim_date` ON `fact_order`.`date_id` = `dim_date`.`date_id` WHERE YEAR(FROM_UNIXTIME(UNIX_TIMESTAMP(CAST(`dim_date`.`date_id` AS CHAR(8)), '%Y%m%d'))) = YEAR(CURDATE()) - 1 GROUP BY `dim_product`.`category` ```
2026-01-21 11:35:40.652 | INFO     | request_id - 3948f94c-fc81-4cde-b940-161fc8c47656 | app.agent.nodes.validate_sql:validate_sql:16 - SQL验证结果: (asyncmy.errors.ProgrammingError) (1064, "You have an error in your SQL syntax; check the manual that corresponds to your MySQL server version for the right syntax to use near '`.`category`, SUM(`fact_order`.`order_amount`) AS `销售总额` FROM `fact_orde' at line 1")
[SQL: explain ```SELECT `dim_product`.`category`, SUM(`fact_order`.`order_amount`) AS `销售总额` FROM `fact_order` JOIN `dim_product` ON `fact_order`.`product_id` = `dim_product`.`product_id` JOIN `dim_date` ON `fact_order`.`date_id` = `dim_date`.`date_id` WHERE YEAR(FROM_UNIXTIME(UNIX_TIMESTAMP(CAST(`dim_date`.`date_id` AS CHAR(8)), '%%Y%%m%%d'))) = YEAR(CURDATE()) - 1 GROUP BY `dim_product`.`category` ```]
(Background on this error at: https://sqlalche.me/e/20/f405)
2026-01-21 11:35:40.656 | INFO     | request_id - 3948f94c-fc81-4cde-b940-161fc8c47656 | app.agent.nodes.execute_sql:execute_sql:17 - SQL执行结果: {'status': False, 'message': '(asyncmy.errors.ProgrammingError) (1064, "You have an error in your SQL syntax; check the manual that corresponds to your MySQL server version for the right syntax to use near \'```SELECT `dim_product`.`category`, SUM(`fact_order`.`order_amount`) AS `销售æ\' at line 1")\n[SQL: ```SELECT `dim_product`.`category`, SUM(`fact_order`.`order_amount`) AS `销售总额` FROM `fact_order` JOIN `dim_product` ON `fact_order`.`product_id` = `dim_product`.`product_id` JOIN `dim_date` ON `fact_order`.`date_id` = `dim_date`.`date_id` WHERE YEAR(FROM_UNIXTIME(UNIX_TIMESTAMP(CAST(`dim_date`.`date_id` AS CHAR(8)), \'%%Y%%m%%d\'))) = YEAR(CURDATE()) - 1 GROUP BY `dim_product`.`category` ```]\n(Background on this error at: https://sqlalche.me/e/20/f405)'}
2026-01-21 11:35:40.656 | ERROR    | request_id - 3948f94c-fc81-4cde-b940-161fc8c47656 | app.agent.nodes.execute_sql:execute_sql:19 - (asyncmy.errors.ProgrammingError) (1064, "You have an error in your SQL syntax; check the manual that corresponds to your MySQL server version for the right syntax to use near '```SELECT `dim_product`.`category`, SUM(`fact_order`.`order_amount`) AS `销售æ' at line 1")
[SQL: ```SELECT `dim_product`.`category`, SUM(`fact_order`.`order_amount`) AS `销售总额` FROM `fact_order` JOIN `dim_product` ON `fact_order`.`product_id` = `dim_product`.`product_id` JOIN `dim_date` ON `fact_order`.`date_id` = `dim_date`.`date_id` WHERE YEAR(FROM_UNIXTIME(UNIX_TIMESTAMP(CAST(`dim_date`.`date_id` AS CHAR(8)), '%%Y%%m%%d'))) = YEAR(CURDATE()) - 1 GROUP BY `dim_product`.`category` ```]
(Background on this error at: https://sqlalche.me/e/20/f405)
2026-01-21 11:35:44.758 | INFO     | request_id - 3948f94c-fc81-4cde-b940-161fc8c47656 | app.agent.nodes.correct_sql:correct_sql:34 - 校正SQL结果：SELECT `dim_product`.`category`, SUM(`fact_order`.`order_amount`) AS `销售总额` FROM `fact_order` JOIN `dim_product` ON `fact_order`.`product_id` = `dim_product`.`product_id` JOIN `dim_date` ON `fact_order`.`date_id` = `dim_date`.`date_id` WHERE YEAR(STR_TO_DATE(CAST(`dim_date`.`date_id` AS CHAR(8)), '%Y%m%d')) = YEAR(CURDATE()) - 1 GROUP BY `dim_product`.`category`
2026-01-21 11:37:11.822 | INFO     | request_id - 557b738b-ae1b-4a4d-915a-d7e881d99edf | app.agent.nodes.extract_keywords:extract_keywords:43 - 关键词提取: ['分类', '销售总额', '统计', '统计一下去年各分类商品的销售总额', '商品']
2026-01-21 11:37:15.740 | INFO     | request_id - 557b738b-ae1b-4a4d-915a-d7e881d99edf | app.agent.nodes.metric_recall:metric_recall:40 - recall metrics: dict_values([{'id': 'GMV', 'name': 'GMV', 'description': '全称Gross Merchandise Value，表示所有订单的成交金额总和。', 'relevant_columns': ['fact_order.order_amount'], 'alias': ['成交总额', '订单总额']}, {'id': 'AOV', 'name': 'AOV', 'description': '全称Average Order Value，表示所有订单的成交金额平均值。', 'relevant_columns': ['fact_order.order_quantity'], 'alias': ['平均单价', '平均订单金额']}])
2026-01-21 11:37:15.911 | INFO     | request_id - 557b738b-ae1b-4a4d-915a-d7e881d99edf | app.agent.nodes.value_recall:value_recall:36 - 召回字段值：dict_values([])
2026-01-21 11:37:16.786 | INFO     | request_id - 557b738b-ae1b-4a4d-915a-d7e881d99edf | app.agent.nodes.column_recall:column_recall:44 - 召回列信息: dict_values([{'id': 'dim_product.category', 'name': 'category', 'type': 'varchar(50)', 'role': 'dimension', 'examples': ['手机数码', '家用电器', '鞋靴', '服饰', '食品饮料', '休闲零食'], 'description': '商品所属品类。', 'alias': ['商品类别', '品类', '分类'], 'table_id': 'dim_product'}, {'id': 'fact_order.order_amount', 'name': 'order_amount', 'type': 'float', 'role': 'measure', 'examples': [8999.0, 6999.0, 125.0, 899.0, 60.0, 1399.0, 40.0, 299.0, 200.0, 9499.0], 'description': '订单金额。', 'alias': ['销售额', '订单金额', '收入'], 'table_id': 'fact_order'}, {'id': 'fact_order.order_quantity', 'name': 'order_quantity', 'type': 'int', 'role': 'measure', 'examples': [1, 5, 12, 8, 2, 10, 3, 6, 25, 4], 'description': '订单中商品的购买数量。', 'alias': ['销量', '购买数量', '件数'], 'table_id': 'fact_order'}, {'id': 'dim_product.product_name', 'name': 'product_name', 'type': 'varchar(200)', 'role': 'dimension', 'examples': ['iPhone 15 Pro', 'Galaxy S24 Ultra', 'Mate 60 Pro', '戴森 V15 吸尘器', '美的空调 KFR-35GW', '耐克 Air Max 270 运动鞋', '阿迪达斯 Ultraboost 跑鞋', '优衣库 Heattech 保暖夹克', '李维斯 501 牛仔裤', '雀巢金牌速溶咖啡'], 'description': '商品名称。', 'alias': ['商品名称', '产品名称'], 'table_id': 'dim_product'}, {'id': 'fact_order.date_id', 'name': 'date_id', 'type': 'int', 'role': 'foreign_key', 'examples': [20250101, 20250102, 20250103, 20250104, 20250105, 20250106, 20250107, 20250108, 20250109, 20250110], 'description': '关联时间维度的外键。', 'alias': ['日期', '下单日期'], 'table_id': 'fact_order'}, {'id': 'dim_date.date_id', 'name': 'date_id', 'type': 'int', 'role': 'primary_key', 'examples': [20250101, 20250102, 20250103, 20250104, 20250105, 20250106, 20250107, 20250108, 20250109, 20250110], 'description': '日期唯一标识，格式 yyyyMMdd。', 'alias': ['日期ID', '日期'], 'table_id': 'dim_date'}, {'id': 'dim_product.brand', 'name': 'brand', 'type': 'varchar(50)', 'role': 'dimension', 'examples': ['苹果', '三星', '华为', '戴森', '美的', '耐克', '阿迪达斯', '优衣库', '李维斯', '雀巢'], 'description': '商品品牌名称。', 'alias': ['品牌', '品牌名称'], 'table_id': 'dim_product'}])
2026-01-21 11:37:16.839 | INFO     | request_id - 557b738b-ae1b-4a4d-915a-d7e881d99edf | app.agent.nodes.merge_retrieved_info:merge_retrieved_info:80 - merge retrieved info: metric_infos:
- alias:
  - "\u6210\u4EA4\u603B\u989D"
  - "\u8BA2\u5355\u603B\u989D"
  description: "\u5168\u79F0Gross Merchandise Value\uFF0C\u8868\u793A\u6240\u6709\u8BA2\
    \u5355\u7684\u6210\u4EA4\u91D1\u989D\u603B\u548C\u3002"
  name: GMV
- alias:
  - "\u5E73\u5747\u5355\u4EF7"
  - "\u5E73\u5747\u8BA2\u5355\u91D1\u989D"
  description: "\u5168\u79F0Average Order Value\uFF0C\u8868\u793A\u6240\u6709\u8BA2\
    \u5355\u7684\u6210\u4EA4\u91D1\u989D\u5E73\u5747\u503C\u3002"
  name: AOV
table_infos:
- columns:
  - alias:
    - "\u5546\u54C1\u7C7B\u522B"
    - "\u54C1\u7C7B"
    - "\u5206\u7C7B"
    description: "\u5546\u54C1\u6240\u5C5E\u54C1\u7C7B\u3002"
    examples:
    - "\u624B\u673A\u6570\u7801"
    - "\u5BB6\u7528\u7535\u5668"
    - "\u978B\u9774"
    - "\u670D\u9970"
    - "\u98DF\u54C1\u996E\u6599"
    - "\u4F11\u95F2\u96F6\u98DF"
    name: category
    role: dimension
    type: varchar(50)
  - alias:
    - "\u5546\u54C1\u540D\u79F0"
    - "\u4EA7\u54C1\u540D\u79F0"
    description: "\u5546\u54C1\u540D\u79F0\u3002"
    examples:
    - iPhone 15 Pro
    - Galaxy S24 Ultra
    - Mate 60 Pro
    - "\u6234\u68EE V15 \u5438\u5C18\u5668"
    - "\u7F8E\u7684\u7A7A\u8C03 KFR-35GW"
    - "\u8010\u514B Air Max 270 \u8FD0\u52A8\u978B"
    - "\u963F\u8FEA\u8FBE\u65AF Ultraboost \u8DD1\u978B"
    - "\u4F18\u8863\u5E93 Heattech \u4FDD\u6696\u5939\u514B"
    - "\u674E\u7EF4\u65AF 501 \u725B\u4ED4\u88E4"
    - "\u96C0\u5DE2\u91D1\u724C\u901F\u6EB6\u5496\u5561"
    name: product_name
    role: dimension
    type: varchar(200)
  - alias:
    - "\u54C1\u724C"
    - "\u54C1\u724C\u540D\u79F0"
    description: "\u5546\u54C1\u54C1\u724C\u540D\u79F0\u3002"
    examples:
    - "\u82F9\u679C"
    - "\u4E09\u661F"
    - "\u534E\u4E3A"
    - "\u6234\u68EE"
    - "\u7F8E\u7684"
    - "\u8010\u514B"
    - "\u963F\u8FEA\u8FBE\u65AF"
    - "\u4F18\u8863\u5E93"
    - "\u674E\u7EF4\u65AF"
    - "\u96C0\u5DE2"
    name: brand
    role: dimension
    type: varchar(50)
  - alias:
    - "\u5546\u54C1ID"
    - "\u4EA7\u54C1ID"
    description: "\u5546\u54C1\u552F\u4E00\u6807\u8BC6\u3002"
    examples:
    - P001
    - P002
    - P003
    - P004
    - P005
    - P006
    - P007
    - P008
    - P009
    - P010
    name: product_id
    role: primary_key
    type: varchar(20)
  description: "\u5546\u54C1\u7EF4\u5EA6\u8868\uFF0C\u63CF\u8FF0\u5546\u54C1\u7684\
    \u57FA\u672C\u5C5E\u6027\u4FE1\u606F\u3002"
  name: dim_product
  role: dim
- columns:
  - alias:
    - "\u9500\u552E\u989D"
    - "\u8BA2\u5355\u91D1\u989D"
    - "\u6536\u5165"
    description: "\u8BA2\u5355\u91D1\u989D\u3002"
    examples:
    - 8999.0
    - 6999.0
    - 125.0
    - 899.0
    - 60.0
    - 1399.0
    - 40.0
    - 299.0
    - 200.0
    - 9499.0
    name: order_amount
    role: measure
    type: float
  - alias:
    - "\u9500\u91CF"
    - "\u8D2D\u4E70\u6570\u91CF"
    - "\u4EF6\u6570"
    description: "\u8BA2\u5355\u4E2D\u5546\u54C1\u7684\u8D2D\u4E70\u6570\u91CF\u3002"
    examples:
    - 1
    - 5
    - 12
    - 8
    - 2
    - 10
    - 3
    - 6
    - 25
    - 4
    name: order_quantity
    role: measure
    type: int
  - alias:
    - "\u65E5\u671F"
    - "\u4E0B\u5355\u65E5\u671F"
    description: "\u5173\u8054\u65F6\u95F4\u7EF4\u5EA6\u7684\u5916\u952E\u3002"
    examples:
    - 20250101
    - 20250102
    - 20250103
    - 20250104
    - 20250105
    - 20250106
    - 20250107
    - 20250108
    - 20250109
    - 20250110
    name: date_id
    role: foreign_key
    type: int
  - alias:
    - "\u5BA2\u6237ID"
    - "\u7528\u6237ID"
    description: "\u5173\u8054\u5BA2\u6237\u7EF4\u5EA6\u7684\u5916\u952E\u3002"
    examples:
    - C001
    - C005
    - C003
    - C008
    - C012
    - C015
    - C002
    - C007
    - C010
    - C019
    name: customer_id
    role: foreign_key
    type: varchar(20)
  - alias:
    - "\u8BA2\u5355ID"
    description: "\u8BA2\u5355\u552F\u4E00\u6807\u8BC6\u3002"
    examples:
    - ORD20250101001
    - ORD20250101002
    - ORD20250102001
    - ORD20250102002
    - ORD20250103001
    - ORD20250103002
    - ORD20250104001
    - ORD20250105001
    - ORD20250105002
    - ORD20250106001
    name: order_id
    role: primary_key
    type: varchar(30)
  - alias:
    - "\u5546\u54C1ID"
    - "\u4EA7\u54C1ID"
    description: "\u5173\u8054\u5546\u54C1\u7EF4\u5EA6\u7684\u5916\u952E\u3002"
    examples:
    - P001
    - P003
    - P010
    - P006
    - P011
    - P014
    - P012
    - P008
    - P002
    - P013
    name: product_id
    role: foreign_key
    type: varchar(20)
  - alias:
    - "\u5730\u533AID"
    - "\u533A\u57DFID"
    description: "\u5173\u8054\u5730\u533A\u7EF4\u5EA6\u7684\u5916\u952E\u3002"
    examples:
    - R001
    - R005
    - R002
    - R004
    - R003
    - R006
    name: region_id
    role: foreign_key
    type: varchar(20)
  description: "\u8BA2\u5355\u4E8B\u5B9E\u8868\uFF0C\u8BB0\u5F55\u8BA2\u5355\u6570\
    \u91CF\u548C\u91D1\u989D\u7B49\u6838\u5FC3\u6307\u6807\u3002"
  name: fact_order
  role: fact
- columns:
  - alias:
    - "\u65E5\u671FID"
    - "\u65E5\u671F"
    description: "\u65E5\u671F\u552F\u4E00\u6807\u8BC6\uFF0C\u683C\u5F0F yyyyMMdd\u3002"
    examples:
    - 20250101
    - 20250102
    - 20250103
    - 20250104
    - 20250105
    - 20250106
    - 20250107
    - 20250108
    - 20250109
    - 20250110
    name: date_id
    role: primary_key
    type: int
  description: "\u65F6\u95F4\u7EF4\u5EA6\u8868\uFF0C\u7528\u4E8E\u591A\u65F6\u95F4\
    \u7C92\u5EA6\u5206\u6790\u3002"
  name: dim_date
  role: dim

2026-01-21 11:37:18.442 | INFO     | request_id - 557b738b-ae1b-4a4d-915a-d7e881d99edf | app.agent.nodes.filter_metric_info:filter_metric_info:28 - 指标筛选结果: [{'name': 'GMV', 'description': '全称Gross Merchandise Value，表示所有订单的成交金额总和。', 'alias': ['成交总额', '订单总额']}]
2026-01-21 11:37:18.913 | INFO     | request_id - 557b738b-ae1b-4a4d-915a-d7e881d99edf | app.agent.nodes.filter_table_info:filter_table_info:32 - 表格筛选结果: {'dim_product': ['category', 'product_id'], 'fact_order': ['order_amount', 'date_id', 'product_id'], 'dim_date': ['date_id']}
2026-01-21 11:37:18.929 | INFO     | request_id - 557b738b-ae1b-4a4d-915a-d7e881d99edf | app.agent.nodes.add_context:add_context:23 - 添加上下文信息-date_info:{'date': '2026-01-21', 'weekday': 'Wednesday', 'quarter': 'Q1'},db_info:{'dialect': 'mysql', 'version': '8.0.44'}
2026-01-21 11:37:23.185 | INFO     | request_id - 557b738b-ae1b-4a4d-915a-d7e881d99edf | app.agent.nodes.generate_sql:generate_sql:32 - 生成SQL: ```SELECT `dim_product`.`category`, SUM(`fact_order`.`order_amount`) AS `销售总额` FROM `fact_order` JOIN `dim_product` ON `fact_order`.`product_id` = `dim_product`.`product_id` JOIN `dim_date` ON `fact_order`.`date_id` = `dim_date`.`date_id` WHERE YEAR(FROM_UNIXTIME(`dim_date`.`date_id` / 1000)) = YEAR(CURDATE()) - 1 GROUP BY `dim_product`.`category` ```
2026-01-21 11:37:23.189 | INFO     | request_id - 557b738b-ae1b-4a4d-915a-d7e881d99edf | app.agent.nodes.validate_sql:validate_sql:16 - SQL验证结果: (asyncmy.errors.ProgrammingError) (1064, "You have an error in your SQL syntax; check the manual that corresponds to your MySQL server version for the right syntax to use near '`.`category`, SUM(`fact_order`.`order_amount`) AS `销售总额` FROM `fact_orde' at line 1")
[SQL: explain ```SELECT `dim_product`.`category`, SUM(`fact_order`.`order_amount`) AS `销售总额` FROM `fact_order` JOIN `dim_product` ON `fact_order`.`product_id` = `dim_product`.`product_id` JOIN `dim_date` ON `fact_order`.`date_id` = `dim_date`.`date_id` WHERE YEAR(FROM_UNIXTIME(`dim_date`.`date_id` / 1000)) = YEAR(CURDATE()) - 1 GROUP BY `dim_product`.`category` ```]
(Background on this error at: https://sqlalche.me/e/20/f405)
2026-01-21 11:37:23.195 | INFO     | request_id - 557b738b-ae1b-4a4d-915a-d7e881d99edf | app.agent.nodes.execute_sql:execute_sql:17 - SQL执行结果: {'status': False, 'message': '(asyncmy.errors.ProgrammingError) (1064, "You have an error in your SQL syntax; check the manual that corresponds to your MySQL server version for the right syntax to use near \'```SELECT `dim_product`.`category`, SUM(`fact_order`.`order_amount`) AS `销售æ\' at line 1")\n[SQL: ```SELECT `dim_product`.`category`, SUM(`fact_order`.`order_amount`) AS `销售总额` FROM `fact_order` JOIN `dim_product` ON `fact_order`.`product_id` = `dim_product`.`product_id` JOIN `dim_date` ON `fact_order`.`date_id` = `dim_date`.`date_id` WHERE YEAR(FROM_UNIXTIME(`dim_date`.`date_id` / 1000)) = YEAR(CURDATE()) - 1 GROUP BY `dim_product`.`category` ```]\n(Background on this error at: https://sqlalche.me/e/20/f405)'}
2026-01-21 11:37:23.195 | ERROR    | request_id - 557b738b-ae1b-4a4d-915a-d7e881d99edf | app.agent.nodes.execute_sql:execute_sql:19 - (asyncmy.errors.ProgrammingError) (1064, "You have an error in your SQL syntax; check the manual that corresponds to your MySQL server version for the right syntax to use near '```SELECT `dim_product`.`category`, SUM(`fact_order`.`order_amount`) AS `销售æ' at line 1")
[SQL: ```SELECT `dim_product`.`category`, SUM(`fact_order`.`order_amount`) AS `销售总额` FROM `fact_order` JOIN `dim_product` ON `fact_order`.`product_id` = `dim_product`.`product_id` JOIN `dim_date` ON `fact_order`.`date_id` = `dim_date`.`date_id` WHERE YEAR(FROM_UNIXTIME(`dim_date`.`date_id` / 1000)) = YEAR(CURDATE()) - 1 GROUP BY `dim_product`.`category` ```]
(Background on this error at: https://sqlalche.me/e/20/f405)
2026-01-21 11:37:27.091 | INFO     | request_id - 557b738b-ae1b-4a4d-915a-d7e881d99edf | app.agent.nodes.correct_sql:correct_sql:34 - 校正SQL结果：SELECT `dim_product`.`category`, SUM(`fact_order`.`order_amount`) AS `销售总额` FROM `fact_order` JOIN `dim_product` ON `fact_order`.`product_id` = `dim_product`.`product_id` JOIN `dim_date` ON `fact_order`.`date_id` = `dim_date`.`date_id` WHERE YEAR(FROM_UNIXTIME(`dim_date`.`date_id` / 1000)) = YEAR(CURDATE()) - 1 GROUP BY `dim_product`.`category`
2026-01-21 11:39:30.770 | INFO     | request_id - 0b8d25ed-358f-4bba-9db3-81323f5d9a96 | app.agent.nodes.extract_keywords:extract_keywords:43 - 关键词提取: ['分类', '统计一下去年各分类商品的销售总额', '统计', '销售总额', '商品']
2026-01-21 11:39:34.521 | INFO     | request_id - 0b8d25ed-358f-4bba-9db3-81323f5d9a96 | app.agent.nodes.metric_recall:metric_recall:40 - recall metrics: dict_values([{'id': 'GMV', 'name': 'GMV', 'description': '全称Gross Merchandise Value，表示所有订单的成交金额总和。', 'relevant_columns': ['fact_order.order_amount'], 'alias': ['成交总额', '订单总额']}, {'id': 'AOV', 'name': 'AOV', 'description': '全称Average Order Value，表示所有订单的成交金额平均值。', 'relevant_columns': ['fact_order.order_quantity'], 'alias': ['平均单价', '平均订单金额']}])
2026-01-21 11:39:34.643 | INFO     | request_id - 0b8d25ed-358f-4bba-9db3-81323f5d9a96 | app.agent.nodes.value_recall:value_recall:36 - 召回字段值：dict_values([])
2026-01-21 11:39:35.459 | INFO     | request_id - 0b8d25ed-358f-4bba-9db3-81323f5d9a96 | app.agent.nodes.column_recall:column_recall:44 - 召回列信息: dict_values([{'id': 'dim_product.category', 'name': 'category', 'type': 'varchar(50)', 'role': 'dimension', 'examples': ['手机数码', '家用电器', '鞋靴', '服饰', '食品饮料', '休闲零食'], 'description': '商品所属品类。', 'alias': ['商品类别', '品类', '分类'], 'table_id': 'dim_product'}, {'id': 'dim_product.product_name', 'name': 'product_name', 'type': 'varchar(200)', 'role': 'dimension', 'examples': ['iPhone 15 Pro', 'Galaxy S24 Ultra', 'Mate 60 Pro', '戴森 V15 吸尘器', '美的空调 KFR-35GW', '耐克 Air Max 270 运动鞋', '阿迪达斯 Ultraboost 跑鞋', '优衣库 Heattech 保暖夹克', '李维斯 501 牛仔裤', '雀巢金牌速溶咖啡'], 'description': '商品名称。', 'alias': ['商品名称', '产品名称'], 'table_id': 'dim_product'}, {'id': 'fact_order.order_amount', 'name': 'order_amount', 'type': 'float', 'role': 'measure', 'examples': [8999.0, 6999.0, 125.0, 899.0, 60.0, 1399.0, 40.0, 299.0, 200.0, 9499.0], 'description': '订单金额。', 'alias': ['销售额', '订单金额', '收入'], 'table_id': 'fact_order'}, {'id': 'fact_order.order_quantity', 'name': 'order_quantity', 'type': 'int', 'role': 'measure', 'examples': [1, 5, 12, 8, 2, 10, 3, 6, 25, 4], 'description': '订单中商品的购买数量。', 'alias': ['销量', '购买数量', '件数'], 'table_id': 'fact_order'}, {'id': 'fact_order.date_id', 'name': 'date_id', 'type': 'int', 'role': 'foreign_key', 'examples': [20250101, 20250102, 20250103, 20250104, 20250105, 20250106, 20250107, 20250108, 20250109, 20250110], 'description': '关联时间维度的外键。', 'alias': ['日期', '下单日期'], 'table_id': 'fact_order'}, {'id': 'dim_date.date_id', 'name': 'date_id', 'type': 'int', 'role': 'primary_key', 'examples': [20250101, 20250102, 20250103, 20250104, 20250105, 20250106, 20250107, 20250108, 20250109, 20250110], 'description': '日期唯一标识，格式 yyyyMMdd。', 'alias': ['日期ID', '日期'], 'table_id': 'dim_date'}, {'id': 'dim_product.brand', 'name': 'brand', 'type': 'varchar(50)', 'role': 'dimension', 'examples': ['苹果', '三星', '华为', '戴森', '美的', '耐克', '阿迪达斯', '优衣库', '李维斯', '雀巢'], 'description': '商品品牌名称。', 'alias': ['品牌', '品牌名称'], 'table_id': 'dim_product'}])
2026-01-21 11:39:35.509 | INFO     | request_id - 0b8d25ed-358f-4bba-9db3-81323f5d9a96 | app.agent.nodes.merge_retrieved_info:merge_retrieved_info:80 - merge retrieved info: metric_infos:
- alias:
  - "\u6210\u4EA4\u603B\u989D"
  - "\u8BA2\u5355\u603B\u989D"
  description: "\u5168\u79F0Gross Merchandise Value\uFF0C\u8868\u793A\u6240\u6709\u8BA2\
    \u5355\u7684\u6210\u4EA4\u91D1\u989D\u603B\u548C\u3002"
  name: GMV
- alias:
  - "\u5E73\u5747\u5355\u4EF7"
  - "\u5E73\u5747\u8BA2\u5355\u91D1\u989D"
  description: "\u5168\u79F0Average Order Value\uFF0C\u8868\u793A\u6240\u6709\u8BA2\
    \u5355\u7684\u6210\u4EA4\u91D1\u989D\u5E73\u5747\u503C\u3002"
  name: AOV
table_infos:
- columns:
  - alias:
    - "\u5546\u54C1\u7C7B\u522B"
    - "\u54C1\u7C7B"
    - "\u5206\u7C7B"
    description: "\u5546\u54C1\u6240\u5C5E\u54C1\u7C7B\u3002"
    examples:
    - "\u624B\u673A\u6570\u7801"
    - "\u5BB6\u7528\u7535\u5668"
    - "\u978B\u9774"
    - "\u670D\u9970"
    - "\u98DF\u54C1\u996E\u6599"
    - "\u4F11\u95F2\u96F6\u98DF"
    name: category
    role: dimension
    type: varchar(50)
  - alias:
    - "\u5546\u54C1\u540D\u79F0"
    - "\u4EA7\u54C1\u540D\u79F0"
    description: "\u5546\u54C1\u540D\u79F0\u3002"
    examples:
    - iPhone 15 Pro
    - Galaxy S24 Ultra
    - Mate 60 Pro
    - "\u6234\u68EE V15 \u5438\u5C18\u5668"
    - "\u7F8E\u7684\u7A7A\u8C03 KFR-35GW"
    - "\u8010\u514B Air Max 270 \u8FD0\u52A8\u978B"
    - "\u963F\u8FEA\u8FBE\u65AF Ultraboost \u8DD1\u978B"
    - "\u4F18\u8863\u5E93 Heattech \u4FDD\u6696\u5939\u514B"
    - "\u674E\u7EF4\u65AF 501 \u725B\u4ED4\u88E4"
    - "\u96C0\u5DE2\u91D1\u724C\u901F\u6EB6\u5496\u5561"
    name: product_name
    role: dimension
    type: varchar(200)
  - alias:
    - "\u54C1\u724C"
    - "\u54C1\u724C\u540D\u79F0"
    description: "\u5546\u54C1\u54C1\u724C\u540D\u79F0\u3002"
    examples:
    - "\u82F9\u679C"
    - "\u4E09\u661F"
    - "\u534E\u4E3A"
    - "\u6234\u68EE"
    - "\u7F8E\u7684"
    - "\u8010\u514B"
    - "\u963F\u8FEA\u8FBE\u65AF"
    - "\u4F18\u8863\u5E93"
    - "\u674E\u7EF4\u65AF"
    - "\u96C0\u5DE2"
    name: brand
    role: dimension
    type: varchar(50)
  - alias:
    - "\u5546\u54C1ID"
    - "\u4EA7\u54C1ID"
    description: "\u5546\u54C1\u552F\u4E00\u6807\u8BC6\u3002"
    examples:
    - P001
    - P002
    - P003
    - P004
    - P005
    - P006
    - P007
    - P008
    - P009
    - P010
    name: product_id
    role: primary_key
    type: varchar(20)
  description: "\u5546\u54C1\u7EF4\u5EA6\u8868\uFF0C\u63CF\u8FF0\u5546\u54C1\u7684\
    \u57FA\u672C\u5C5E\u6027\u4FE1\u606F\u3002"
  name: dim_product
  role: dim
- columns:
  - alias:
    - "\u9500\u552E\u989D"
    - "\u8BA2\u5355\u91D1\u989D"
    - "\u6536\u5165"
    description: "\u8BA2\u5355\u91D1\u989D\u3002"
    examples:
    - 8999.0
    - 6999.0
    - 125.0
    - 899.0
    - 60.0
    - 1399.0
    - 40.0
    - 299.0
    - 200.0
    - 9499.0
    name: order_amount
    role: measure
    type: float
  - alias:
    - "\u9500\u91CF"
    - "\u8D2D\u4E70\u6570\u91CF"
    - "\u4EF6\u6570"
    description: "\u8BA2\u5355\u4E2D\u5546\u54C1\u7684\u8D2D\u4E70\u6570\u91CF\u3002"
    examples:
    - 1
    - 5
    - 12
    - 8
    - 2
    - 10
    - 3
    - 6
    - 25
    - 4
    name: order_quantity
    role: measure
    type: int
  - alias:
    - "\u65E5\u671F"
    - "\u4E0B\u5355\u65E5\u671F"
    description: "\u5173\u8054\u65F6\u95F4\u7EF4\u5EA6\u7684\u5916\u952E\u3002"
    examples:
    - 20250101
    - 20250102
    - 20250103
    - 20250104
    - 20250105
    - 20250106
    - 20250107
    - 20250108
    - 20250109
    - 20250110
    name: date_id
    role: foreign_key
    type: int
  - alias:
    - "\u5BA2\u6237ID"
    - "\u7528\u6237ID"
    description: "\u5173\u8054\u5BA2\u6237\u7EF4\u5EA6\u7684\u5916\u952E\u3002"
    examples:
    - C001
    - C005
    - C003
    - C008
    - C012
    - C015
    - C002
    - C007
    - C010
    - C019
    name: customer_id
    role: foreign_key
    type: varchar(20)
  - alias:
    - "\u8BA2\u5355ID"
    description: "\u8BA2\u5355\u552F\u4E00\u6807\u8BC6\u3002"
    examples:
    - ORD20250101001
    - ORD20250101002
    - ORD20250102001
    - ORD20250102002
    - ORD20250103001
    - ORD20250103002
    - ORD20250104001
    - ORD20250105001
    - ORD20250105002
    - ORD20250106001
    name: order_id
    role: primary_key
    type: varchar(30)
  - alias:
    - "\u5546\u54C1ID"
    - "\u4EA7\u54C1ID"
    description: "\u5173\u8054\u5546\u54C1\u7EF4\u5EA6\u7684\u5916\u952E\u3002"
    examples:
    - P001
    - P003
    - P010
    - P006
    - P011
    - P014
    - P012
    - P008
    - P002
    - P013
    name: product_id
    role: foreign_key
    type: varchar(20)
  - alias:
    - "\u5730\u533AID"
    - "\u533A\u57DFID"
    description: "\u5173\u8054\u5730\u533A\u7EF4\u5EA6\u7684\u5916\u952E\u3002"
    examples:
    - R001
    - R005
    - R002
    - R004
    - R003
    - R006
    name: region_id
    role: foreign_key
    type: varchar(20)
  description: "\u8BA2\u5355\u4E8B\u5B9E\u8868\uFF0C\u8BB0\u5F55\u8BA2\u5355\u6570\
    \u91CF\u548C\u91D1\u989D\u7B49\u6838\u5FC3\u6307\u6807\u3002"
  name: fact_order
  role: fact
- columns:
  - alias:
    - "\u65E5\u671FID"
    - "\u65E5\u671F"
    description: "\u65E5\u671F\u552F\u4E00\u6807\u8BC6\uFF0C\u683C\u5F0F yyyyMMdd\u3002"
    examples:
    - 20250101
    - 20250102
    - 20250103
    - 20250104
    - 20250105
    - 20250106
    - 20250107
    - 20250108
    - 20250109
    - 20250110
    name: date_id
    role: primary_key
    type: int
  description: "\u65F6\u95F4\u7EF4\u5EA6\u8868\uFF0C\u7528\u4E8E\u591A\u65F6\u95F4\
    \u7C92\u5EA6\u5206\u6790\u3002"
  name: dim_date
  role: dim

2026-01-21 11:39:36.550 | INFO     | request_id - 0b8d25ed-358f-4bba-9db3-81323f5d9a96 | app.agent.nodes.filter_metric_info:filter_metric_info:28 - 指标筛选结果: [{'name': 'GMV', 'description': '全称Gross Merchandise Value，表示所有订单的成交金额总和。', 'alias': ['成交总额', '订单总额']}]
2026-01-21 11:39:37.728 | INFO     | request_id - 0b8d25ed-358f-4bba-9db3-81323f5d9a96 | app.agent.nodes.filter_table_info:filter_table_info:32 - 表格筛选结果: {'dim_product': ['category', 'product_id'], 'fact_order': ['order_amount', 'date_id', 'product_id'], 'dim_date': ['date_id']}
2026-01-21 11:39:37.747 | INFO     | request_id - 0b8d25ed-358f-4bba-9db3-81323f5d9a96 | app.agent.nodes.add_context:add_context:23 - 添加上下文信息-date_info:{'date': '2026-01-21', 'weekday': 'Wednesday', 'quarter': 'Q1'},db_info:{'dialect': 'mysql', 'version': '8.0.44'}
2026-01-21 11:39:42.164 | INFO     | request_id - 0b8d25ed-358f-4bba-9db3-81323f5d9a96 | app.agent.nodes.generate_sql:generate_sql:32 - 生成SQL: ```SELECT `dim_product`.`category`, SUM(`fact_order`.`order_amount`) AS `销售总额` FROM `fact_order` JOIN `dim_product` ON `fact_order`.`product_id` = `dim_product`.`product_id` JOIN `dim_date` ON `fact_order`.`date_id` = `dim_date`.`date_id` WHERE YEAR(FROM_UNIXTIME(`dim_date`.`date_id` / 1000)) = YEAR(CURDATE()) - 1 GROUP BY `dim_product`.`category` ```
2026-01-21 11:39:42.169 | INFO     | request_id - 0b8d25ed-358f-4bba-9db3-81323f5d9a96 | app.agent.nodes.validate_sql:validate_sql:16 - SQL验证结果: (asyncmy.errors.ProgrammingError) (1064, "You have an error in your SQL syntax; check the manual that corresponds to your MySQL server version for the right syntax to use near '`.`category`, SUM(`fact_order`.`order_amount`) AS `销售总额` FROM `fact_orde' at line 1")
[SQL: explain ```SELECT `dim_product`.`category`, SUM(`fact_order`.`order_amount`) AS `销售总额` FROM `fact_order` JOIN `dim_product` ON `fact_order`.`product_id` = `dim_product`.`product_id` JOIN `dim_date` ON `fact_order`.`date_id` = `dim_date`.`date_id` WHERE YEAR(FROM_UNIXTIME(`dim_date`.`date_id` / 1000)) = YEAR(CURDATE()) - 1 GROUP BY `dim_product`.`category` ```]
(Background on this error at: https://sqlalche.me/e/20/f405)
2026-01-21 11:39:42.173 | INFO     | request_id - 0b8d25ed-358f-4bba-9db3-81323f5d9a96 | app.agent.nodes.execute_sql:execute_sql:17 - SQL执行结果: {'status': False, 'message': '(asyncmy.errors.ProgrammingError) (1064, "You have an error in your SQL syntax; check the manual that corresponds to your MySQL server version for the right syntax to use near \'```SELECT `dim_product`.`category`, SUM(`fact_order`.`order_amount`) AS `销售æ\' at line 1")\n[SQL: ```SELECT `dim_product`.`category`, SUM(`fact_order`.`order_amount`) AS `销售总额` FROM `fact_order` JOIN `dim_product` ON `fact_order`.`product_id` = `dim_product`.`product_id` JOIN `dim_date` ON `fact_order`.`date_id` = `dim_date`.`date_id` WHERE YEAR(FROM_UNIXTIME(`dim_date`.`date_id` / 1000)) = YEAR(CURDATE()) - 1 GROUP BY `dim_product`.`category` ```]\n(Background on this error at: https://sqlalche.me/e/20/f405)'}
2026-01-21 11:39:42.174 | ERROR    | request_id - 0b8d25ed-358f-4bba-9db3-81323f5d9a96 | app.agent.nodes.execute_sql:execute_sql:19 - (asyncmy.errors.ProgrammingError) (1064, "You have an error in your SQL syntax; check the manual that corresponds to your MySQL server version for the right syntax to use near '```SELECT `dim_product`.`category`, SUM(`fact_order`.`order_amount`) AS `销售æ' at line 1")
[SQL: ```SELECT `dim_product`.`category`, SUM(`fact_order`.`order_amount`) AS `销售总额` FROM `fact_order` JOIN `dim_product` ON `fact_order`.`product_id` = `dim_product`.`product_id` JOIN `dim_date` ON `fact_order`.`date_id` = `dim_date`.`date_id` WHERE YEAR(FROM_UNIXTIME(`dim_date`.`date_id` / 1000)) = YEAR(CURDATE()) - 1 GROUP BY `dim_product`.`category` ```]
(Background on this error at: https://sqlalche.me/e/20/f405)
2026-01-21 11:39:46.313 | INFO     | request_id - 0b8d25ed-358f-4bba-9db3-81323f5d9a96 | app.agent.nodes.correct_sql:correct_sql:34 - 校正SQL结果：SELECT `dim_product`.`category`, SUM(`fact_order`.`order_amount`) AS `销售总额` FROM `fact_order` JOIN `dim_product` ON `fact_order`.`product_id` = `dim_product`.`product_id` JOIN `dim_date` ON `fact_order`.`date_id` = `dim_date`.`date_id` WHERE YEAR(FROM_UNIXTIME(`dim_date`.`date_id` / 1000)) = YEAR(CURDATE()) - 1 GROUP BY `dim_product`.`category`
2026-01-21 11:41:11.578 | INFO     | request_id - 5c2afd62-fbbc-421b-94b8-e304fe46f979 | app.agent.nodes.extract_keywords:extract_keywords:43 - 关键词提取: ['分类', '统计一下去年各分类商品的销售总额', '统计', '销售总额', '商品']
2026-01-21 11:41:15.412 | INFO     | request_id - 5c2afd62-fbbc-421b-94b8-e304fe46f979 | app.agent.nodes.metric_recall:metric_recall:40 - recall metrics: dict_values([{'id': 'GMV', 'name': 'GMV', 'description': '全称Gross Merchandise Value，表示所有订单的成交金额总和。', 'relevant_columns': ['fact_order.order_amount'], 'alias': ['成交总额', '订单总额']}, {'id': 'AOV', 'name': 'AOV', 'description': '全称Average Order Value，表示所有订单的成交金额平均值。', 'relevant_columns': ['fact_order.order_quantity'], 'alias': ['平均单价', '平均订单金额']}])
2026-01-21 11:41:15.742 | INFO     | request_id - 5c2afd62-fbbc-421b-94b8-e304fe46f979 | app.agent.nodes.value_recall:value_recall:36 - 召回字段值：dict_values([])
2026-01-21 11:41:16.738 | INFO     | request_id - 5c2afd62-fbbc-421b-94b8-e304fe46f979 | app.agent.nodes.column_recall:column_recall:44 - 召回列信息: dict_values([{'id': 'dim_product.category', 'name': 'category', 'type': 'varchar(50)', 'role': 'dimension', 'examples': ['手机数码', '家用电器', '鞋靴', '服饰', '食品饮料', '休闲零食'], 'description': '商品所属品类。', 'alias': ['商品类别', '品类', '分类'], 'table_id': 'dim_product'}, {'id': 'dim_product.product_name', 'name': 'product_name', 'type': 'varchar(200)', 'role': 'dimension', 'examples': ['iPhone 15 Pro', 'Galaxy S24 Ultra', 'Mate 60 Pro', '戴森 V15 吸尘器', '美的空调 KFR-35GW', '耐克 Air Max 270 运动鞋', '阿迪达斯 Ultraboost 跑鞋', '优衣库 Heattech 保暖夹克', '李维斯 501 牛仔裤', '雀巢金牌速溶咖啡'], 'description': '商品名称。', 'alias': ['商品名称', '产品名称'], 'table_id': 'dim_product'}, {'id': 'fact_order.order_amount', 'name': 'order_amount', 'type': 'float', 'role': 'measure', 'examples': [8999.0, 6999.0, 125.0, 899.0, 60.0, 1399.0, 40.0, 299.0, 200.0, 9499.0], 'description': '订单金额。', 'alias': ['销售额', '订单金额', '收入'], 'table_id': 'fact_order'}, {'id': 'fact_order.order_quantity', 'name': 'order_quantity', 'type': 'int', 'role': 'measure', 'examples': [1, 5, 12, 8, 2, 10, 3, 6, 25, 4], 'description': '订单中商品的购买数量。', 'alias': ['销量', '购买数量', '件数'], 'table_id': 'fact_order'}, {'id': 'fact_order.date_id', 'name': 'date_id', 'type': 'int', 'role': 'foreign_key', 'examples': [20250101, 20250102, 20250103, 20250104, 20250105, 20250106, 20250107, 20250108, 20250109, 20250110], 'description': '关联时间维度的外键。', 'alias': ['日期', '下单日期'], 'table_id': 'fact_order'}, {'id': 'dim_date.date_id', 'name': 'date_id', 'type': 'int', 'role': 'primary_key', 'examples': [20250101, 20250102, 20250103, 20250104, 20250105, 20250106, 20250107, 20250108, 20250109, 20250110], 'description': '日期唯一标识，格式 yyyyMMdd。', 'alias': ['日期ID', '日期'], 'table_id': 'dim_date'}, {'id': 'dim_product.brand', 'name': 'brand', 'type': 'varchar(50)', 'role': 'dimension', 'examples': ['苹果', '三星', '华为', '戴森', '美的', '耐克', '阿迪达斯', '优衣库', '李维斯', '雀巢'], 'description': '商品品牌名称。', 'alias': ['品牌', '品牌名称'], 'table_id': 'dim_product'}])
2026-01-21 11:41:16.769 | INFO     | request_id - 5c2afd62-fbbc-421b-94b8-e304fe46f979 | app.agent.nodes.merge_retrieved_info:merge_retrieved_info:80 - merge retrieved info: metric_infos:
- alias:
  - "\u6210\u4EA4\u603B\u989D"
  - "\u8BA2\u5355\u603B\u989D"
  description: "\u5168\u79F0Gross Merchandise Value\uFF0C\u8868\u793A\u6240\u6709\u8BA2\
    \u5355\u7684\u6210\u4EA4\u91D1\u989D\u603B\u548C\u3002"
  name: GMV
- alias:
  - "\u5E73\u5747\u5355\u4EF7"
  - "\u5E73\u5747\u8BA2\u5355\u91D1\u989D"
  description: "\u5168\u79F0Average Order Value\uFF0C\u8868\u793A\u6240\u6709\u8BA2\
    \u5355\u7684\u6210\u4EA4\u91D1\u989D\u5E73\u5747\u503C\u3002"
  name: AOV
table_infos:
- columns:
  - alias:
    - "\u5546\u54C1\u7C7B\u522B"
    - "\u54C1\u7C7B"
    - "\u5206\u7C7B"
    description: "\u5546\u54C1\u6240\u5C5E\u54C1\u7C7B\u3002"
    examples:
    - "\u624B\u673A\u6570\u7801"
    - "\u5BB6\u7528\u7535\u5668"
    - "\u978B\u9774"
    - "\u670D\u9970"
    - "\u98DF\u54C1\u996E\u6599"
    - "\u4F11\u95F2\u96F6\u98DF"
    name: category
    role: dimension
    type: varchar(50)
  - alias:
    - "\u5546\u54C1\u540D\u79F0"
    - "\u4EA7\u54C1\u540D\u79F0"
    description: "\u5546\u54C1\u540D\u79F0\u3002"
    examples:
    - iPhone 15 Pro
    - Galaxy S24 Ultra
    - Mate 60 Pro
    - "\u6234\u68EE V15 \u5438\u5C18\u5668"
    - "\u7F8E\u7684\u7A7A\u8C03 KFR-35GW"
    - "\u8010\u514B Air Max 270 \u8FD0\u52A8\u978B"
    - "\u963F\u8FEA\u8FBE\u65AF Ultraboost \u8DD1\u978B"
    - "\u4F18\u8863\u5E93 Heattech \u4FDD\u6696\u5939\u514B"
    - "\u674E\u7EF4\u65AF 501 \u725B\u4ED4\u88E4"
    - "\u96C0\u5DE2\u91D1\u724C\u901F\u6EB6\u5496\u5561"
    name: product_name
    role: dimension
    type: varchar(200)
  - alias:
    - "\u54C1\u724C"
    - "\u54C1\u724C\u540D\u79F0"
    description: "\u5546\u54C1\u54C1\u724C\u540D\u79F0\u3002"
    examples:
    - "\u82F9\u679C"
    - "\u4E09\u661F"
    - "\u534E\u4E3A"
    - "\u6234\u68EE"
    - "\u7F8E\u7684"
    - "\u8010\u514B"
    - "\u963F\u8FEA\u8FBE\u65AF"
    - "\u4F18\u8863\u5E93"
    - "\u674E\u7EF4\u65AF"
    - "\u96C0\u5DE2"
    name: brand
    role: dimension
    type: varchar(50)
  - alias:
    - "\u5546\u54C1ID"
    - "\u4EA7\u54C1ID"
    description: "\u5546\u54C1\u552F\u4E00\u6807\u8BC6\u3002"
    examples:
    - P001
    - P002
    - P003
    - P004
    - P005
    - P006
    - P007
    - P008
    - P009
    - P010
    name: product_id
    role: primary_key
    type: varchar(20)
  description: "\u5546\u54C1\u7EF4\u5EA6\u8868\uFF0C\u63CF\u8FF0\u5546\u54C1\u7684\
    \u57FA\u672C\u5C5E\u6027\u4FE1\u606F\u3002"
  name: dim_product
  role: dim
- columns:
  - alias:
    - "\u9500\u552E\u989D"
    - "\u8BA2\u5355\u91D1\u989D"
    - "\u6536\u5165"
    description: "\u8BA2\u5355\u91D1\u989D\u3002"
    examples:
    - 8999.0
    - 6999.0
    - 125.0
    - 899.0
    - 60.0
    - 1399.0
    - 40.0
    - 299.0
    - 200.0
    - 9499.0
    name: order_amount
    role: measure
    type: float
  - alias:
    - "\u9500\u91CF"
    - "\u8D2D\u4E70\u6570\u91CF"
    - "\u4EF6\u6570"
    description: "\u8BA2\u5355\u4E2D\u5546\u54C1\u7684\u8D2D\u4E70\u6570\u91CF\u3002"
    examples:
    - 1
    - 5
    - 12
    - 8
    - 2
    - 10
    - 3
    - 6
    - 25
    - 4
    name: order_quantity
    role: measure
    type: int
  - alias:
    - "\u65E5\u671F"
    - "\u4E0B\u5355\u65E5\u671F"
    description: "\u5173\u8054\u65F6\u95F4\u7EF4\u5EA6\u7684\u5916\u952E\u3002"
    examples:
    - 20250101
    - 20250102
    - 20250103
    - 20250104
    - 20250105
    - 20250106
    - 20250107
    - 20250108
    - 20250109
    - 20250110
    name: date_id
    role: foreign_key
    type: int
  - alias:
    - "\u5BA2\u6237ID"
    - "\u7528\u6237ID"
    description: "\u5173\u8054\u5BA2\u6237\u7EF4\u5EA6\u7684\u5916\u952E\u3002"
    examples:
    - C001
    - C005
    - C003
    - C008
    - C012
    - C015
    - C002
    - C007
    - C010
    - C019
    name: customer_id
    role: foreign_key
    type: varchar(20)
  - alias:
    - "\u8BA2\u5355ID"
    description: "\u8BA2\u5355\u552F\u4E00\u6807\u8BC6\u3002"
    examples:
    - ORD20250101001
    - ORD20250101002
    - ORD20250102001
    - ORD20250102002
    - ORD20250103001
    - ORD20250103002
    - ORD20250104001
    - ORD20250105001
    - ORD20250105002
    - ORD20250106001
    name: order_id
    role: primary_key
    type: varchar(30)
  - alias:
    - "\u5546\u54C1ID"
    - "\u4EA7\u54C1ID"
    description: "\u5173\u8054\u5546\u54C1\u7EF4\u5EA6\u7684\u5916\u952E\u3002"
    examples:
    - P001
    - P003
    - P010
    - P006
    - P011
    - P014
    - P012
    - P008
    - P002
    - P013
    name: product_id
    role: foreign_key
    type: varchar(20)
  - alias:
    - "\u5730\u533AID"
    - "\u533A\u57DFID"
    description: "\u5173\u8054\u5730\u533A\u7EF4\u5EA6\u7684\u5916\u952E\u3002"
    examples:
    - R001
    - R005
    - R002
    - R004
    - R003
    - R006
    name: region_id
    role: foreign_key
    type: varchar(20)
  description: "\u8BA2\u5355\u4E8B\u5B9E\u8868\uFF0C\u8BB0\u5F55\u8BA2\u5355\u6570\
    \u91CF\u548C\u91D1\u989D\u7B49\u6838\u5FC3\u6307\u6807\u3002"
  name: fact_order
  role: fact
- columns:
  - alias:
    - "\u65E5\u671FID"
    - "\u65E5\u671F"
    description: "\u65E5\u671F\u552F\u4E00\u6807\u8BC6\uFF0C\u683C\u5F0F yyyyMMdd\u3002"
    examples:
    - 20250101
    - 20250102
    - 20250103
    - 20250104
    - 20250105
    - 20250106
    - 20250107
    - 20250108
    - 20250109
    - 20250110
    name: date_id
    role: primary_key
    type: int
  description: "\u65F6\u95F4\u7EF4\u5EA6\u8868\uFF0C\u7528\u4E8E\u591A\u65F6\u95F4\
    \u7C92\u5EA6\u5206\u6790\u3002"
  name: dim_date
  role: dim

2026-01-21 11:41:17.872 | INFO     | request_id - 5c2afd62-fbbc-421b-94b8-e304fe46f979 | app.agent.nodes.filter_metric_info:filter_metric_info:28 - 指标筛选结果: [{'name': 'GMV', 'description': '全称Gross Merchandise Value，表示所有订单的成交金额总和。', 'alias': ['成交总额', '订单总额']}]
2026-01-21 11:41:18.965 | INFO     | request_id - 5c2afd62-fbbc-421b-94b8-e304fe46f979 | app.agent.nodes.filter_table_info:filter_table_info:32 - 表格筛选结果: {'dim_product': ['category', 'product_id'], 'fact_order': ['order_amount', 'date_id', 'product_id'], 'dim_date': ['date_id']}
2026-01-21 11:41:18.972 | INFO     | request_id - 5c2afd62-fbbc-421b-94b8-e304fe46f979 | app.agent.nodes.add_context:add_context:23 - 添加上下文信息-date_info:{'date': '2026-01-21', 'weekday': 'Wednesday', 'quarter': 'Q1'},db_info:{'dialect': 'mysql', 'version': '8.0.44'}
2026-01-21 11:41:23.695 | INFO     | request_id - 5c2afd62-fbbc-421b-94b8-e304fe46f979 | app.agent.nodes.generate_sql:generate_sql:32 - 生成SQL: ```SELECT `dim_product`.`category`, SUM(`fact_order`.`order_amount`) AS `销售总额` FROM `fact_order` JOIN `dim_product` ON `fact_order`.`product_id` = `dim_product`.`product_id` JOIN `dim_date` ON `fact_order`.`date_id` = `dim_date`.`date_id` WHERE YEAR(FROM_UNIXTIME(UNIX_TIMESTAMP(CAST(`dim_date`.`date_id` AS CHAR(8)), '%Y%m%d'))) = YEAR(CURDATE()) - 1 GROUP BY `dim_product`.`category` ORDER BY `销售总额` DESC```
2026-01-21 11:41:23.698 | INFO     | request_id - 5c2afd62-fbbc-421b-94b8-e304fe46f979 | app.agent.nodes.validate_sql:validate_sql:16 - SQL验证结果: (asyncmy.errors.ProgrammingError) (1064, "You have an error in your SQL syntax; check the manual that corresponds to your MySQL server version for the right syntax to use near '`.`category`, SUM(`fact_order`.`order_amount`) AS `销售总额` FROM `fact_orde' at line 1")
[SQL: explain ```SELECT `dim_product`.`category`, SUM(`fact_order`.`order_amount`) AS `销售总额` FROM `fact_order` JOIN `dim_product` ON `fact_order`.`product_id` = `dim_product`.`product_id` JOIN `dim_date` ON `fact_order`.`date_id` = `dim_date`.`date_id` WHERE YEAR(FROM_UNIXTIME(UNIX_TIMESTAMP(CAST(`dim_date`.`date_id` AS CHAR(8)), '%%Y%%m%%d'))) = YEAR(CURDATE()) - 1 GROUP BY `dim_product`.`category` ORDER BY `销售总额` DESC```]
(Background on this error at: https://sqlalche.me/e/20/f405)
2026-01-21 11:41:23.703 | INFO     | request_id - 5c2afd62-fbbc-421b-94b8-e304fe46f979 | app.agent.nodes.execute_sql:execute_sql:17 - SQL执行结果: {'status': False, 'message': '(asyncmy.errors.ProgrammingError) (1064, "You have an error in your SQL syntax; check the manual that corresponds to your MySQL server version for the right syntax to use near \'```SELECT `dim_product`.`category`, SUM(`fact_order`.`order_amount`) AS `销售æ\' at line 1")\n[SQL: ```SELECT `dim_product`.`category`, SUM(`fact_order`.`order_amount`) AS `销售总额` FROM `fact_order` JOIN `dim_product` ON `fact_order`.`product_id` = `dim_product`.`product_id` JOIN `dim_date` ON `fact_order`.`date_id` = `dim_date`.`date_id` WHERE YEAR(FROM_UNIXTIME(UNIX_TIMESTAMP(CAST(`dim_date`.`date_id` AS CHAR(8)), \'%%Y%%m%%d\'))) = YEAR(CURDATE()) - 1 GROUP BY `dim_product`.`category` ORDER BY `销售总额` DESC```]\n(Background on this error at: https://sqlalche.me/e/20/f405)'}
2026-01-21 11:41:23.704 | ERROR    | request_id - 5c2afd62-fbbc-421b-94b8-e304fe46f979 | app.agent.nodes.execute_sql:execute_sql:19 - (asyncmy.errors.ProgrammingError) (1064, "You have an error in your SQL syntax; check the manual that corresponds to your MySQL server version for the right syntax to use near '```SELECT `dim_product`.`category`, SUM(`fact_order`.`order_amount`) AS `销售æ' at line 1")
[SQL: ```SELECT `dim_product`.`category`, SUM(`fact_order`.`order_amount`) AS `销售总额` FROM `fact_order` JOIN `dim_product` ON `fact_order`.`product_id` = `dim_product`.`product_id` JOIN `dim_date` ON `fact_order`.`date_id` = `dim_date`.`date_id` WHERE YEAR(FROM_UNIXTIME(UNIX_TIMESTAMP(CAST(`dim_date`.`date_id` AS CHAR(8)), '%%Y%%m%%d'))) = YEAR(CURDATE()) - 1 GROUP BY `dim_product`.`category` ORDER BY `销售总额` DESC```]
(Background on this error at: https://sqlalche.me/e/20/f405)
2026-01-21 11:41:28.099 | INFO     | request_id - 5c2afd62-fbbc-421b-94b8-e304fe46f979 | app.agent.nodes.correct_sql:correct_sql:34 - 校正SQL结果：SELECT `dim_product`.`category`, SUM(`fact_order`.`order_amount`) AS `销售总额` FROM `fact_order` JOIN `dim_product` ON `fact_order`.`product_id` = `dim_product`.`product_id` JOIN `dim_date` ON `fact_order`.`date_id` = `dim_date`.`date_id` WHERE YEAR(STR_TO_DATE(CAST(`dim_date`.`date_id` AS CHAR(8)), '%Y%m%d')) = YEAR(CURDATE()) - 1 GROUP BY `dim_product`.`category` ORDER BY `销售总额` DESC
2026-01-21 11:43:21.482 | INFO     | request_id - 37a90390-515d-4ada-bdd3-af5e8a04eb0e | app.agent.nodes.extract_keywords:extract_keywords:43 - 关键词提取: ['分类', '统计一下去年各分类商品的销售总额', '统计', '销售总额', '商品']
2026-01-21 11:43:24.893 | INFO     | request_id - 37a90390-515d-4ada-bdd3-af5e8a04eb0e | app.agent.nodes.metric_recall:metric_recall:40 - recall metrics: dict_values([{'id': 'GMV', 'name': 'GMV', 'description': '全称Gross Merchandise Value，表示所有订单的成交金额总和。', 'relevant_columns': ['fact_order.order_amount'], 'alias': ['成交总额', '订单总额']}, {'id': 'AOV', 'name': 'AOV', 'description': '全称Average Order Value，表示所有订单的成交金额平均值。', 'relevant_columns': ['fact_order.order_quantity'], 'alias': ['平均单价', '平均订单金额']}])
2026-01-21 11:43:25.038 | INFO     | request_id - 37a90390-515d-4ada-bdd3-af5e8a04eb0e | app.agent.nodes.value_recall:value_recall:36 - 召回字段值：dict_values([])
2026-01-21 11:43:26.227 | INFO     | request_id - 37a90390-515d-4ada-bdd3-af5e8a04eb0e | app.agent.nodes.column_recall:column_recall:44 - 召回列信息: dict_values([{'id': 'dim_product.category', 'name': 'category', 'type': 'varchar(50)', 'role': 'dimension', 'examples': ['手机数码', '家用电器', '鞋靴', '服饰', '食品饮料', '休闲零食'], 'description': '商品所属品类。', 'alias': ['商品类别', '品类', '分类'], 'table_id': 'dim_product'}, {'id': 'dim_product.product_name', 'name': 'product_name', 'type': 'varchar(200)', 'role': 'dimension', 'examples': ['iPhone 15 Pro', 'Galaxy S24 Ultra', 'Mate 60 Pro', '戴森 V15 吸尘器', '美的空调 KFR-35GW', '耐克 Air Max 270 运动鞋', '阿迪达斯 Ultraboost 跑鞋', '优衣库 Heattech 保暖夹克', '李维斯 501 牛仔裤', '雀巢金牌速溶咖啡'], 'description': '商品名称。', 'alias': ['商品名称', '产品名称'], 'table_id': 'dim_product'}, {'id': 'fact_order.order_amount', 'name': 'order_amount', 'type': 'float', 'role': 'measure', 'examples': [8999.0, 6999.0, 125.0, 899.0, 60.0, 1399.0, 40.0, 299.0, 200.0, 9499.0], 'description': '订单金额。', 'alias': ['销售额', '订单金额', '收入'], 'table_id': 'fact_order'}, {'id': 'fact_order.order_quantity', 'name': 'order_quantity', 'type': 'int', 'role': 'measure', 'examples': [1, 5, 12, 8, 2, 10, 3, 6, 25, 4], 'description': '订单中商品的购买数量。', 'alias': ['销量', '购买数量', '件数'], 'table_id': 'fact_order'}, {'id': 'fact_order.date_id', 'name': 'date_id', 'type': 'int', 'role': 'foreign_key', 'examples': [20250101, 20250102, 20250103, 20250104, 20250105, 20250106, 20250107, 20250108, 20250109, 20250110], 'description': '关联时间维度的外键。', 'alias': ['日期', '下单日期'], 'table_id': 'fact_order'}, {'id': 'dim_date.date_id', 'name': 'date_id', 'type': 'int', 'role': 'primary_key', 'examples': [20250101, 20250102, 20250103, 20250104, 20250105, 20250106, 20250107, 20250108, 20250109, 20250110], 'description': '日期唯一标识，格式 yyyyMMdd。', 'alias': ['日期ID', '日期'], 'table_id': 'dim_date'}, {'id': 'dim_product.brand', 'name': 'brand', 'type': 'varchar(50)', 'role': 'dimension', 'examples': ['苹果', '三星', '华为', '戴森', '美的', '耐克', '阿迪达斯', '优衣库', '李维斯', '雀巢'], 'description': '商品品牌名称。', 'alias': ['品牌', '品牌名称'], 'table_id': 'dim_product'}])
2026-01-21 11:43:26.255 | INFO     | request_id - 37a90390-515d-4ada-bdd3-af5e8a04eb0e | app.agent.nodes.merge_retrieved_info:merge_retrieved_info:80 - merge retrieved info: metric_infos:
- alias:
  - "\u6210\u4EA4\u603B\u989D"
  - "\u8BA2\u5355\u603B\u989D"
  description: "\u5168\u79F0Gross Merchandise Value\uFF0C\u8868\u793A\u6240\u6709\u8BA2\
    \u5355\u7684\u6210\u4EA4\u91D1\u989D\u603B\u548C\u3002"
  name: GMV
- alias:
  - "\u5E73\u5747\u5355\u4EF7"
  - "\u5E73\u5747\u8BA2\u5355\u91D1\u989D"
  description: "\u5168\u79F0Average Order Value\uFF0C\u8868\u793A\u6240\u6709\u8BA2\
    \u5355\u7684\u6210\u4EA4\u91D1\u989D\u5E73\u5747\u503C\u3002"
  name: AOV
table_infos:
- columns:
  - alias:
    - "\u5546\u54C1\u7C7B\u522B"
    - "\u54C1\u7C7B"
    - "\u5206\u7C7B"
    description: "\u5546\u54C1\u6240\u5C5E\u54C1\u7C7B\u3002"
    examples:
    - "\u624B\u673A\u6570\u7801"
    - "\u5BB6\u7528\u7535\u5668"
    - "\u978B\u9774"
    - "\u670D\u9970"
    - "\u98DF\u54C1\u996E\u6599"
    - "\u4F11\u95F2\u96F6\u98DF"
    name: category
    role: dimension
    type: varchar(50)
  - alias:
    - "\u5546\u54C1\u540D\u79F0"
    - "\u4EA7\u54C1\u540D\u79F0"
    description: "\u5546\u54C1\u540D\u79F0\u3002"
    examples:
    - iPhone 15 Pro
    - Galaxy S24 Ultra
    - Mate 60 Pro
    - "\u6234\u68EE V15 \u5438\u5C18\u5668"
    - "\u7F8E\u7684\u7A7A\u8C03 KFR-35GW"
    - "\u8010\u514B Air Max 270 \u8FD0\u52A8\u978B"
    - "\u963F\u8FEA\u8FBE\u65AF Ultraboost \u8DD1\u978B"
    - "\u4F18\u8863\u5E93 Heattech \u4FDD\u6696\u5939\u514B"
    - "\u674E\u7EF4\u65AF 501 \u725B\u4ED4\u88E4"
    - "\u96C0\u5DE2\u91D1\u724C\u901F\u6EB6\u5496\u5561"
    name: product_name
    role: dimension
    type: varchar(200)
  - alias:
    - "\u54C1\u724C"
    - "\u54C1\u724C\u540D\u79F0"
    description: "\u5546\u54C1\u54C1\u724C\u540D\u79F0\u3002"
    examples:
    - "\u82F9\u679C"
    - "\u4E09\u661F"
    - "\u534E\u4E3A"
    - "\u6234\u68EE"
    - "\u7F8E\u7684"
    - "\u8010\u514B"
    - "\u963F\u8FEA\u8FBE\u65AF"
    - "\u4F18\u8863\u5E93"
    - "\u674E\u7EF4\u65AF"
    - "\u96C0\u5DE2"
    name: brand
    role: dimension
    type: varchar(50)
  - alias:
    - "\u5546\u54C1ID"
    - "\u4EA7\u54C1ID"
    description: "\u5546\u54C1\u552F\u4E00\u6807\u8BC6\u3002"
    examples:
    - P001
    - P002
    - P003
    - P004
    - P005
    - P006
    - P007
    - P008
    - P009
    - P010
    name: product_id
    role: primary_key
    type: varchar(20)
  description: "\u5546\u54C1\u7EF4\u5EA6\u8868\uFF0C\u63CF\u8FF0\u5546\u54C1\u7684\
    \u57FA\u672C\u5C5E\u6027\u4FE1\u606F\u3002"
  name: dim_product
  role: dim
- columns:
  - alias:
    - "\u9500\u552E\u989D"
    - "\u8BA2\u5355\u91D1\u989D"
    - "\u6536\u5165"
    description: "\u8BA2\u5355\u91D1\u989D\u3002"
    examples:
    - 8999.0
    - 6999.0
    - 125.0
    - 899.0
    - 60.0
    - 1399.0
    - 40.0
    - 299.0
    - 200.0
    - 9499.0
    name: order_amount
    role: measure
    type: float
  - alias:
    - "\u9500\u91CF"
    - "\u8D2D\u4E70\u6570\u91CF"
    - "\u4EF6\u6570"
    description: "\u8BA2\u5355\u4E2D\u5546\u54C1\u7684\u8D2D\u4E70\u6570\u91CF\u3002"
    examples:
    - 1
    - 5
    - 12
    - 8
    - 2
    - 10
    - 3
    - 6
    - 25
    - 4
    name: order_quantity
    role: measure
    type: int
  - alias:
    - "\u65E5\u671F"
    - "\u4E0B\u5355\u65E5\u671F"
    description: "\u5173\u8054\u65F6\u95F4\u7EF4\u5EA6\u7684\u5916\u952E\u3002"
    examples:
    - 20250101
    - 20250102
    - 20250103
    - 20250104
    - 20250105
    - 20250106
    - 20250107
    - 20250108
    - 20250109
    - 20250110
    name: date_id
    role: foreign_key
    type: int
  - alias:
    - "\u5BA2\u6237ID"
    - "\u7528\u6237ID"
    description: "\u5173\u8054\u5BA2\u6237\u7EF4\u5EA6\u7684\u5916\u952E\u3002"
    examples:
    - C001
    - C005
    - C003
    - C008
    - C012
    - C015
    - C002
    - C007
    - C010
    - C019
    name: customer_id
    role: foreign_key
    type: varchar(20)
  - alias:
    - "\u8BA2\u5355ID"
    description: "\u8BA2\u5355\u552F\u4E00\u6807\u8BC6\u3002"
    examples:
    - ORD20250101001
    - ORD20250101002
    - ORD20250102001
    - ORD20250102002
    - ORD20250103001
    - ORD20250103002
    - ORD20250104001
    - ORD20250105001
    - ORD20250105002
    - ORD20250106001
    name: order_id
    role: primary_key
    type: varchar(30)
  - alias:
    - "\u5546\u54C1ID"
    - "\u4EA7\u54C1ID"
    description: "\u5173\u8054\u5546\u54C1\u7EF4\u5EA6\u7684\u5916\u952E\u3002"
    examples:
    - P001
    - P003
    - P010
    - P006
    - P011
    - P014
    - P012
    - P008
    - P002
    - P013
    name: product_id
    role: foreign_key
    type: varchar(20)
  - alias:
    - "\u5730\u533AID"
    - "\u533A\u57DFID"
    description: "\u5173\u8054\u5730\u533A\u7EF4\u5EA6\u7684\u5916\u952E\u3002"
    examples:
    - R001
    - R005
    - R002
    - R004
    - R003
    - R006
    name: region_id
    role: foreign_key
    type: varchar(20)
  description: "\u8BA2\u5355\u4E8B\u5B9E\u8868\uFF0C\u8BB0\u5F55\u8BA2\u5355\u6570\
    \u91CF\u548C\u91D1\u989D\u7B49\u6838\u5FC3\u6307\u6807\u3002"
  name: fact_order
  role: fact
- columns:
  - alias:
    - "\u65E5\u671FID"
    - "\u65E5\u671F"
    description: "\u65E5\u671F\u552F\u4E00\u6807\u8BC6\uFF0C\u683C\u5F0F yyyyMMdd\u3002"
    examples:
    - 20250101
    - 20250102
    - 20250103
    - 20250104
    - 20250105
    - 20250106
    - 20250107
    - 20250108
    - 20250109
    - 20250110
    name: date_id
    role: primary_key
    type: int
  description: "\u65F6\u95F4\u7EF4\u5EA6\u8868\uFF0C\u7528\u4E8E\u591A\u65F6\u95F4\
    \u7C92\u5EA6\u5206\u6790\u3002"
  name: dim_date
  role: dim

2026-01-21 11:43:27.107 | INFO     | request_id - 37a90390-515d-4ada-bdd3-af5e8a04eb0e | app.agent.nodes.filter_metric_info:filter_metric_info:28 - 指标筛选结果: [{'name': 'GMV', 'description': '全称Gross Merchandise Value，表示所有订单的成交金额总和。', 'alias': ['成交总额', '订单总额']}]
2026-01-21 11:43:28.300 | INFO     | request_id - 37a90390-515d-4ada-bdd3-af5e8a04eb0e | app.agent.nodes.filter_table_info:filter_table_info:32 - 表格筛选结果: {'dim_product': ['category', 'product_id'], 'fact_order': ['order_amount', 'date_id', 'product_id'], 'dim_date': ['date_id']}
2026-01-21 11:43:28.305 | INFO     | request_id - 37a90390-515d-4ada-bdd3-af5e8a04eb0e | app.agent.nodes.add_context:add_context:23 - 添加上下文信息-date_info:{'date': '2026-01-21', 'weekday': 'Wednesday', 'quarter': 'Q1'},db_info:{'dialect': 'mysql', 'version': '8.0.44'}
2026-01-21 11:43:31.853 | INFO     | request_id - 37a90390-515d-4ada-bdd3-af5e8a04eb0e | app.agent.nodes.generate_sql:generate_sql:32 - 生成SQL: ```sql
SELECT 
    dp.category AS 商品分类,
    SUM(fo.order_amount) AS 销售总额
FROM fact_order fo
JOIN dim_product dp ON fo.product_id = dp.product_id
JOIN dim_date dd ON fo.date_id = dd.date_id
WHERE dd.date_id >= 20250101 AND dd.date_id < 20260101
GROUP BY dp.category
ORDER BY SUM(fo.order_amount) DESC;
```
2026-01-21 11:43:31.857 | INFO     | request_id - 37a90390-515d-4ada-bdd3-af5e8a04eb0e | app.agent.nodes.validate_sql:validate_sql:16 - SQL验证结果: (asyncmy.errors.ProgrammingError) (1103, "Incorrect table name '`sql\nSELECT \n    dp.category AS 商品分类,\n    SUM(fo.order_amount) AS 销售总额\nFROM fact_ord'")
[SQL: explain ```sql
SELECT 
    dp.category AS 商品分类,
    SUM(fo.order_amount) AS 销售总额
FROM fact_order fo
JOIN dim_product dp ON fo.product_id = dp.product_id
JOIN dim_date dd ON fo.date_id = dd.date_id
WHERE dd.date_id >= 20250101 AND dd.date_id < 20260101
GROUP BY dp.category
ORDER BY SUM(fo.order_amount) DESC;
```]
(Background on this error at: https://sqlalche.me/e/20/f405)
2026-01-21 11:43:31.861 | INFO     | request_id - 37a90390-515d-4ada-bdd3-af5e8a04eb0e | app.agent.nodes.execute_sql:execute_sql:17 - SQL执行结果: {'status': False, 'message': '(asyncmy.errors.ProgrammingError) (1064, "You have an error in your SQL syntax; check the manual that corresponds to your MySQL server version for the right syntax to use near \'```sql\\nSELECT \\n    dp.category AS 商品分类,\\n    SUM(fo.order_amount) AS 销å\' at line 1")\n[SQL: ```sql\nSELECT \n    dp.category AS 商品分类,\n    SUM(fo.order_amount) AS 销售总额\nFROM fact_order fo\nJOIN dim_product dp ON fo.product_id = dp.product_id\nJOIN dim_date dd ON fo.date_id = dd.date_id\nWHERE dd.date_id >= 20250101 AND dd.date_id < 20260101\nGROUP BY dp.category\nORDER BY SUM(fo.order_amount) DESC;\n```]\n(Background on this error at: https://sqlalche.me/e/20/f405)'}
2026-01-21 11:43:31.861 | ERROR    | request_id - 37a90390-515d-4ada-bdd3-af5e8a04eb0e | app.agent.nodes.execute_sql:execute_sql:19 - (asyncmy.errors.ProgrammingError) (1064, "You have an error in your SQL syntax; check the manual that corresponds to your MySQL server version for the right syntax to use near '```sql\nSELECT \n    dp.category AS 商品分类,\n    SUM(fo.order_amount) AS 销å' at line 1")
[SQL: ```sql
SELECT 
    dp.category AS 商品分类,
    SUM(fo.order_amount) AS 销售总额
FROM fact_order fo
JOIN dim_product dp ON fo.product_id = dp.product_id
JOIN dim_date dd ON fo.date_id = dd.date_id
WHERE dd.date_id >= 20250101 AND dd.date_id < 20260101
GROUP BY dp.category
ORDER BY SUM(fo.order_amount) DESC;
```]
(Background on this error at: https://sqlalche.me/e/20/f405)
2026-01-21 11:43:35.429 | INFO     | request_id - 37a90390-515d-4ada-bdd3-af5e8a04eb0e | app.agent.nodes.correct_sql:correct_sql:34 - 校正SQL结果：SELECT 
    dp.category AS 商品分类,
    SUM(fo.order_amount) AS 销售总额
FROM fact_order fo
JOIN dim_product dp ON fo.product_id = dp.product_id
JOIN dim_date dd ON fo.date_id = dd.date_id
WHERE dd.date_id >= 20250101 AND dd.date_id < 20260101
GROUP BY dp.category
ORDER BY SUM(fo.order_amount) DESC;
2026-01-21 11:44:45.838 | INFO     | request_id - 329ecc13-e061-4edd-b963-7cd2e88cb33d | app.agent.nodes.extract_keywords:extract_keywords:43 - 关键词提取: ['统计', '商品', '销售总额', '分类', '统计一下去年各分类商品的销售总额']
2026-01-21 11:44:49.550 | INFO     | request_id - 329ecc13-e061-4edd-b963-7cd2e88cb33d | app.agent.nodes.metric_recall:metric_recall:40 - recall metrics: dict_values([{'id': 'GMV', 'name': 'GMV', 'description': '全称Gross Merchandise Value，表示所有订单的成交金额总和。', 'relevant_columns': ['fact_order.order_amount'], 'alias': ['成交总额', '订单总额']}, {'id': 'AOV', 'name': 'AOV', 'description': '全称Average Order Value，表示所有订单的成交金额平均值。', 'relevant_columns': ['fact_order.order_quantity'], 'alias': ['平均单价', '平均订单金额']}])
2026-01-21 11:44:49.649 | INFO     | request_id - 329ecc13-e061-4edd-b963-7cd2e88cb33d | app.agent.nodes.value_recall:value_recall:36 - 召回字段值：dict_values([])
2026-01-21 11:44:50.534 | INFO     | request_id - 329ecc13-e061-4edd-b963-7cd2e88cb33d | app.agent.nodes.column_recall:column_recall:44 - 召回列信息: dict_values([{'id': 'fact_order.order_quantity', 'name': 'order_quantity', 'type': 'int', 'role': 'measure', 'examples': [1, 5, 12, 8, 2, 10, 3, 6, 25, 4], 'description': '订单中商品的购买数量。', 'alias': ['销量', '购买数量', '件数'], 'table_id': 'fact_order'}, {'id': 'dim_product.category', 'name': 'category', 'type': 'varchar(50)', 'role': 'dimension', 'examples': ['手机数码', '家用电器', '鞋靴', '服饰', '食品饮料', '休闲零食'], 'description': '商品所属品类。', 'alias': ['商品类别', '品类', '分类'], 'table_id': 'dim_product'}, {'id': 'dim_product.product_name', 'name': 'product_name', 'type': 'varchar(200)', 'role': 'dimension', 'examples': ['iPhone 15 Pro', 'Galaxy S24 Ultra', 'Mate 60 Pro', '戴森 V15 吸尘器', '美的空调 KFR-35GW', '耐克 Air Max 270 运动鞋', '阿迪达斯 Ultraboost 跑鞋', '优衣库 Heattech 保暖夹克', '李维斯 501 牛仔裤', '雀巢金牌速溶咖啡'], 'description': '商品名称。', 'alias': ['商品名称', '产品名称'], 'table_id': 'dim_product'}, {'id': 'dim_product.brand', 'name': 'brand', 'type': 'varchar(50)', 'role': 'dimension', 'examples': ['苹果', '三星', '华为', '戴森', '美的', '耐克', '阿迪达斯', '优衣库', '李维斯', '雀巢'], 'description': '商品品牌名称。', 'alias': ['品牌', '品牌名称'], 'table_id': 'dim_product'}, {'id': 'fact_order.order_amount', 'name': 'order_amount', 'type': 'float', 'role': 'measure', 'examples': [8999.0, 6999.0, 125.0, 899.0, 60.0, 1399.0, 40.0, 299.0, 200.0, 9499.0], 'description': '订单金额。', 'alias': ['销售额', '订单金额', '收入'], 'table_id': 'fact_order'}, {'id': 'fact_order.date_id', 'name': 'date_id', 'type': 'int', 'role': 'foreign_key', 'examples': [20250101, 20250102, 20250103, 20250104, 20250105, 20250106, 20250107, 20250108, 20250109, 20250110], 'description': '关联时间维度的外键。', 'alias': ['日期', '下单日期'], 'table_id': 'fact_order'}, {'id': 'dim_date.date_id', 'name': 'date_id', 'type': 'int', 'role': 'primary_key', 'examples': [20250101, 20250102, 20250103, 20250104, 20250105, 20250106, 20250107, 20250108, 20250109, 20250110], 'description': '日期唯一标识，格式 yyyyMMdd。', 'alias': ['日期ID', '日期'], 'table_id': 'dim_date'}])
2026-01-21 11:44:50.596 | INFO     | request_id - 329ecc13-e061-4edd-b963-7cd2e88cb33d | app.agent.nodes.merge_retrieved_info:merge_retrieved_info:80 - merge retrieved info: metric_infos:
- alias:
  - "\u6210\u4EA4\u603B\u989D"
  - "\u8BA2\u5355\u603B\u989D"
  description: "\u5168\u79F0Gross Merchandise Value\uFF0C\u8868\u793A\u6240\u6709\u8BA2\
    \u5355\u7684\u6210\u4EA4\u91D1\u989D\u603B\u548C\u3002"
  name: GMV
- alias:
  - "\u5E73\u5747\u5355\u4EF7"
  - "\u5E73\u5747\u8BA2\u5355\u91D1\u989D"
  description: "\u5168\u79F0Average Order Value\uFF0C\u8868\u793A\u6240\u6709\u8BA2\
    \u5355\u7684\u6210\u4EA4\u91D1\u989D\u5E73\u5747\u503C\u3002"
  name: AOV
table_infos:
- columns:
  - alias:
    - "\u9500\u91CF"
    - "\u8D2D\u4E70\u6570\u91CF"
    - "\u4EF6\u6570"
    description: "\u8BA2\u5355\u4E2D\u5546\u54C1\u7684\u8D2D\u4E70\u6570\u91CF\u3002"
    examples:
    - 1
    - 5
    - 12
    - 8
    - 2
    - 10
    - 3
    - 6
    - 25
    - 4
    name: order_quantity
    role: measure
    type: int
  - alias:
    - "\u9500\u552E\u989D"
    - "\u8BA2\u5355\u91D1\u989D"
    - "\u6536\u5165"
    description: "\u8BA2\u5355\u91D1\u989D\u3002"
    examples:
    - 8999.0
    - 6999.0
    - 125.0
    - 899.0
    - 60.0
    - 1399.0
    - 40.0
    - 299.0
    - 200.0
    - 9499.0
    name: order_amount
    role: measure
    type: float
  - alias:
    - "\u65E5\u671F"
    - "\u4E0B\u5355\u65E5\u671F"
    description: "\u5173\u8054\u65F6\u95F4\u7EF4\u5EA6\u7684\u5916\u952E\u3002"
    examples:
    - 20250101
    - 20250102
    - 20250103
    - 20250104
    - 20250105
    - 20250106
    - 20250107
    - 20250108
    - 20250109
    - 20250110
    name: date_id
    role: foreign_key
    type: int
  - alias:
    - "\u5BA2\u6237ID"
    - "\u7528\u6237ID"
    description: "\u5173\u8054\u5BA2\u6237\u7EF4\u5EA6\u7684\u5916\u952E\u3002"
    examples:
    - C001
    - C005
    - C003
    - C008
    - C012
    - C015
    - C002
    - C007
    - C010
    - C019
    name: customer_id
    role: foreign_key
    type: varchar(20)
  - alias:
    - "\u8BA2\u5355ID"
    description: "\u8BA2\u5355\u552F\u4E00\u6807\u8BC6\u3002"
    examples:
    - ORD20250101001
    - ORD20250101002
    - ORD20250102001
    - ORD20250102002
    - ORD20250103001
    - ORD20250103002
    - ORD20250104001
    - ORD20250105001
    - ORD20250105002
    - ORD20250106001
    name: order_id
    role: primary_key
    type: varchar(30)
  - alias:
    - "\u5546\u54C1ID"
    - "\u4EA7\u54C1ID"
    description: "\u5173\u8054\u5546\u54C1\u7EF4\u5EA6\u7684\u5916\u952E\u3002"
    examples:
    - P001
    - P003
    - P010
    - P006
    - P011
    - P014
    - P012
    - P008
    - P002
    - P013
    name: product_id
    role: foreign_key
    type: varchar(20)
  - alias:
    - "\u5730\u533AID"
    - "\u533A\u57DFID"
    description: "\u5173\u8054\u5730\u533A\u7EF4\u5EA6\u7684\u5916\u952E\u3002"
    examples:
    - R001
    - R005
    - R002
    - R004
    - R003
    - R006
    name: region_id
    role: foreign_key
    type: varchar(20)
  description: "\u8BA2\u5355\u4E8B\u5B9E\u8868\uFF0C\u8BB0\u5F55\u8BA2\u5355\u6570\
    \u91CF\u548C\u91D1\u989D\u7B49\u6838\u5FC3\u6307\u6807\u3002"
  name: fact_order
  role: fact
- columns:
  - alias:
    - "\u5546\u54C1\u7C7B\u522B"
    - "\u54C1\u7C7B"
    - "\u5206\u7C7B"
    description: "\u5546\u54C1\u6240\u5C5E\u54C1\u7C7B\u3002"
    examples:
    - "\u624B\u673A\u6570\u7801"
    - "\u5BB6\u7528\u7535\u5668"
    - "\u978B\u9774"
    - "\u670D\u9970"
    - "\u98DF\u54C1\u996E\u6599"
    - "\u4F11\u95F2\u96F6\u98DF"
    name: category
    role: dimension
    type: varchar(50)
  - alias:
    - "\u5546\u54C1\u540D\u79F0"
    - "\u4EA7\u54C1\u540D\u79F0"
    description: "\u5546\u54C1\u540D\u79F0\u3002"
    examples:
    - iPhone 15 Pro
    - Galaxy S24 Ultra
    - Mate 60 Pro
    - "\u6234\u68EE V15 \u5438\u5C18\u5668"
    - "\u7F8E\u7684\u7A7A\u8C03 KFR-35GW"
    - "\u8010\u514B Air Max 270 \u8FD0\u52A8\u978B"
    - "\u963F\u8FEA\u8FBE\u65AF Ultraboost \u8DD1\u978B"
    - "\u4F18\u8863\u5E93 Heattech \u4FDD\u6696\u5939\u514B"
    - "\u674E\u7EF4\u65AF 501 \u725B\u4ED4\u88E4"
    - "\u96C0\u5DE2\u91D1\u724C\u901F\u6EB6\u5496\u5561"
    name: product_name
    role: dimension
    type: varchar(200)
  - alias:
    - "\u54C1\u724C"
    - "\u54C1\u724C\u540D\u79F0"
    description: "\u5546\u54C1\u54C1\u724C\u540D\u79F0\u3002"
    examples:
    - "\u82F9\u679C"
    - "\u4E09\u661F"
    - "\u534E\u4E3A"
    - "\u6234\u68EE"
    - "\u7F8E\u7684"
    - "\u8010\u514B"
    - "\u963F\u8FEA\u8FBE\u65AF"
    - "\u4F18\u8863\u5E93"
    - "\u674E\u7EF4\u65AF"
    - "\u96C0\u5DE2"
    name: brand
    role: dimension
    type: varchar(50)
  - alias:
    - "\u5546\u54C1ID"
    - "\u4EA7\u54C1ID"
    description: "\u5546\u54C1\u552F\u4E00\u6807\u8BC6\u3002"
    examples:
    - P001
    - P002
    - P003
    - P004
    - P005
    - P006
    - P007
    - P008
    - P009
    - P010
    name: product_id
    role: primary_key
    type: varchar(20)
  description: "\u5546\u54C1\u7EF4\u5EA6\u8868\uFF0C\u63CF\u8FF0\u5546\u54C1\u7684\
    \u57FA\u672C\u5C5E\u6027\u4FE1\u606F\u3002"
  name: dim_product
  role: dim
- columns:
  - alias:
    - "\u65E5\u671FID"
    - "\u65E5\u671F"
    description: "\u65E5\u671F\u552F\u4E00\u6807\u8BC6\uFF0C\u683C\u5F0F yyyyMMdd\u3002"
    examples:
    - 20250101
    - 20250102
    - 20250103
    - 20250104
    - 20250105
    - 20250106
    - 20250107
    - 20250108
    - 20250109
    - 20250110
    name: date_id
    role: primary_key
    type: int
  description: "\u65F6\u95F4\u7EF4\u5EA6\u8868\uFF0C\u7528\u4E8E\u591A\u65F6\u95F4\
    \u7C92\u5EA6\u5206\u6790\u3002"
  name: dim_date
  role: dim

2026-01-21 11:44:51.467 | INFO     | request_id - 329ecc13-e061-4edd-b963-7cd2e88cb33d | app.agent.nodes.filter_metric_info:filter_metric_info:28 - 指标筛选结果: [{'name': 'GMV', 'description': '全称Gross Merchandise Value，表示所有订单的成交金额总和。', 'alias': ['成交总额', '订单总额']}]
2026-01-21 11:44:52.915 | INFO     | request_id - 329ecc13-e061-4edd-b963-7cd2e88cb33d | app.agent.nodes.filter_table_info:filter_table_info:32 - 表格筛选结果: {'fact_order': ['order_amount', 'date_id', 'product_id'], 'dim_product': ['category', 'product_id'], 'dim_date': ['date_id']}
2026-01-21 11:44:52.933 | INFO     | request_id - 329ecc13-e061-4edd-b963-7cd2e88cb33d | app.agent.nodes.add_context:add_context:23 - 添加上下文信息-date_info:{'date': '2026-01-21', 'weekday': 'Wednesday', 'quarter': 'Q1'},db_info:{'dialect': 'mysql', 'version': '8.0.44'}
2026-01-21 11:44:56.660 | INFO     | request_id - 329ecc13-e061-4edd-b963-7cd2e88cb33d | app.agent.nodes.generate_sql:generate_sql:32 - 生成SQL: ```sql
SELECT 
    dp.category AS 商品分类,
    SUM(fo.order_amount) AS 销售总额
FROM fact_order fo
JOIN dim_product dp ON fo.product_id = dp.product_id
JOIN dim_date dd ON fo.date_id = dd.date_id
WHERE dd.date_id >= 20250101 AND dd.date_id <= 20251231
GROUP BY dp.category
ORDER BY SUM(fo.order_amount) DESC;
```
2026-01-21 11:44:56.664 | INFO     | request_id - 329ecc13-e061-4edd-b963-7cd2e88cb33d | app.agent.nodes.validate_sql:validate_sql:16 - SQL验证结果: (asyncmy.errors.ProgrammingError) (1103, "Incorrect table name '`sql\nSELECT \n    dp.category AS 商品分类,\n    SUM(fo.order_amount) AS 销售总额\nFROM fact_ord'")
[SQL: explain ```sql
SELECT 
    dp.category AS 商品分类,
    SUM(fo.order_amount) AS 销售总额
FROM fact_order fo
JOIN dim_product dp ON fo.product_id = dp.product_id
JOIN dim_date dd ON fo.date_id = dd.date_id
WHERE dd.date_id >= 20250101 AND dd.date_id <= 20251231
GROUP BY dp.category
ORDER BY SUM(fo.order_amount) DESC;
```]
(Background on this error at: https://sqlalche.me/e/20/f405)
2026-01-21 11:44:56.669 | INFO     | request_id - 329ecc13-e061-4edd-b963-7cd2e88cb33d | app.agent.nodes.execute_sql:execute_sql:17 - SQL执行结果: {'status': False, 'message': '(asyncmy.errors.ProgrammingError) (1064, "You have an error in your SQL syntax; check the manual that corresponds to your MySQL server version for the right syntax to use near \'```sql\\nSELECT \\n    dp.category AS 商品分类,\\n    SUM(fo.order_amount) AS 销å\' at line 1")\n[SQL: ```sql\nSELECT \n    dp.category AS 商品分类,\n    SUM(fo.order_amount) AS 销售总额\nFROM fact_order fo\nJOIN dim_product dp ON fo.product_id = dp.product_id\nJOIN dim_date dd ON fo.date_id = dd.date_id\nWHERE dd.date_id >= 20250101 AND dd.date_id <= 20251231\nGROUP BY dp.category\nORDER BY SUM(fo.order_amount) DESC;\n```]\n(Background on this error at: https://sqlalche.me/e/20/f405)'}
2026-01-21 11:44:56.669 | ERROR    | request_id - 329ecc13-e061-4edd-b963-7cd2e88cb33d | app.agent.nodes.execute_sql:execute_sql:19 - (asyncmy.errors.ProgrammingError) (1064, "You have an error in your SQL syntax; check the manual that corresponds to your MySQL server version for the right syntax to use near '```sql\nSELECT \n    dp.category AS 商品分类,\n    SUM(fo.order_amount) AS 销å' at line 1")
[SQL: ```sql
SELECT 
    dp.category AS 商品分类,
    SUM(fo.order_amount) AS 销售总额
FROM fact_order fo
JOIN dim_product dp ON fo.product_id = dp.product_id
JOIN dim_date dd ON fo.date_id = dd.date_id
WHERE dd.date_id >= 20250101 AND dd.date_id <= 20251231
GROUP BY dp.category
ORDER BY SUM(fo.order_amount) DESC;
```]
(Background on this error at: https://sqlalche.me/e/20/f405)
2026-01-21 11:45:00.476 | INFO     | request_id - 329ecc13-e061-4edd-b963-7cd2e88cb33d | app.agent.nodes.correct_sql:correct_sql:34 - 校正SQL结果：```sql
SELECT 
    dp.category AS 商品分类,
    SUM(fo.order_amount) AS 销售总额
FROM fact_order fo
JOIN dim_product dp ON fo.product_id = dp.product_id
JOIN dim_date dd ON fo.date_id = dd.date_id
WHERE dd.date_id >= 20250101 AND dd.date_id <= 20251231
GROUP BY dp.category
ORDER BY SUM(fo.order_amount) DESC;
```
2026-01-21 11:45:51.732 | INFO     | request_id - b7f322cb-fa96-4373-b64d-0b4bbd22a149 | app.agent.nodes.extract_keywords:extract_keywords:43 - 关键词提取: ['统计', '商品', '销售总额', '分类', '统计一下去年各分类商品的销售总额']
2026-01-21 11:45:55.446 | INFO     | request_id - b7f322cb-fa96-4373-b64d-0b4bbd22a149 | app.agent.nodes.value_recall:value_recall:36 - 召回字段值：dict_values([])
2026-01-21 11:45:55.534 | INFO     | request_id - b7f322cb-fa96-4373-b64d-0b4bbd22a149 | app.agent.nodes.metric_recall:metric_recall:40 - recall metrics: dict_values([{'id': 'GMV', 'name': 'GMV', 'description': '全称Gross Merchandise Value，表示所有订单的成交金额总和。', 'relevant_columns': ['fact_order.order_amount'], 'alias': ['成交总额', '订单总额']}, {'id': 'AOV', 'name': 'AOV', 'description': '全称Average Order Value，表示所有订单的成交金额平均值。', 'relevant_columns': ['fact_order.order_quantity'], 'alias': ['平均单价', '平均订单金额']}])
2026-01-21 11:45:56.653 | INFO     | request_id - b7f322cb-fa96-4373-b64d-0b4bbd22a149 | app.agent.nodes.column_recall:column_recall:44 - 召回列信息: dict_values([{'id': 'fact_order.order_quantity', 'name': 'order_quantity', 'type': 'int', 'role': 'measure', 'examples': [1, 5, 12, 8, 2, 10, 3, 6, 25, 4], 'description': '订单中商品的购买数量。', 'alias': ['销量', '购买数量', '件数'], 'table_id': 'fact_order'}, {'id': 'dim_product.category', 'name': 'category', 'type': 'varchar(50)', 'role': 'dimension', 'examples': ['手机数码', '家用电器', '鞋靴', '服饰', '食品饮料', '休闲零食'], 'description': '商品所属品类。', 'alias': ['商品类别', '品类', '分类'], 'table_id': 'dim_product'}, {'id': 'dim_product.product_name', 'name': 'product_name', 'type': 'varchar(200)', 'role': 'dimension', 'examples': ['iPhone 15 Pro', 'Galaxy S24 Ultra', 'Mate 60 Pro', '戴森 V15 吸尘器', '美的空调 KFR-35GW', '耐克 Air Max 270 运动鞋', '阿迪达斯 Ultraboost 跑鞋', '优衣库 Heattech 保暖夹克', '李维斯 501 牛仔裤', '雀巢金牌速溶咖啡'], 'description': '商品名称。', 'alias': ['商品名称', '产品名称'], 'table_id': 'dim_product'}, {'id': 'dim_product.brand', 'name': 'brand', 'type': 'varchar(50)', 'role': 'dimension', 'examples': ['苹果', '三星', '华为', '戴森', '美的', '耐克', '阿迪达斯', '优衣库', '李维斯', '雀巢'], 'description': '商品品牌名称。', 'alias': ['品牌', '品牌名称'], 'table_id': 'dim_product'}, {'id': 'fact_order.order_amount', 'name': 'order_amount', 'type': 'float', 'role': 'measure', 'examples': [8999.0, 6999.0, 125.0, 899.0, 60.0, 1399.0, 40.0, 299.0, 200.0, 9499.0], 'description': '订单金额。', 'alias': ['销售额', '订单金额', '收入'], 'table_id': 'fact_order'}, {'id': 'fact_order.date_id', 'name': 'date_id', 'type': 'int', 'role': 'foreign_key', 'examples': [20250101, 20250102, 20250103, 20250104, 20250105, 20250106, 20250107, 20250108, 20250109, 20250110], 'description': '关联时间维度的外键。', 'alias': ['日期', '下单日期'], 'table_id': 'fact_order'}, {'id': 'dim_date.date_id', 'name': 'date_id', 'type': 'int', 'role': 'primary_key', 'examples': [20250101, 20250102, 20250103, 20250104, 20250105, 20250106, 20250107, 20250108, 20250109, 20250110], 'description': '日期唯一标识，格式 yyyyMMdd。', 'alias': ['日期ID', '日期'], 'table_id': 'dim_date'}])
2026-01-21 11:45:56.686 | INFO     | request_id - b7f322cb-fa96-4373-b64d-0b4bbd22a149 | app.agent.nodes.merge_retrieved_info:merge_retrieved_info:80 - merge retrieved info: metric_infos:
- alias:
  - "\u6210\u4EA4\u603B\u989D"
  - "\u8BA2\u5355\u603B\u989D"
  description: "\u5168\u79F0Gross Merchandise Value\uFF0C\u8868\u793A\u6240\u6709\u8BA2\
    \u5355\u7684\u6210\u4EA4\u91D1\u989D\u603B\u548C\u3002"
  name: GMV
- alias:
  - "\u5E73\u5747\u5355\u4EF7"
  - "\u5E73\u5747\u8BA2\u5355\u91D1\u989D"
  description: "\u5168\u79F0Average Order Value\uFF0C\u8868\u793A\u6240\u6709\u8BA2\
    \u5355\u7684\u6210\u4EA4\u91D1\u989D\u5E73\u5747\u503C\u3002"
  name: AOV
table_infos:
- columns:
  - alias:
    - "\u9500\u91CF"
    - "\u8D2D\u4E70\u6570\u91CF"
    - "\u4EF6\u6570"
    description: "\u8BA2\u5355\u4E2D\u5546\u54C1\u7684\u8D2D\u4E70\u6570\u91CF\u3002"
    examples:
    - 1
    - 5
    - 12
    - 8
    - 2
    - 10
    - 3
    - 6
    - 25
    - 4
    name: order_quantity
    role: measure
    type: int
  - alias:
    - "\u9500\u552E\u989D"
    - "\u8BA2\u5355\u91D1\u989D"
    - "\u6536\u5165"
    description: "\u8BA2\u5355\u91D1\u989D\u3002"
    examples:
    - 8999.0
    - 6999.0
    - 125.0
    - 899.0
    - 60.0
    - 1399.0
    - 40.0
    - 299.0
    - 200.0
    - 9499.0
    name: order_amount
    role: measure
    type: float
  - alias:
    - "\u65E5\u671F"
    - "\u4E0B\u5355\u65E5\u671F"
    description: "\u5173\u8054\u65F6\u95F4\u7EF4\u5EA6\u7684\u5916\u952E\u3002"
    examples:
    - 20250101
    - 20250102
    - 20250103
    - 20250104
    - 20250105
    - 20250106
    - 20250107
    - 20250108
    - 20250109
    - 20250110
    name: date_id
    role: foreign_key
    type: int
  - alias:
    - "\u5BA2\u6237ID"
    - "\u7528\u6237ID"
    description: "\u5173\u8054\u5BA2\u6237\u7EF4\u5EA6\u7684\u5916\u952E\u3002"
    examples:
    - C001
    - C005
    - C003
    - C008
    - C012
    - C015
    - C002
    - C007
    - C010
    - C019
    name: customer_id
    role: foreign_key
    type: varchar(20)
  - alias:
    - "\u8BA2\u5355ID"
    description: "\u8BA2\u5355\u552F\u4E00\u6807\u8BC6\u3002"
    examples:
    - ORD20250101001
    - ORD20250101002
    - ORD20250102001
    - ORD20250102002
    - ORD20250103001
    - ORD20250103002
    - ORD20250104001
    - ORD20250105001
    - ORD20250105002
    - ORD20250106001
    name: order_id
    role: primary_key
    type: varchar(30)
  - alias:
    - "\u5546\u54C1ID"
    - "\u4EA7\u54C1ID"
    description: "\u5173\u8054\u5546\u54C1\u7EF4\u5EA6\u7684\u5916\u952E\u3002"
    examples:
    - P001
    - P003
    - P010
    - P006
    - P011
    - P014
    - P012
    - P008
    - P002
    - P013
    name: product_id
    role: foreign_key
    type: varchar(20)
  - alias:
    - "\u5730\u533AID"
    - "\u533A\u57DFID"
    description: "\u5173\u8054\u5730\u533A\u7EF4\u5EA6\u7684\u5916\u952E\u3002"
    examples:
    - R001
    - R005
    - R002
    - R004
    - R003
    - R006
    name: region_id
    role: foreign_key
    type: varchar(20)
  description: "\u8BA2\u5355\u4E8B\u5B9E\u8868\uFF0C\u8BB0\u5F55\u8BA2\u5355\u6570\
    \u91CF\u548C\u91D1\u989D\u7B49\u6838\u5FC3\u6307\u6807\u3002"
  name: fact_order
  role: fact
- columns:
  - alias:
    - "\u5546\u54C1\u7C7B\u522B"
    - "\u54C1\u7C7B"
    - "\u5206\u7C7B"
    description: "\u5546\u54C1\u6240\u5C5E\u54C1\u7C7B\u3002"
    examples:
    - "\u624B\u673A\u6570\u7801"
    - "\u5BB6\u7528\u7535\u5668"
    - "\u978B\u9774"
    - "\u670D\u9970"
    - "\u98DF\u54C1\u996E\u6599"
    - "\u4F11\u95F2\u96F6\u98DF"
    name: category
    role: dimension
    type: varchar(50)
  - alias:
    - "\u5546\u54C1\u540D\u79F0"
    - "\u4EA7\u54C1\u540D\u79F0"
    description: "\u5546\u54C1\u540D\u79F0\u3002"
    examples:
    - iPhone 15 Pro
    - Galaxy S24 Ultra
    - Mate 60 Pro
    - "\u6234\u68EE V15 \u5438\u5C18\u5668"
    - "\u7F8E\u7684\u7A7A\u8C03 KFR-35GW"
    - "\u8010\u514B Air Max 270 \u8FD0\u52A8\u978B"
    - "\u963F\u8FEA\u8FBE\u65AF Ultraboost \u8DD1\u978B"
    - "\u4F18\u8863\u5E93 Heattech \u4FDD\u6696\u5939\u514B"
    - "\u674E\u7EF4\u65AF 501 \u725B\u4ED4\u88E4"
    - "\u96C0\u5DE2\u91D1\u724C\u901F\u6EB6\u5496\u5561"
    name: product_name
    role: dimension
    type: varchar(200)
  - alias:
    - "\u54C1\u724C"
    - "\u54C1\u724C\u540D\u79F0"
    description: "\u5546\u54C1\u54C1\u724C\u540D\u79F0\u3002"
    examples:
    - "\u82F9\u679C"
    - "\u4E09\u661F"
    - "\u534E\u4E3A"
    - "\u6234\u68EE"
    - "\u7F8E\u7684"
    - "\u8010\u514B"
    - "\u963F\u8FEA\u8FBE\u65AF"
    - "\u4F18\u8863\u5E93"
    - "\u674E\u7EF4\u65AF"
    - "\u96C0\u5DE2"
    name: brand
    role: dimension
    type: varchar(50)
  - alias:
    - "\u5546\u54C1ID"
    - "\u4EA7\u54C1ID"
    description: "\u5546\u54C1\u552F\u4E00\u6807\u8BC6\u3002"
    examples:
    - P001
    - P002
    - P003
    - P004
    - P005
    - P006
    - P007
    - P008
    - P009
    - P010
    name: product_id
    role: primary_key
    type: varchar(20)
  description: "\u5546\u54C1\u7EF4\u5EA6\u8868\uFF0C\u63CF\u8FF0\u5546\u54C1\u7684\
    \u57FA\u672C\u5C5E\u6027\u4FE1\u606F\u3002"
  name: dim_product
  role: dim
- columns:
  - alias:
    - "\u65E5\u671FID"
    - "\u65E5\u671F"
    description: "\u65E5\u671F\u552F\u4E00\u6807\u8BC6\uFF0C\u683C\u5F0F yyyyMMdd\u3002"
    examples:
    - 20250101
    - 20250102
    - 20250103
    - 20250104
    - 20250105
    - 20250106
    - 20250107
    - 20250108
    - 20250109
    - 20250110
    name: date_id
    role: primary_key
    type: int
  description: "\u65F6\u95F4\u7EF4\u5EA6\u8868\uFF0C\u7528\u4E8E\u591A\u65F6\u95F4\
    \u7C92\u5EA6\u5206\u6790\u3002"
  name: dim_date
  role: dim

2026-01-21 11:45:58.035 | INFO     | request_id - b7f322cb-fa96-4373-b64d-0b4bbd22a149 | app.agent.nodes.filter_metric_info:filter_metric_info:28 - 指标筛选结果: [{'name': 'GMV', 'description': '全称Gross Merchandise Value，表示所有订单的成交金额总和。', 'alias': ['成交总额', '订单总额']}]
2026-01-21 11:45:59.071 | INFO     | request_id - b7f322cb-fa96-4373-b64d-0b4bbd22a149 | app.agent.nodes.filter_table_info:filter_table_info:32 - 表格筛选结果: {'fact_order': ['order_amount', 'date_id', 'product_id'], 'dim_product': ['category', 'product_id'], 'dim_date': ['date_id']}
2026-01-21 11:45:59.078 | INFO     | request_id - b7f322cb-fa96-4373-b64d-0b4bbd22a149 | app.agent.nodes.add_context:add_context:23 - 添加上下文信息-date_info:{'date': '2026-01-21', 'weekday': 'Wednesday', 'quarter': 'Q1'},db_info:{'dialect': 'mysql', 'version': '8.0.44'}
2026-01-21 11:46:02.452 | INFO     | request_id - b7f322cb-fa96-4373-b64d-0b4bbd22a149 | app.agent.nodes.generate_sql:generate_sql:32 - 生成SQL: ```sql
SELECT 
    dp.category AS 商品分类,
    SUM(fo.order_amount) AS 销售总额
FROM fact_order fo
JOIN dim_product dp ON fo.product_id = dp.product_id
JOIN dim_date dd ON fo.date_id = dd.date_id
WHERE dd.date_id >= 20250101 AND dd.date_id < 20260101
GROUP BY dp.category
ORDER BY 销售总额 DESC;
```
2026-01-21 11:46:02.456 | INFO     | request_id - b7f322cb-fa96-4373-b64d-0b4bbd22a149 | app.agent.nodes.validate_sql:validate_sql:16 - SQL验证结果: (asyncmy.errors.ProgrammingError) (1103, "Incorrect table name '`sql\nSELECT \n    dp.category AS 商品分类,\n    SUM(fo.order_amount) AS 销售总额\nFROM fact_ord'")
[SQL: explain ```sql
SELECT 
    dp.category AS 商品分类,
    SUM(fo.order_amount) AS 销售总额
FROM fact_order fo
JOIN dim_product dp ON fo.product_id = dp.product_id
JOIN dim_date dd ON fo.date_id = dd.date_id
WHERE dd.date_id >= 20250101 AND dd.date_id < 20260101
GROUP BY dp.category
ORDER BY 销售总额 DESC;
```]
(Background on this error at: https://sqlalche.me/e/20/f405)
2026-01-21 11:46:02.460 | INFO     | request_id - b7f322cb-fa96-4373-b64d-0b4bbd22a149 | app.agent.nodes.execute_sql:execute_sql:17 - SQL执行结果: {'status': False, 'message': '(asyncmy.errors.ProgrammingError) (1064, "You have an error in your SQL syntax; check the manual that corresponds to your MySQL server version for the right syntax to use near \'```sql\\nSELECT \\n    dp.category AS 商品分类,\\n    SUM(fo.order_amount) AS 销å\' at line 1")\n[SQL: ```sql\nSELECT \n    dp.category AS 商品分类,\n    SUM(fo.order_amount) AS 销售总额\nFROM fact_order fo\nJOIN dim_product dp ON fo.product_id = dp.product_id\nJOIN dim_date dd ON fo.date_id = dd.date_id\nWHERE dd.date_id >= 20250101 AND dd.date_id < 20260101\nGROUP BY dp.category\nORDER BY 销售总额 DESC;\n```]\n(Background on this error at: https://sqlalche.me/e/20/f405)'}
2026-01-21 11:46:02.460 | ERROR    | request_id - b7f322cb-fa96-4373-b64d-0b4bbd22a149 | app.agent.nodes.execute_sql:execute_sql:19 - (asyncmy.errors.ProgrammingError) (1064, "You have an error in your SQL syntax; check the manual that corresponds to your MySQL server version for the right syntax to use near '```sql\nSELECT \n    dp.category AS 商品分类,\n    SUM(fo.order_amount) AS 销å' at line 1")
[SQL: ```sql
SELECT 
    dp.category AS 商品分类,
    SUM(fo.order_amount) AS 销售总额
FROM fact_order fo
JOIN dim_product dp ON fo.product_id = dp.product_id
JOIN dim_date dd ON fo.date_id = dd.date_id
WHERE dd.date_id >= 20250101 AND dd.date_id < 20260101
GROUP BY dp.category
ORDER BY 销售总额 DESC;
```]
(Background on this error at: https://sqlalche.me/e/20/f405)
2026-01-21 11:46:05.726 | INFO     | request_id - b7f322cb-fa96-4373-b64d-0b4bbd22a149 | app.agent.nodes.correct_sql:correct_sql:34 - 校正SQL结果：SELECT 
    dp.category AS 商品分类,
    SUM(fo.order_amount) AS 销售总额
FROM fact_order fo
JOIN dim_product dp ON fo.product_id = dp.product_id
JOIN dim_date dd ON fo.date_id = dd.date_id
WHERE dd.date_id >= 20250101 AND dd.date_id < 20260101
GROUP BY dp.category
ORDER BY 销售总额 DESC;
2026-01-21 11:48:23.675 | INFO     | request_id - b5b74adb-8772-49f6-8b56-0d559124f05a | app.agent.nodes.extract_keywords:extract_keywords:43 - 关键词提取: ['统计', '商品', '销售总额', '分类', '统计一下去年各分类商品的销售总额']
2026-01-21 11:48:27.092 | INFO     | request_id - b5b74adb-8772-49f6-8b56-0d559124f05a | app.agent.nodes.metric_recall:metric_recall:40 - recall metrics: dict_values([{'id': 'GMV', 'name': 'GMV', 'description': '全称Gross Merchandise Value，表示所有订单的成交金额总和。', 'relevant_columns': ['fact_order.order_amount'], 'alias': ['成交总额', '订单总额']}, {'id': 'AOV', 'name': 'AOV', 'description': '全称Average Order Value，表示所有订单的成交金额平均值。', 'relevant_columns': ['fact_order.order_quantity'], 'alias': ['平均单价', '平均订单金额']}])
2026-01-21 11:48:27.164 | INFO     | request_id - b5b74adb-8772-49f6-8b56-0d559124f05a | app.agent.nodes.value_recall:value_recall:36 - 召回字段值：dict_values([])
2026-01-21 11:48:28.187 | INFO     | request_id - b5b74adb-8772-49f6-8b56-0d559124f05a | app.agent.nodes.column_recall:column_recall:44 - 召回列信息: dict_values([{'id': 'fact_order.order_quantity', 'name': 'order_quantity', 'type': 'int', 'role': 'measure', 'examples': [1, 5, 12, 8, 2, 10, 3, 6, 25, 4], 'description': '订单中商品的购买数量。', 'alias': ['销量', '购买数量', '件数'], 'table_id': 'fact_order'}, {'id': 'dim_product.category', 'name': 'category', 'type': 'varchar(50)', 'role': 'dimension', 'examples': ['手机数码', '家用电器', '鞋靴', '服饰', '食品饮料', '休闲零食'], 'description': '商品所属品类。', 'alias': ['商品类别', '品类', '分类'], 'table_id': 'dim_product'}, {'id': 'dim_product.product_name', 'name': 'product_name', 'type': 'varchar(200)', 'role': 'dimension', 'examples': ['iPhone 15 Pro', 'Galaxy S24 Ultra', 'Mate 60 Pro', '戴森 V15 吸尘器', '美的空调 KFR-35GW', '耐克 Air Max 270 运动鞋', '阿迪达斯 Ultraboost 跑鞋', '优衣库 Heattech 保暖夹克', '李维斯 501 牛仔裤', '雀巢金牌速溶咖啡'], 'description': '商品名称。', 'alias': ['商品名称', '产品名称'], 'table_id': 'dim_product'}, {'id': 'dim_product.brand', 'name': 'brand', 'type': 'varchar(50)', 'role': 'dimension', 'examples': ['苹果', '三星', '华为', '戴森', '美的', '耐克', '阿迪达斯', '优衣库', '李维斯', '雀巢'], 'description': '商品品牌名称。', 'alias': ['品牌', '品牌名称'], 'table_id': 'dim_product'}, {'id': 'fact_order.order_amount', 'name': 'order_amount', 'type': 'float', 'role': 'measure', 'examples': [8999.0, 6999.0, 125.0, 899.0, 60.0, 1399.0, 40.0, 299.0, 200.0, 9499.0], 'description': '订单金额。', 'alias': ['销售额', '订单金额', '收入'], 'table_id': 'fact_order'}, {'id': 'fact_order.date_id', 'name': 'date_id', 'type': 'int', 'role': 'foreign_key', 'examples': [20250101, 20250102, 20250103, 20250104, 20250105, 20250106, 20250107, 20250108, 20250109, 20250110], 'description': '关联时间维度的外键。', 'alias': ['日期', '下单日期'], 'table_id': 'fact_order'}, {'id': 'dim_date.date_id', 'name': 'date_id', 'type': 'int', 'role': 'primary_key', 'examples': [20250101, 20250102, 20250103, 20250104, 20250105, 20250106, 20250107, 20250108, 20250109, 20250110], 'description': '日期唯一标识，格式 yyyyMMdd。', 'alias': ['日期ID', '日期'], 'table_id': 'dim_date'}])
2026-01-21 11:48:28.211 | INFO     | request_id - b5b74adb-8772-49f6-8b56-0d559124f05a | app.agent.nodes.merge_retrieved_info:merge_retrieved_info:80 - merge retrieved info: metric_infos:
- alias:
  - "\u6210\u4EA4\u603B\u989D"
  - "\u8BA2\u5355\u603B\u989D"
  description: "\u5168\u79F0Gross Merchandise Value\uFF0C\u8868\u793A\u6240\u6709\u8BA2\
    \u5355\u7684\u6210\u4EA4\u91D1\u989D\u603B\u548C\u3002"
  name: GMV
- alias:
  - "\u5E73\u5747\u5355\u4EF7"
  - "\u5E73\u5747\u8BA2\u5355\u91D1\u989D"
  description: "\u5168\u79F0Average Order Value\uFF0C\u8868\u793A\u6240\u6709\u8BA2\
    \u5355\u7684\u6210\u4EA4\u91D1\u989D\u5E73\u5747\u503C\u3002"
  name: AOV
table_infos:
- columns:
  - alias:
    - "\u9500\u91CF"
    - "\u8D2D\u4E70\u6570\u91CF"
    - "\u4EF6\u6570"
    description: "\u8BA2\u5355\u4E2D\u5546\u54C1\u7684\u8D2D\u4E70\u6570\u91CF\u3002"
    examples:
    - 1
    - 5
    - 12
    - 8
    - 2
    - 10
    - 3
    - 6
    - 25
    - 4
    name: order_quantity
    role: measure
    type: int
  - alias:
    - "\u9500\u552E\u989D"
    - "\u8BA2\u5355\u91D1\u989D"
    - "\u6536\u5165"
    description: "\u8BA2\u5355\u91D1\u989D\u3002"
    examples:
    - 8999.0
    - 6999.0
    - 125.0
    - 899.0
    - 60.0
    - 1399.0
    - 40.0
    - 299.0
    - 200.0
    - 9499.0
    name: order_amount
    role: measure
    type: float
  - alias:
    - "\u65E5\u671F"
    - "\u4E0B\u5355\u65E5\u671F"
    description: "\u5173\u8054\u65F6\u95F4\u7EF4\u5EA6\u7684\u5916\u952E\u3002"
    examples:
    - 20250101
    - 20250102
    - 20250103
    - 20250104
    - 20250105
    - 20250106
    - 20250107
    - 20250108
    - 20250109
    - 20250110
    name: date_id
    role: foreign_key
    type: int
  - alias:
    - "\u5BA2\u6237ID"
    - "\u7528\u6237ID"
    description: "\u5173\u8054\u5BA2\u6237\u7EF4\u5EA6\u7684\u5916\u952E\u3002"
    examples:
    - C001
    - C005
    - C003
    - C008
    - C012
    - C015
    - C002
    - C007
    - C010
    - C019
    name: customer_id
    role: foreign_key
    type: varchar(20)
  - alias:
    - "\u8BA2\u5355ID"
    description: "\u8BA2\u5355\u552F\u4E00\u6807\u8BC6\u3002"
    examples:
    - ORD20250101001
    - ORD20250101002
    - ORD20250102001
    - ORD20250102002
    - ORD20250103001
    - ORD20250103002
    - ORD20250104001
    - ORD20250105001
    - ORD20250105002
    - ORD20250106001
    name: order_id
    role: primary_key
    type: varchar(30)
  - alias:
    - "\u5546\u54C1ID"
    - "\u4EA7\u54C1ID"
    description: "\u5173\u8054\u5546\u54C1\u7EF4\u5EA6\u7684\u5916\u952E\u3002"
    examples:
    - P001
    - P003
    - P010
    - P006
    - P011
    - P014
    - P012
    - P008
    - P002
    - P013
    name: product_id
    role: foreign_key
    type: varchar(20)
  - alias:
    - "\u5730\u533AID"
    - "\u533A\u57DFID"
    description: "\u5173\u8054\u5730\u533A\u7EF4\u5EA6\u7684\u5916\u952E\u3002"
    examples:
    - R001
    - R005
    - R002
    - R004
    - R003
    - R006
    name: region_id
    role: foreign_key
    type: varchar(20)
  description: "\u8BA2\u5355\u4E8B\u5B9E\u8868\uFF0C\u8BB0\u5F55\u8BA2\u5355\u6570\
    \u91CF\u548C\u91D1\u989D\u7B49\u6838\u5FC3\u6307\u6807\u3002"
  name: fact_order
  role: fact
- columns:
  - alias:
    - "\u5546\u54C1\u7C7B\u522B"
    - "\u54C1\u7C7B"
    - "\u5206\u7C7B"
    description: "\u5546\u54C1\u6240\u5C5E\u54C1\u7C7B\u3002"
    examples:
    - "\u624B\u673A\u6570\u7801"
    - "\u5BB6\u7528\u7535\u5668"
    - "\u978B\u9774"
    - "\u670D\u9970"
    - "\u98DF\u54C1\u996E\u6599"
    - "\u4F11\u95F2\u96F6\u98DF"
    name: category
    role: dimension
    type: varchar(50)
  - alias:
    - "\u5546\u54C1\u540D\u79F0"
    - "\u4EA7\u54C1\u540D\u79F0"
    description: "\u5546\u54C1\u540D\u79F0\u3002"
    examples:
    - iPhone 15 Pro
    - Galaxy S24 Ultra
    - Mate 60 Pro
    - "\u6234\u68EE V15 \u5438\u5C18\u5668"
    - "\u7F8E\u7684\u7A7A\u8C03 KFR-35GW"
    - "\u8010\u514B Air Max 270 \u8FD0\u52A8\u978B"
    - "\u963F\u8FEA\u8FBE\u65AF Ultraboost \u8DD1\u978B"
    - "\u4F18\u8863\u5E93 Heattech \u4FDD\u6696\u5939\u514B"
    - "\u674E\u7EF4\u65AF 501 \u725B\u4ED4\u88E4"
    - "\u96C0\u5DE2\u91D1\u724C\u901F\u6EB6\u5496\u5561"
    name: product_name
    role: dimension
    type: varchar(200)
  - alias:
    - "\u54C1\u724C"
    - "\u54C1\u724C\u540D\u79F0"
    description: "\u5546\u54C1\u54C1\u724C\u540D\u79F0\u3002"
    examples:
    - "\u82F9\u679C"
    - "\u4E09\u661F"
    - "\u534E\u4E3A"
    - "\u6234\u68EE"
    - "\u7F8E\u7684"
    - "\u8010\u514B"
    - "\u963F\u8FEA\u8FBE\u65AF"
    - "\u4F18\u8863\u5E93"
    - "\u674E\u7EF4\u65AF"
    - "\u96C0\u5DE2"
    name: brand
    role: dimension
    type: varchar(50)
  - alias:
    - "\u5546\u54C1ID"
    - "\u4EA7\u54C1ID"
    description: "\u5546\u54C1\u552F\u4E00\u6807\u8BC6\u3002"
    examples:
    - P001
    - P002
    - P003
    - P004
    - P005
    - P006
    - P007
    - P008
    - P009
    - P010
    name: product_id
    role: primary_key
    type: varchar(20)
  description: "\u5546\u54C1\u7EF4\u5EA6\u8868\uFF0C\u63CF\u8FF0\u5546\u54C1\u7684\
    \u57FA\u672C\u5C5E\u6027\u4FE1\u606F\u3002"
  name: dim_product
  role: dim
- columns:
  - alias:
    - "\u65E5\u671FID"
    - "\u65E5\u671F"
    description: "\u65E5\u671F\u552F\u4E00\u6807\u8BC6\uFF0C\u683C\u5F0F yyyyMMdd\u3002"
    examples:
    - 20250101
    - 20250102
    - 20250103
    - 20250104
    - 20250105
    - 20250106
    - 20250107
    - 20250108
    - 20250109
    - 20250110
    name: date_id
    role: primary_key
    type: int
  description: "\u65F6\u95F4\u7EF4\u5EA6\u8868\uFF0C\u7528\u4E8E\u591A\u65F6\u95F4\
    \u7C92\u5EA6\u5206\u6790\u3002"
  name: dim_date
  role: dim

2026-01-21 11:48:29.199 | INFO     | request_id - b5b74adb-8772-49f6-8b56-0d559124f05a | app.agent.nodes.filter_metric_info:filter_metric_info:28 - 指标筛选结果: [{'name': 'GMV', 'description': '全称Gross Merchandise Value，表示所有订单的成交金额总和。', 'alias': ['成交总额', '订单总额']}]
2026-01-21 11:48:30.192 | INFO     | request_id - b5b74adb-8772-49f6-8b56-0d559124f05a | app.agent.nodes.filter_table_info:filter_table_info:32 - 表格筛选结果: {'fact_order': ['order_amount', 'date_id', 'product_id'], 'dim_product': ['category', 'product_id'], 'dim_date': ['date_id']}
2026-01-21 11:48:30.197 | INFO     | request_id - b5b74adb-8772-49f6-8b56-0d559124f05a | app.agent.nodes.add_context:add_context:23 - 添加上下文信息-date_info:{'date': '2026-01-21', 'weekday': 'Wednesday', 'quarter': 'Q1'},db_info:{'dialect': 'mysql', 'version': '8.0.44'}
2026-01-21 11:48:33.730 | INFO     | request_id - b5b74adb-8772-49f6-8b56-0d559124f05a | app.agent.nodes.generate_sql:generate_sql:32 - 生成SQL: ```sql
SELECT 
    dp.category AS 商品分类,
    SUM(fo.order_amount) AS 销售总额
FROM fact_order fo
JOIN dim_product dp ON fo.product_id = dp.product_id
JOIN dim_date dd ON fo.date_id = dd.date_id
WHERE dd.date_id >= 20250101 AND dd.date_id < 20260101
GROUP BY dp.category
ORDER BY SUM(fo.order_amount) DESC;
```
2026-01-21 11:48:33.735 | INFO     | request_id - b5b74adb-8772-49f6-8b56-0d559124f05a | app.agent.nodes.validate_sql:validate_sql:16 - SQL验证结果: (asyncmy.errors.ProgrammingError) (1103, "Incorrect table name '`sql\nSELECT \n    dp.category AS 商品分类,\n    SUM(fo.order_amount) AS 销售总额\nFROM fact_ord'")
[SQL: explain ```sql
SELECT 
    dp.category AS 商品分类,
    SUM(fo.order_amount) AS 销售总额
FROM fact_order fo
JOIN dim_product dp ON fo.product_id = dp.product_id
JOIN dim_date dd ON fo.date_id = dd.date_id
WHERE dd.date_id >= 20250101 AND dd.date_id < 20260101
GROUP BY dp.category
ORDER BY SUM(fo.order_amount) DESC;
```]
(Background on this error at: https://sqlalche.me/e/20/f405)
2026-01-21 11:48:33.739 | INFO     | request_id - b5b74adb-8772-49f6-8b56-0d559124f05a | app.agent.nodes.execute_sql:execute_sql:17 - SQL执行结果: {'status': False, 'message': '(asyncmy.errors.ProgrammingError) (1064, "You have an error in your SQL syntax; check the manual that corresponds to your MySQL server version for the right syntax to use near \'```sql\\nSELECT \\n    dp.category AS 商品分类,\\n    SUM(fo.order_amount) AS 销å\' at line 1")\n[SQL: ```sql\nSELECT \n    dp.category AS 商品分类,\n    SUM(fo.order_amount) AS 销售总额\nFROM fact_order fo\nJOIN dim_product dp ON fo.product_id = dp.product_id\nJOIN dim_date dd ON fo.date_id = dd.date_id\nWHERE dd.date_id >= 20250101 AND dd.date_id < 20260101\nGROUP BY dp.category\nORDER BY SUM(fo.order_amount) DESC;\n```]\n(Background on this error at: https://sqlalche.me/e/20/f405)'}
2026-01-21 11:48:33.740 | ERROR    | request_id - b5b74adb-8772-49f6-8b56-0d559124f05a | app.agent.nodes.execute_sql:execute_sql:19 - (asyncmy.errors.ProgrammingError) (1064, "You have an error in your SQL syntax; check the manual that corresponds to your MySQL server version for the right syntax to use near '```sql\nSELECT \n    dp.category AS 商品分类,\n    SUM(fo.order_amount) AS 销å' at line 1")
[SQL: ```sql
SELECT 
    dp.category AS 商品分类,
    SUM(fo.order_amount) AS 销售总额
FROM fact_order fo
JOIN dim_product dp ON fo.product_id = dp.product_id
JOIN dim_date dd ON fo.date_id = dd.date_id
WHERE dd.date_id >= 20250101 AND dd.date_id < 20260101
GROUP BY dp.category
ORDER BY SUM(fo.order_amount) DESC;
```]
(Background on this error at: https://sqlalche.me/e/20/f405)
2026-01-21 11:48:37.520 | INFO     | request_id - b5b74adb-8772-49f6-8b56-0d559124f05a | app.agent.nodes.correct_sql:correct_sql:34 - 校正SQL结果：SELECT 
    dp.category AS 商品分类,
    SUM(fo.order_amount) AS 销售总额
FROM fact_order fo
JOIN dim_product dp ON fo.product_id = dp.product_id
JOIN dim_date dd ON fo.date_id = dd.date_id
WHERE dd.date_id >= 20250101 AND dd.date_id < 20260101
GROUP BY dp.category
ORDER BY SUM(fo.order_amount) DESC;
2026-01-21 11:49:25.718 | INFO     | request_id - a9d6f028-a6ae-406b-8ffa-5e671dc52058 | app.agent.nodes.extract_keywords:extract_keywords:43 - 关键词提取: ['统计', '商品', '销售总额', '分类', '统计一下去年各分类商品的销售总额']
2026-01-21 11:49:29.021 | INFO     | request_id - a9d6f028-a6ae-406b-8ffa-5e671dc52058 | app.agent.nodes.metric_recall:metric_recall:40 - recall metrics: dict_values([{'id': 'GMV', 'name': 'GMV', 'description': '全称Gross Merchandise Value，表示所有订单的成交金额总和。', 'relevant_columns': ['fact_order.order_amount'], 'alias': ['成交总额', '订单总额']}, {'id': 'AOV', 'name': 'AOV', 'description': '全称Average Order Value，表示所有订单的成交金额平均值。', 'relevant_columns': ['fact_order.order_quantity'], 'alias': ['平均单价', '平均订单金额']}])
2026-01-21 11:49:29.358 | INFO     | request_id - a9d6f028-a6ae-406b-8ffa-5e671dc52058 | app.agent.nodes.value_recall:value_recall:36 - 召回字段值：dict_values([])
2026-01-21 11:49:30.296 | INFO     | request_id - a9d6f028-a6ae-406b-8ffa-5e671dc52058 | app.agent.nodes.column_recall:column_recall:44 - 召回列信息: dict_values([{'id': 'fact_order.order_quantity', 'name': 'order_quantity', 'type': 'int', 'role': 'measure', 'examples': [1, 5, 12, 8, 2, 10, 3, 6, 25, 4], 'description': '订单中商品的购买数量。', 'alias': ['销量', '购买数量', '件数'], 'table_id': 'fact_order'}, {'id': 'dim_product.category', 'name': 'category', 'type': 'varchar(50)', 'role': 'dimension', 'examples': ['手机数码', '家用电器', '鞋靴', '服饰', '食品饮料', '休闲零食'], 'description': '商品所属品类。', 'alias': ['商品类别', '品类', '分类'], 'table_id': 'dim_product'}, {'id': 'dim_product.product_name', 'name': 'product_name', 'type': 'varchar(200)', 'role': 'dimension', 'examples': ['iPhone 15 Pro', 'Galaxy S24 Ultra', 'Mate 60 Pro', '戴森 V15 吸尘器', '美的空调 KFR-35GW', '耐克 Air Max 270 运动鞋', '阿迪达斯 Ultraboost 跑鞋', '优衣库 Heattech 保暖夹克', '李维斯 501 牛仔裤', '雀巢金牌速溶咖啡'], 'description': '商品名称。', 'alias': ['商品名称', '产品名称'], 'table_id': 'dim_product'}, {'id': 'dim_product.brand', 'name': 'brand', 'type': 'varchar(50)', 'role': 'dimension', 'examples': ['苹果', '三星', '华为', '戴森', '美的', '耐克', '阿迪达斯', '优衣库', '李维斯', '雀巢'], 'description': '商品品牌名称。', 'alias': ['品牌', '品牌名称'], 'table_id': 'dim_product'}, {'id': 'fact_order.order_amount', 'name': 'order_amount', 'type': 'float', 'role': 'measure', 'examples': [8999.0, 6999.0, 125.0, 899.0, 60.0, 1399.0, 40.0, 299.0, 200.0, 9499.0], 'description': '订单金额。', 'alias': ['销售额', '订单金额', '收入'], 'table_id': 'fact_order'}, {'id': 'fact_order.date_id', 'name': 'date_id', 'type': 'int', 'role': 'foreign_key', 'examples': [20250101, 20250102, 20250103, 20250104, 20250105, 20250106, 20250107, 20250108, 20250109, 20250110], 'description': '关联时间维度的外键。', 'alias': ['日期', '下单日期'], 'table_id': 'fact_order'}, {'id': 'dim_date.date_id', 'name': 'date_id', 'type': 'int', 'role': 'primary_key', 'examples': [20250101, 20250102, 20250103, 20250104, 20250105, 20250106, 20250107, 20250108, 20250109, 20250110], 'description': '日期唯一标识，格式 yyyyMMdd。', 'alias': ['日期ID', '日期'], 'table_id': 'dim_date'}])
2026-01-21 11:49:30.326 | INFO     | request_id - a9d6f028-a6ae-406b-8ffa-5e671dc52058 | app.agent.nodes.merge_retrieved_info:merge_retrieved_info:80 - merge retrieved info: metric_infos:
- alias:
  - "\u6210\u4EA4\u603B\u989D"
  - "\u8BA2\u5355\u603B\u989D"
  description: "\u5168\u79F0Gross Merchandise Value\uFF0C\u8868\u793A\u6240\u6709\u8BA2\
    \u5355\u7684\u6210\u4EA4\u91D1\u989D\u603B\u548C\u3002"
  name: GMV
- alias:
  - "\u5E73\u5747\u5355\u4EF7"
  - "\u5E73\u5747\u8BA2\u5355\u91D1\u989D"
  description: "\u5168\u79F0Average Order Value\uFF0C\u8868\u793A\u6240\u6709\u8BA2\
    \u5355\u7684\u6210\u4EA4\u91D1\u989D\u5E73\u5747\u503C\u3002"
  name: AOV
table_infos:
- columns:
  - alias:
    - "\u9500\u91CF"
    - "\u8D2D\u4E70\u6570\u91CF"
    - "\u4EF6\u6570"
    description: "\u8BA2\u5355\u4E2D\u5546\u54C1\u7684\u8D2D\u4E70\u6570\u91CF\u3002"
    examples:
    - 1
    - 5
    - 12
    - 8
    - 2
    - 10
    - 3
    - 6
    - 25
    - 4
    name: order_quantity
    role: measure
    type: int
  - alias:
    - "\u9500\u552E\u989D"
    - "\u8BA2\u5355\u91D1\u989D"
    - "\u6536\u5165"
    description: "\u8BA2\u5355\u91D1\u989D\u3002"
    examples:
    - 8999.0
    - 6999.0
    - 125.0
    - 899.0
    - 60.0
    - 1399.0
    - 40.0
    - 299.0
    - 200.0
    - 9499.0
    name: order_amount
    role: measure
    type: float
  - alias:
    - "\u65E5\u671F"
    - "\u4E0B\u5355\u65E5\u671F"
    description: "\u5173\u8054\u65F6\u95F4\u7EF4\u5EA6\u7684\u5916\u952E\u3002"
    examples:
    - 20250101
    - 20250102
    - 20250103
    - 20250104
    - 20250105
    - 20250106
    - 20250107
    - 20250108
    - 20250109
    - 20250110
    name: date_id
    role: foreign_key
    type: int
  - alias:
    - "\u5BA2\u6237ID"
    - "\u7528\u6237ID"
    description: "\u5173\u8054\u5BA2\u6237\u7EF4\u5EA6\u7684\u5916\u952E\u3002"
    examples:
    - C001
    - C005
    - C003
    - C008
    - C012
    - C015
    - C002
    - C007
    - C010
    - C019
    name: customer_id
    role: foreign_key
    type: varchar(20)
  - alias:
    - "\u8BA2\u5355ID"
    description: "\u8BA2\u5355\u552F\u4E00\u6807\u8BC6\u3002"
    examples:
    - ORD20250101001
    - ORD20250101002
    - ORD20250102001
    - ORD20250102002
    - ORD20250103001
    - ORD20250103002
    - ORD20250104001
    - ORD20250105001
    - ORD20250105002
    - ORD20250106001
    name: order_id
    role: primary_key
    type: varchar(30)
  - alias:
    - "\u5546\u54C1ID"
    - "\u4EA7\u54C1ID"
    description: "\u5173\u8054\u5546\u54C1\u7EF4\u5EA6\u7684\u5916\u952E\u3002"
    examples:
    - P001
    - P003
    - P010
    - P006
    - P011
    - P014
    - P012
    - P008
    - P002
    - P013
    name: product_id
    role: foreign_key
    type: varchar(20)
  - alias:
    - "\u5730\u533AID"
    - "\u533A\u57DFID"
    description: "\u5173\u8054\u5730\u533A\u7EF4\u5EA6\u7684\u5916\u952E\u3002"
    examples:
    - R001
    - R005
    - R002
    - R004
    - R003
    - R006
    name: region_id
    role: foreign_key
    type: varchar(20)
  description: "\u8BA2\u5355\u4E8B\u5B9E\u8868\uFF0C\u8BB0\u5F55\u8BA2\u5355\u6570\
    \u91CF\u548C\u91D1\u989D\u7B49\u6838\u5FC3\u6307\u6807\u3002"
  name: fact_order
  role: fact
- columns:
  - alias:
    - "\u5546\u54C1\u7C7B\u522B"
    - "\u54C1\u7C7B"
    - "\u5206\u7C7B"
    description: "\u5546\u54C1\u6240\u5C5E\u54C1\u7C7B\u3002"
    examples:
    - "\u624B\u673A\u6570\u7801"
    - "\u5BB6\u7528\u7535\u5668"
    - "\u978B\u9774"
    - "\u670D\u9970"
    - "\u98DF\u54C1\u996E\u6599"
    - "\u4F11\u95F2\u96F6\u98DF"
    name: category
    role: dimension
    type: varchar(50)
  - alias:
    - "\u5546\u54C1\u540D\u79F0"
    - "\u4EA7\u54C1\u540D\u79F0"
    description: "\u5546\u54C1\u540D\u79F0\u3002"
    examples:
    - iPhone 15 Pro
    - Galaxy S24 Ultra
    - Mate 60 Pro
    - "\u6234\u68EE V15 \u5438\u5C18\u5668"
    - "\u7F8E\u7684\u7A7A\u8C03 KFR-35GW"
    - "\u8010\u514B Air Max 270 \u8FD0\u52A8\u978B"
    - "\u963F\u8FEA\u8FBE\u65AF Ultraboost \u8DD1\u978B"
    - "\u4F18\u8863\u5E93 Heattech \u4FDD\u6696\u5939\u514B"
    - "\u674E\u7EF4\u65AF 501 \u725B\u4ED4\u88E4"
    - "\u96C0\u5DE2\u91D1\u724C\u901F\u6EB6\u5496\u5561"
    name: product_name
    role: dimension
    type: varchar(200)
  - alias:
    - "\u54C1\u724C"
    - "\u54C1\u724C\u540D\u79F0"
    description: "\u5546\u54C1\u54C1\u724C\u540D\u79F0\u3002"
    examples:
    - "\u82F9\u679C"
    - "\u4E09\u661F"
    - "\u534E\u4E3A"
    - "\u6234\u68EE"
    - "\u7F8E\u7684"
    - "\u8010\u514B"
    - "\u963F\u8FEA\u8FBE\u65AF"
    - "\u4F18\u8863\u5E93"
    - "\u674E\u7EF4\u65AF"
    - "\u96C0\u5DE2"
    name: brand
    role: dimension
    type: varchar(50)
  - alias:
    - "\u5546\u54C1ID"
    - "\u4EA7\u54C1ID"
    description: "\u5546\u54C1\u552F\u4E00\u6807\u8BC6\u3002"
    examples:
    - P001
    - P002
    - P003
    - P004
    - P005
    - P006
    - P007
    - P008
    - P009
    - P010
    name: product_id
    role: primary_key
    type: varchar(20)
  description: "\u5546\u54C1\u7EF4\u5EA6\u8868\uFF0C\u63CF\u8FF0\u5546\u54C1\u7684\
    \u57FA\u672C\u5C5E\u6027\u4FE1\u606F\u3002"
  name: dim_product
  role: dim
- columns:
  - alias:
    - "\u65E5\u671FID"
    - "\u65E5\u671F"
    description: "\u65E5\u671F\u552F\u4E00\u6807\u8BC6\uFF0C\u683C\u5F0F yyyyMMdd\u3002"
    examples:
    - 20250101
    - 20250102
    - 20250103
    - 20250104
    - 20250105
    - 20250106
    - 20250107
    - 20250108
    - 20250109
    - 20250110
    name: date_id
    role: primary_key
    type: int
  description: "\u65F6\u95F4\u7EF4\u5EA6\u8868\uFF0C\u7528\u4E8E\u591A\u65F6\u95F4\
    \u7C92\u5EA6\u5206\u6790\u3002"
  name: dim_date
  role: dim

2026-01-21 11:49:31.579 | INFO     | request_id - a9d6f028-a6ae-406b-8ffa-5e671dc52058 | app.agent.nodes.filter_metric_info:filter_metric_info:28 - 指标筛选结果: [{'name': 'GMV', 'description': '全称Gross Merchandise Value，表示所有订单的成交金额总和。', 'alias': ['成交总额', '订单总额']}]
2026-01-21 11:49:32.459 | INFO     | request_id - a9d6f028-a6ae-406b-8ffa-5e671dc52058 | app.agent.nodes.filter_table_info:filter_table_info:32 - 表格筛选结果: {'fact_order': ['order_amount', 'date_id', 'product_id'], 'dim_product': ['category', 'product_id'], 'dim_date': ['date_id']}
2026-01-21 11:49:32.465 | INFO     | request_id - a9d6f028-a6ae-406b-8ffa-5e671dc52058 | app.agent.nodes.add_context:add_context:23 - 添加上下文信息-date_info:{'date': '2026-01-21', 'weekday': 'Wednesday', 'quarter': 'Q1'},db_info:{'dialect': 'mysql', 'version': '8.0.44'}
2026-01-21 11:49:35.756 | INFO     | request_id - a9d6f028-a6ae-406b-8ffa-5e671dc52058 | app.agent.nodes.generate_sql:generate_sql:32 - 生成SQL: SELECT 
    dp.category AS 商品分类,
    SUM(fo.order_amount) AS 销售总额
FROM fact_order fo
JOIN dim_product dp ON fo.product_id = dp.product_id
JOIN dim_date dd ON fo.date_id = dd.date_id
WHERE dd.date_id >= 20250101 AND dd.date_id < 20260101
GROUP BY dp.category
ORDER BY 销售总额 DESC;
2026-01-21 11:49:35.763 | INFO     | request_id - a9d6f028-a6ae-406b-8ffa-5e671dc52058 | app.agent.nodes.validate_sql:validate_sql:16 - SQL验证结果: SQL语法正确
2026-01-21 11:49:35.767 | INFO     | request_id - a9d6f028-a6ae-406b-8ffa-5e671dc52058 | app.agent.nodes.execute_sql:execute_sql:17 - SQL执行结果: {'status': True, 'message': 'SQL执行成功', 'result': [{'商品分类': '手机数码', '销售总额': 194771.0}, {'商品分类': '家用电器', '销售总额': 60788.0}, {'商品分类': '鞋靴', '销售总额': 13188.0}, {'商品分类': '服饰', '销售总额': 6683.0}, {'商品分类': '食品饮料', '销售总额': 2490.0}, {'商品分类': '休闲零食', '销售总额': 1239.5}]}
2026-01-21 11:49:35.768 | INFO     | request_id - a9d6f028-a6ae-406b-8ffa-5e671dc52058 | app.agent.nodes.execute_sql:execute_sql:21 - SQL执行成功
2026-01-21 11:49:49.851 | INFO     | request_id - 79d833f6-6345-41e3-b574-4fecb112d7b3 | app.agent.nodes.extract_keywords:extract_keywords:43 - 关键词提取: ['统计', '商品', '销售总额', '分类', '统计一下去年各分类商品的销售总额']
2026-01-21 11:49:53.305 | INFO     | request_id - 79d833f6-6345-41e3-b574-4fecb112d7b3 | app.agent.nodes.value_recall:value_recall:36 - 召回字段值：dict_values([])
2026-01-21 11:49:53.351 | INFO     | request_id - 79d833f6-6345-41e3-b574-4fecb112d7b3 | app.agent.nodes.metric_recall:metric_recall:40 - recall metrics: dict_values([{'id': 'GMV', 'name': 'GMV', 'description': '全称Gross Merchandise Value，表示所有订单的成交金额总和。', 'relevant_columns': ['fact_order.order_amount'], 'alias': ['成交总额', '订单总额']}, {'id': 'AOV', 'name': 'AOV', 'description': '全称Average Order Value，表示所有订单的成交金额平均值。', 'relevant_columns': ['fact_order.order_quantity'], 'alias': ['平均单价', '平均订单金额']}])
2026-01-21 11:49:54.238 | INFO     | request_id - 79d833f6-6345-41e3-b574-4fecb112d7b3 | app.agent.nodes.column_recall:column_recall:44 - 召回列信息: dict_values([{'id': 'fact_order.order_quantity', 'name': 'order_quantity', 'type': 'int', 'role': 'measure', 'examples': [1, 5, 12, 8, 2, 10, 3, 6, 25, 4], 'description': '订单中商品的购买数量。', 'alias': ['销量', '购买数量', '件数'], 'table_id': 'fact_order'}, {'id': 'dim_product.category', 'name': 'category', 'type': 'varchar(50)', 'role': 'dimension', 'examples': ['手机数码', '家用电器', '鞋靴', '服饰', '食品饮料', '休闲零食'], 'description': '商品所属品类。', 'alias': ['商品类别', '品类', '分类'], 'table_id': 'dim_product'}, {'id': 'dim_product.product_name', 'name': 'product_name', 'type': 'varchar(200)', 'role': 'dimension', 'examples': ['iPhone 15 Pro', 'Galaxy S24 Ultra', 'Mate 60 Pro', '戴森 V15 吸尘器', '美的空调 KFR-35GW', '耐克 Air Max 270 运动鞋', '阿迪达斯 Ultraboost 跑鞋', '优衣库 Heattech 保暖夹克', '李维斯 501 牛仔裤', '雀巢金牌速溶咖啡'], 'description': '商品名称。', 'alias': ['商品名称', '产品名称'], 'table_id': 'dim_product'}, {'id': 'dim_product.brand', 'name': 'brand', 'type': 'varchar(50)', 'role': 'dimension', 'examples': ['苹果', '三星', '华为', '戴森', '美的', '耐克', '阿迪达斯', '优衣库', '李维斯', '雀巢'], 'description': '商品品牌名称。', 'alias': ['品牌', '品牌名称'], 'table_id': 'dim_product'}, {'id': 'fact_order.order_amount', 'name': 'order_amount', 'type': 'float', 'role': 'measure', 'examples': [8999.0, 6999.0, 125.0, 899.0, 60.0, 1399.0, 40.0, 299.0, 200.0, 9499.0], 'description': '订单金额。', 'alias': ['销售额', '订单金额', '收入'], 'table_id': 'fact_order'}, {'id': 'fact_order.date_id', 'name': 'date_id', 'type': 'int', 'role': 'foreign_key', 'examples': [20250101, 20250102, 20250103, 20250104, 20250105, 20250106, 20250107, 20250108, 20250109, 20250110], 'description': '关联时间维度的外键。', 'alias': ['日期', '下单日期'], 'table_id': 'fact_order'}, {'id': 'dim_date.date_id', 'name': 'date_id', 'type': 'int', 'role': 'primary_key', 'examples': [20250101, 20250102, 20250103, 20250104, 20250105, 20250106, 20250107, 20250108, 20250109, 20250110], 'description': '日期唯一标识，格式 yyyyMMdd。', 'alias': ['日期ID', '日期'], 'table_id': 'dim_date'}])
2026-01-21 11:49:54.264 | INFO     | request_id - 79d833f6-6345-41e3-b574-4fecb112d7b3 | app.agent.nodes.merge_retrieved_info:merge_retrieved_info:80 - merge retrieved info: metric_infos:
- alias:
  - "\u6210\u4EA4\u603B\u989D"
  - "\u8BA2\u5355\u603B\u989D"
  description: "\u5168\u79F0Gross Merchandise Value\uFF0C\u8868\u793A\u6240\u6709\u8BA2\
    \u5355\u7684\u6210\u4EA4\u91D1\u989D\u603B\u548C\u3002"
  name: GMV
- alias:
  - "\u5E73\u5747\u5355\u4EF7"
  - "\u5E73\u5747\u8BA2\u5355\u91D1\u989D"
  description: "\u5168\u79F0Average Order Value\uFF0C\u8868\u793A\u6240\u6709\u8BA2\
    \u5355\u7684\u6210\u4EA4\u91D1\u989D\u5E73\u5747\u503C\u3002"
  name: AOV
table_infos:
- columns:
  - alias:
    - "\u9500\u91CF"
    - "\u8D2D\u4E70\u6570\u91CF"
    - "\u4EF6\u6570"
    description: "\u8BA2\u5355\u4E2D\u5546\u54C1\u7684\u8D2D\u4E70\u6570\u91CF\u3002"
    examples:
    - 1
    - 5
    - 12
    - 8
    - 2
    - 10
    - 3
    - 6
    - 25
    - 4
    name: order_quantity
    role: measure
    type: int
  - alias:
    - "\u9500\u552E\u989D"
    - "\u8BA2\u5355\u91D1\u989D"
    - "\u6536\u5165"
    description: "\u8BA2\u5355\u91D1\u989D\u3002"
    examples:
    - 8999.0
    - 6999.0
    - 125.0
    - 899.0
    - 60.0
    - 1399.0
    - 40.0
    - 299.0
    - 200.0
    - 9499.0
    name: order_amount
    role: measure
    type: float
  - alias:
    - "\u65E5\u671F"
    - "\u4E0B\u5355\u65E5\u671F"
    description: "\u5173\u8054\u65F6\u95F4\u7EF4\u5EA6\u7684\u5916\u952E\u3002"
    examples:
    - 20250101
    - 20250102
    - 20250103
    - 20250104
    - 20250105
    - 20250106
    - 20250107
    - 20250108
    - 20250109
    - 20250110
    name: date_id
    role: foreign_key
    type: int
  - alias:
    - "\u5BA2\u6237ID"
    - "\u7528\u6237ID"
    description: "\u5173\u8054\u5BA2\u6237\u7EF4\u5EA6\u7684\u5916\u952E\u3002"
    examples:
    - C001
    - C005
    - C003
    - C008
    - C012
    - C015
    - C002
    - C007
    - C010
    - C019
    name: customer_id
    role: foreign_key
    type: varchar(20)
  - alias:
    - "\u8BA2\u5355ID"
    description: "\u8BA2\u5355\u552F\u4E00\u6807\u8BC6\u3002"
    examples:
    - ORD20250101001
    - ORD20250101002
    - ORD20250102001
    - ORD20250102002
    - ORD20250103001
    - ORD20250103002
    - ORD20250104001
    - ORD20250105001
    - ORD20250105002
    - ORD20250106001
    name: order_id
    role: primary_key
    type: varchar(30)
  - alias:
    - "\u5546\u54C1ID"
    - "\u4EA7\u54C1ID"
    description: "\u5173\u8054\u5546\u54C1\u7EF4\u5EA6\u7684\u5916\u952E\u3002"
    examples:
    - P001
    - P003
    - P010
    - P006
    - P011
    - P014
    - P012
    - P008
    - P002
    - P013
    name: product_id
    role: foreign_key
    type: varchar(20)
  - alias:
    - "\u5730\u533AID"
    - "\u533A\u57DFID"
    description: "\u5173\u8054\u5730\u533A\u7EF4\u5EA6\u7684\u5916\u952E\u3002"
    examples:
    - R001
    - R005
    - R002
    - R004
    - R003
    - R006
    name: region_id
    role: foreign_key
    type: varchar(20)
  description: "\u8BA2\u5355\u4E8B\u5B9E\u8868\uFF0C\u8BB0\u5F55\u8BA2\u5355\u6570\
    \u91CF\u548C\u91D1\u989D\u7B49\u6838\u5FC3\u6307\u6807\u3002"
  name: fact_order
  role: fact
- columns:
  - alias:
    - "\u5546\u54C1\u7C7B\u522B"
    - "\u54C1\u7C7B"
    - "\u5206\u7C7B"
    description: "\u5546\u54C1\u6240\u5C5E\u54C1\u7C7B\u3002"
    examples:
    - "\u624B\u673A\u6570\u7801"
    - "\u5BB6\u7528\u7535\u5668"
    - "\u978B\u9774"
    - "\u670D\u9970"
    - "\u98DF\u54C1\u996E\u6599"
    - "\u4F11\u95F2\u96F6\u98DF"
    name: category
    role: dimension
    type: varchar(50)
  - alias:
    - "\u5546\u54C1\u540D\u79F0"
    - "\u4EA7\u54C1\u540D\u79F0"
    description: "\u5546\u54C1\u540D\u79F0\u3002"
    examples:
    - iPhone 15 Pro
    - Galaxy S24 Ultra
    - Mate 60 Pro
    - "\u6234\u68EE V15 \u5438\u5C18\u5668"
    - "\u7F8E\u7684\u7A7A\u8C03 KFR-35GW"
    - "\u8010\u514B Air Max 270 \u8FD0\u52A8\u978B"
    - "\u963F\u8FEA\u8FBE\u65AF Ultraboost \u8DD1\u978B"
    - "\u4F18\u8863\u5E93 Heattech \u4FDD\u6696\u5939\u514B"
    - "\u674E\u7EF4\u65AF 501 \u725B\u4ED4\u88E4"
    - "\u96C0\u5DE2\u91D1\u724C\u901F\u6EB6\u5496\u5561"
    name: product_name
    role: dimension
    type: varchar(200)
  - alias:
    - "\u54C1\u724C"
    - "\u54C1\u724C\u540D\u79F0"
    description: "\u5546\u54C1\u54C1\u724C\u540D\u79F0\u3002"
    examples:
    - "\u82F9\u679C"
    - "\u4E09\u661F"
    - "\u534E\u4E3A"
    - "\u6234\u68EE"
    - "\u7F8E\u7684"
    - "\u8010\u514B"
    - "\u963F\u8FEA\u8FBE\u65AF"
    - "\u4F18\u8863\u5E93"
    - "\u674E\u7EF4\u65AF"
    - "\u96C0\u5DE2"
    name: brand
    role: dimension
    type: varchar(50)
  - alias:
    - "\u5546\u54C1ID"
    - "\u4EA7\u54C1ID"
    description: "\u5546\u54C1\u552F\u4E00\u6807\u8BC6\u3002"
    examples:
    - P001
    - P002
    - P003
    - P004
    - P005
    - P006
    - P007
    - P008
    - P009
    - P010
    name: product_id
    role: primary_key
    type: varchar(20)
  description: "\u5546\u54C1\u7EF4\u5EA6\u8868\uFF0C\u63CF\u8FF0\u5546\u54C1\u7684\
    \u57FA\u672C\u5C5E\u6027\u4FE1\u606F\u3002"
  name: dim_product
  role: dim
- columns:
  - alias:
    - "\u65E5\u671FID"
    - "\u65E5\u671F"
    description: "\u65E5\u671F\u552F\u4E00\u6807\u8BC6\uFF0C\u683C\u5F0F yyyyMMdd\u3002"
    examples:
    - 20250101
    - 20250102
    - 20250103
    - 20250104
    - 20250105
    - 20250106
    - 20250107
    - 20250108
    - 20250109
    - 20250110
    name: date_id
    role: primary_key
    type: int
  description: "\u65F6\u95F4\u7EF4\u5EA6\u8868\uFF0C\u7528\u4E8E\u591A\u65F6\u95F4\
    \u7C92\u5EA6\u5206\u6790\u3002"
  name: dim_date
  role: dim

2026-01-21 11:49:55.154 | INFO     | request_id - 79d833f6-6345-41e3-b574-4fecb112d7b3 | app.agent.nodes.filter_metric_info:filter_metric_info:28 - 指标筛选结果: [{'name': 'GMV', 'description': '全称Gross Merchandise Value，表示所有订单的成交金额总和。', 'alias': ['成交总额', '订单总额']}]
2026-01-21 11:49:56.149 | INFO     | request_id - 79d833f6-6345-41e3-b574-4fecb112d7b3 | app.agent.nodes.filter_table_info:filter_table_info:32 - 表格筛选结果: {'fact_order': ['order_amount', 'date_id', 'product_id'], 'dim_product': ['category', 'product_id'], 'dim_date': ['date_id']}
2026-01-21 11:49:56.153 | INFO     | request_id - 79d833f6-6345-41e3-b574-4fecb112d7b3 | app.agent.nodes.add_context:add_context:23 - 添加上下文信息-date_info:{'date': '2026-01-21', 'weekday': 'Wednesday', 'quarter': 'Q1'},db_info:{'dialect': 'mysql', 'version': '8.0.44'}
2026-01-21 11:50:00.103 | INFO     | request_id - 79d833f6-6345-41e3-b574-4fecb112d7b3 | app.agent.nodes.generate_sql:generate_sql:32 - 生成SQL: SELECT 
    dp.category AS 商品分类,
    SUM(fo.order_amount) AS 销售总额
FROM fact_order fo
JOIN dim_product dp ON fo.product_id = dp.product_id
JOIN dim_date dd ON fo.date_id = dd.date_id
WHERE dd.date_id >= 20250101 AND dd.date_id < 20260101
GROUP BY dp.category
ORDER BY 销售总额 DESC;
2026-01-21 11:50:00.111 | INFO     | request_id - 79d833f6-6345-41e3-b574-4fecb112d7b3 | app.agent.nodes.validate_sql:validate_sql:16 - SQL验证结果: SQL语法正确
2026-01-21 11:50:00.115 | INFO     | request_id - 79d833f6-6345-41e3-b574-4fecb112d7b3 | app.agent.nodes.execute_sql:execute_sql:17 - SQL执行结果: {'status': True, 'message': 'SQL执行成功', 'result': [{'商品分类': '手机数码', '销售总额': 194771.0}, {'商品分类': '家用电器', '销售总额': 60788.0}, {'商品分类': '鞋靴', '销售总额': 13188.0}, {'商品分类': '服饰', '销售总额': 6683.0}, {'商品分类': '食品饮料', '销售总额': 2490.0}, {'商品分类': '休闲零食', '销售总额': 1239.5}]}
2026-01-21 11:50:00.115 | INFO     | request_id - 79d833f6-6345-41e3-b574-4fecb112d7b3 | app.agent.nodes.execute_sql:execute_sql:21 - SQL执行成功
2026-01-21 12:24:36.459 | INFO     | request_id - d935f7f2-3315-4099-bc53-5652f522d092 | app.agent.nodes.extract_keywords:extract_keywords:43 - 关键词提取: ['统计', '销售总额', '商品', '统计一下去年各分类商品的销售总额', '分类']
2026-01-21 12:24:39.940 | INFO     | request_id - d935f7f2-3315-4099-bc53-5652f522d092 | app.agent.nodes.metric_recall:metric_recall:40 - recall metrics: dict_values([{'id': 'GMV', 'name': 'GMV', 'description': '全称Gross Merchandise Value，表示所有订单的成交金额总和。', 'relevant_columns': ['fact_order.order_amount'], 'alias': ['成交总额', '订单总额']}, {'id': 'AOV', 'name': 'AOV', 'description': '全称Average Order Value，表示所有订单的成交金额平均值。', 'relevant_columns': ['fact_order.order_quantity'], 'alias': ['平均单价', '平均订单金额']}])
2026-01-21 12:24:40.316 | INFO     | request_id - d935f7f2-3315-4099-bc53-5652f522d092 | app.agent.nodes.value_recall:value_recall:36 - 召回字段值：dict_values([])
2026-01-21 12:24:41.185 | INFO     | request_id - d935f7f2-3315-4099-bc53-5652f522d092 | app.agent.nodes.column_recall:column_recall:44 - 召回列信息: dict_values([{'id': 'fact_order.order_quantity', 'name': 'order_quantity', 'type': 'int', 'role': 'measure', 'examples': [1, 5, 12, 8, 2, 10, 3, 6, 25, 4], 'description': '订单中商品的购买数量。', 'alias': ['销量', '购买数量', '件数'], 'table_id': 'fact_order'}, {'id': 'fact_order.order_amount', 'name': 'order_amount', 'type': 'float', 'role': 'measure', 'examples': [8999.0, 6999.0, 125.0, 899.0, 60.0, 1399.0, 40.0, 299.0, 200.0, 9499.0], 'description': '订单金额。', 'alias': ['销售额', '订单金额', '收入'], 'table_id': 'fact_order'}, {'id': 'dim_product.category', 'name': 'category', 'type': 'varchar(50)', 'role': 'dimension', 'examples': ['手机数码', '家用电器', '鞋靴', '服饰', '食品饮料', '休闲零食'], 'description': '商品所属品类。', 'alias': ['商品类别', '品类', '分类'], 'table_id': 'dim_product'}, {'id': 'dim_product.product_name', 'name': 'product_name', 'type': 'varchar(200)', 'role': 'dimension', 'examples': ['iPhone 15 Pro', 'Galaxy S24 Ultra', 'Mate 60 Pro', '戴森 V15 吸尘器', '美的空调 KFR-35GW', '耐克 Air Max 270 运动鞋', '阿迪达斯 Ultraboost 跑鞋', '优衣库 Heattech 保暖夹克', '李维斯 501 牛仔裤', '雀巢金牌速溶咖啡'], 'description': '商品名称。', 'alias': ['商品名称', '产品名称'], 'table_id': 'dim_product'}, {'id': 'dim_product.brand', 'name': 'brand', 'type': 'varchar(50)', 'role': 'dimension', 'examples': ['苹果', '三星', '华为', '戴森', '美的', '耐克', '阿迪达斯', '优衣库', '李维斯', '雀巢'], 'description': '商品品牌名称。', 'alias': ['品牌', '品牌名称'], 'table_id': 'dim_product'}, {'id': 'fact_order.date_id', 'name': 'date_id', 'type': 'int', 'role': 'foreign_key', 'examples': [20250101, 20250102, 20250103, 20250104, 20250105, 20250106, 20250107, 20250108, 20250109, 20250110], 'description': '关联时间维度的外键。', 'alias': ['日期', '下单日期'], 'table_id': 'fact_order'}, {'id': 'dim_date.date_id', 'name': 'date_id', 'type': 'int', 'role': 'primary_key', 'examples': [20250101, 20250102, 20250103, 20250104, 20250105, 20250106, 20250107, 20250108, 20250109, 20250110], 'description': '日期唯一标识，格式 yyyyMMdd。', 'alias': ['日期ID', '日期'], 'table_id': 'dim_date'}])
2026-01-21 12:24:41.246 | INFO     | request_id - d935f7f2-3315-4099-bc53-5652f522d092 | app.agent.nodes.merge_retrieved_info:merge_retrieved_info:80 - merge retrieved info: metric_infos:
- alias:
  - "\u6210\u4EA4\u603B\u989D"
  - "\u8BA2\u5355\u603B\u989D"
  description: "\u5168\u79F0Gross Merchandise Value\uFF0C\u8868\u793A\u6240\u6709\u8BA2\
    \u5355\u7684\u6210\u4EA4\u91D1\u989D\u603B\u548C\u3002"
  name: GMV
- alias:
  - "\u5E73\u5747\u5355\u4EF7"
  - "\u5E73\u5747\u8BA2\u5355\u91D1\u989D"
  description: "\u5168\u79F0Average Order Value\uFF0C\u8868\u793A\u6240\u6709\u8BA2\
    \u5355\u7684\u6210\u4EA4\u91D1\u989D\u5E73\u5747\u503C\u3002"
  name: AOV
table_infos:
- columns:
  - alias:
    - "\u9500\u91CF"
    - "\u8D2D\u4E70\u6570\u91CF"
    - "\u4EF6\u6570"
    description: "\u8BA2\u5355\u4E2D\u5546\u54C1\u7684\u8D2D\u4E70\u6570\u91CF\u3002"
    examples:
    - 1
    - 5
    - 12
    - 8
    - 2
    - 10
    - 3
    - 6
    - 25
    - 4
    name: order_quantity
    role: measure
    type: int
  - alias:
    - "\u9500\u552E\u989D"
    - "\u8BA2\u5355\u91D1\u989D"
    - "\u6536\u5165"
    description: "\u8BA2\u5355\u91D1\u989D\u3002"
    examples:
    - 8999.0
    - 6999.0
    - 125.0
    - 899.0
    - 60.0
    - 1399.0
    - 40.0
    - 299.0
    - 200.0
    - 9499.0
    name: order_amount
    role: measure
    type: float
  - alias:
    - "\u65E5\u671F"
    - "\u4E0B\u5355\u65E5\u671F"
    description: "\u5173\u8054\u65F6\u95F4\u7EF4\u5EA6\u7684\u5916\u952E\u3002"
    examples:
    - 20250101
    - 20250102
    - 20250103
    - 20250104
    - 20250105
    - 20250106
    - 20250107
    - 20250108
    - 20250109
    - 20250110
    name: date_id
    role: foreign_key
    type: int
  - alias:
    - "\u5BA2\u6237ID"
    - "\u7528\u6237ID"
    description: "\u5173\u8054\u5BA2\u6237\u7EF4\u5EA6\u7684\u5916\u952E\u3002"
    examples:
    - C001
    - C005
    - C003
    - C008
    - C012
    - C015
    - C002
    - C007
    - C010
    - C019
    name: customer_id
    role: foreign_key
    type: varchar(20)
  - alias:
    - "\u8BA2\u5355ID"
    description: "\u8BA2\u5355\u552F\u4E00\u6807\u8BC6\u3002"
    examples:
    - ORD20250101001
    - ORD20250101002
    - ORD20250102001
    - ORD20250102002
    - ORD20250103001
    - ORD20250103002
    - ORD20250104001
    - ORD20250105001
    - ORD20250105002
    - ORD20250106001
    name: order_id
    role: primary_key
    type: varchar(30)
  - alias:
    - "\u5546\u54C1ID"
    - "\u4EA7\u54C1ID"
    description: "\u5173\u8054\u5546\u54C1\u7EF4\u5EA6\u7684\u5916\u952E\u3002"
    examples:
    - P001
    - P003
    - P010
    - P006
    - P011
    - P014
    - P012
    - P008
    - P002
    - P013
    name: product_id
    role: foreign_key
    type: varchar(20)
  - alias:
    - "\u5730\u533AID"
    - "\u533A\u57DFID"
    description: "\u5173\u8054\u5730\u533A\u7EF4\u5EA6\u7684\u5916\u952E\u3002"
    examples:
    - R001
    - R005
    - R002
    - R004
    - R003
    - R006
    name: region_id
    role: foreign_key
    type: varchar(20)
  description: "\u8BA2\u5355\u4E8B\u5B9E\u8868\uFF0C\u8BB0\u5F55\u8BA2\u5355\u6570\
    \u91CF\u548C\u91D1\u989D\u7B49\u6838\u5FC3\u6307\u6807\u3002"
  name: fact_order
  role: fact
- columns:
  - alias:
    - "\u5546\u54C1\u7C7B\u522B"
    - "\u54C1\u7C7B"
    - "\u5206\u7C7B"
    description: "\u5546\u54C1\u6240\u5C5E\u54C1\u7C7B\u3002"
    examples:
    - "\u624B\u673A\u6570\u7801"
    - "\u5BB6\u7528\u7535\u5668"
    - "\u978B\u9774"
    - "\u670D\u9970"
    - "\u98DF\u54C1\u996E\u6599"
    - "\u4F11\u95F2\u96F6\u98DF"
    name: category
    role: dimension
    type: varchar(50)
  - alias:
    - "\u5546\u54C1\u540D\u79F0"
    - "\u4EA7\u54C1\u540D\u79F0"
    description: "\u5546\u54C1\u540D\u79F0\u3002"
    examples:
    - iPhone 15 Pro
    - Galaxy S24 Ultra
    - Mate 60 Pro
    - "\u6234\u68EE V15 \u5438\u5C18\u5668"
    - "\u7F8E\u7684\u7A7A\u8C03 KFR-35GW"
    - "\u8010\u514B Air Max 270 \u8FD0\u52A8\u978B"
    - "\u963F\u8FEA\u8FBE\u65AF Ultraboost \u8DD1\u978B"
    - "\u4F18\u8863\u5E93 Heattech \u4FDD\u6696\u5939\u514B"
    - "\u674E\u7EF4\u65AF 501 \u725B\u4ED4\u88E4"
    - "\u96C0\u5DE2\u91D1\u724C\u901F\u6EB6\u5496\u5561"
    name: product_name
    role: dimension
    type: varchar(200)
  - alias:
    - "\u54C1\u724C"
    - "\u54C1\u724C\u540D\u79F0"
    description: "\u5546\u54C1\u54C1\u724C\u540D\u79F0\u3002"
    examples:
    - "\u82F9\u679C"
    - "\u4E09\u661F"
    - "\u534E\u4E3A"
    - "\u6234\u68EE"
    - "\u7F8E\u7684"
    - "\u8010\u514B"
    - "\u963F\u8FEA\u8FBE\u65AF"
    - "\u4F18\u8863\u5E93"
    - "\u674E\u7EF4\u65AF"
    - "\u96C0\u5DE2"
    name: brand
    role: dimension
    type: varchar(50)
  - alias:
    - "\u5546\u54C1ID"
    - "\u4EA7\u54C1ID"
    description: "\u5546\u54C1\u552F\u4E00\u6807\u8BC6\u3002"
    examples:
    - P001
    - P002
    - P003
    - P004
    - P005
    - P006
    - P007
    - P008
    - P009
    - P010
    name: product_id
    role: primary_key
    type: varchar(20)
  description: "\u5546\u54C1\u7EF4\u5EA6\u8868\uFF0C\u63CF\u8FF0\u5546\u54C1\u7684\
    \u57FA\u672C\u5C5E\u6027\u4FE1\u606F\u3002"
  name: dim_product
  role: dim
- columns:
  - alias:
    - "\u65E5\u671FID"
    - "\u65E5\u671F"
    description: "\u65E5\u671F\u552F\u4E00\u6807\u8BC6\uFF0C\u683C\u5F0F yyyyMMdd\u3002"
    examples:
    - 20250101
    - 20250102
    - 20250103
    - 20250104
    - 20250105
    - 20250106
    - 20250107
    - 20250108
    - 20250109
    - 20250110
    name: date_id
    role: primary_key
    type: int
  description: "\u65F6\u95F4\u7EF4\u5EA6\u8868\uFF0C\u7528\u4E8E\u591A\u65F6\u95F4\
    \u7C92\u5EA6\u5206\u6790\u3002"
  name: dim_date
  role: dim

2026-01-21 12:24:42.244 | INFO     | request_id - d935f7f2-3315-4099-bc53-5652f522d092 | app.agent.nodes.filter_metric_info:filter_metric_info:28 - 指标筛选结果: [{'name': 'GMV', 'description': '全称Gross Merchandise Value，表示所有订单的成交金额总和。', 'alias': ['成交总额', '订单总额']}]
2026-01-21 12:24:43.477 | INFO     | request_id - d935f7f2-3315-4099-bc53-5652f522d092 | app.agent.nodes.filter_table_info:filter_table_info:32 - 表格筛选结果: {'fact_order': ['order_amount', 'date_id', 'product_id'], 'dim_product': ['category', 'product_id'], 'dim_date': ['date_id']}
2026-01-21 12:24:43.496 | INFO     | request_id - d935f7f2-3315-4099-bc53-5652f522d092 | app.agent.nodes.add_context:add_context:23 - 添加上下文信息-date_info:{'date': '2026-01-21', 'weekday': 'Wednesday', 'quarter': 'Q1'},db_info:{'dialect': 'mysql', 'version': '8.0.44'}
2026-01-21 12:24:47.110 | INFO     | request_id - d935f7f2-3315-4099-bc53-5652f522d092 | app.agent.nodes.generate_sql:generate_sql:32 - 生成SQL: SELECT 
    dp.category AS 商品分类,
    SUM(fo.order_amount) AS 销售总额
FROM fact_order fo
JOIN dim_product dp ON fo.product_id = dp.product_id
JOIN dim_date dd ON fo.date_id = dd.date_id
WHERE dd.date_id >= 20250101 AND dd.date_id <= 20251231
GROUP BY dp.category
ORDER BY 销售总额 DESC;
2026-01-21 12:24:47.117 | INFO     | request_id - d935f7f2-3315-4099-bc53-5652f522d092 | app.agent.nodes.validate_sql:validate_sql:16 - SQL验证结果: SQL语法正确
2026-01-21 12:24:47.121 | INFO     | request_id - d935f7f2-3315-4099-bc53-5652f522d092 | app.agent.nodes.execute_sql:execute_sql:17 - SQL执行结果: {'status': True, 'message': 'SQL执行成功', 'result': [{'商品分类': '手机数码', '销售总额': 194771.0}, {'商品分类': '家用电器', '销售总额': 60788.0}, {'商品分类': '鞋靴', '销售总额': 13188.0}, {'商品分类': '服饰', '销售总额': 6683.0}, {'商品分类': '食品饮料', '销售总额': 2490.0}, {'商品分类': '休闲零食', '销售总额': 1239.5}]}
2026-01-21 12:24:47.121 | INFO     | request_id - d935f7f2-3315-4099-bc53-5652f522d092 | app.agent.nodes.execute_sql:execute_sql:21 - SQL执行成功
2026-01-21 14:46:31.235 | INFO     | request_id - 5d8c92c6-f325-4825-90dd-bd9ef4df8ba4 | app.agent.nodes.extract_keywords:extract_keywords:44 - 关键词提取: ['季度', '统计', '统计一下去年每个季度的销售总额', '销售总额']
2026-01-21 14:46:35.111 | INFO     | request_id - 5d8c92c6-f325-4825-90dd-bd9ef4df8ba4 | app.agent.nodes.value_recall:value_recall:40 - 召回字段值: dict_keys([])
2026-01-21 14:46:36.068 | INFO     | request_id - 5d8c92c6-f325-4825-90dd-bd9ef4df8ba4 | app.agent.nodes.metric_recall:metric_recall:44 - 召回指标信息: dict_keys(['GMV', 'AOV'])
2026-01-21 14:46:36.259 | INFO     | request_id - 5d8c92c6-f325-4825-90dd-bd9ef4df8ba4 | app.agent.nodes.column_recall:column_recall:46 - 字段信息召回成功: dict_keys(['fact_order.order_amount', 'fact_order.order_quantity', 'fact_order.date_id', 'dim_date.date_id', 'dim_date.quarter', 'dim_date.month'])
2026-01-21 14:46:36.319 | INFO     | request_id - 5d8c92c6-f325-4825-90dd-bd9ef4df8ba4 | app.agent.nodes.merge_retrieved_info:merge_retrieved_info:80 - 召回信息合并成功
2026-01-21 14:46:37.544 | INFO     | request_id - 5d8c92c6-f325-4825-90dd-bd9ef4df8ba4 | app.agent.nodes.filter_metric_info:filter_metric_info:29 - 指标筛选结果: ['GMV']
2026-01-21 14:46:38.161 | INFO     | request_id - 5d8c92c6-f325-4825-90dd-bd9ef4df8ba4 | app.agent.nodes.filter_table_info:filter_table_info:33 - 表格筛选结果: ['fact_order', 'dim_date']
2026-01-21 14:46:38.181 | INFO     | request_id - 5d8c92c6-f325-4825-90dd-bd9ef4df8ba4 | app.agent.nodes.add_context:add_context:23 - 添加上下文信息-date_info:{'date': '2026-01-21', 'weekday': 'Wednesday', 'quarter': 'Q1'},db_info:{'dialect': 'mysql', 'version': '8.0.44'}
2026-01-21 14:46:41.184 | INFO     | request_id - 5d8c92c6-f325-4825-90dd-bd9ef4df8ba4 | app.agent.nodes.generate_sql:generate_sql:33 - 生成SQL: SELECT 
    d.quarter,
    SUM(f.order_amount) AS 销售总额
FROM fact_order f
JOIN dim_date d ON f.date_id = d.date_id
WHERE d.date_id >= 20250101 AND d.date_id < 20260101
GROUP BY d.quarter
ORDER BY d.quarter;
2026-01-21 14:46:41.196 | INFO     | request_id - 5d8c92c6-f325-4825-90dd-bd9ef4df8ba4 | app.agent.nodes.validate_sql:validate_sql:17 - SQL校验通过
2026-01-21 14:47:48.568 | INFO     | request_id - 84961dd5-045b-46b5-80ad-bc07c00b443e | app.agent.nodes.extract_keywords:extract_keywords:44 - 关键词提取: ['统计', '季度', '销售总额', '统计一下去年每个季度的销售总额']
2026-01-21 14:47:52.081 | INFO     | request_id - 84961dd5-045b-46b5-80ad-bc07c00b443e | app.agent.nodes.metric_recall:metric_recall:44 - 召回指标信息: dict_keys(['GMV', 'AOV'])
2026-01-21 14:47:52.167 | INFO     | request_id - 84961dd5-045b-46b5-80ad-bc07c00b443e | app.agent.nodes.value_recall:value_recall:40 - 召回字段值: dict_keys([])
2026-01-21 14:47:53.363 | INFO     | request_id - 84961dd5-045b-46b5-80ad-bc07c00b443e | app.agent.nodes.column_recall:column_recall:46 - 字段信息召回成功: dict_keys(['dim_date.quarter', 'dim_date.month', 'fact_order.order_amount', 'fact_order.order_quantity', 'fact_order.date_id', 'dim_date.date_id'])
2026-01-21 14:47:53.400 | INFO     | request_id - 84961dd5-045b-46b5-80ad-bc07c00b443e | app.agent.nodes.merge_retrieved_info:merge_retrieved_info:80 - 召回信息合并成功
2026-01-21 14:47:54.341 | INFO     | request_id - 84961dd5-045b-46b5-80ad-bc07c00b443e | app.agent.nodes.filter_metric_info:filter_metric_info:29 - 指标筛选结果: ['GMV']
2026-01-21 14:47:54.896 | INFO     | request_id - 84961dd5-045b-46b5-80ad-bc07c00b443e | app.agent.nodes.filter_table_info:filter_table_info:33 - 表格筛选结果: ['dim_date', 'fact_order']
2026-01-21 14:47:54.931 | INFO     | request_id - 84961dd5-045b-46b5-80ad-bc07c00b443e | app.agent.nodes.add_context:add_context:23 - 添加上下文信息-date_info:{'date': '2026-01-21', 'weekday': 'Wednesday', 'quarter': 'Q1'},db_info:{'dialect': 'mysql', 'version': '8.0.44'}
2026-01-21 14:47:58.268 | INFO     | request_id - 84961dd5-045b-46b5-80ad-bc07c00b443e | app.agent.nodes.generate_sql:generate_sql:33 - 生成SQL: SELECT d.quarter, SUM(f.order_amount) AS GMV
FROM fact_order f
JOIN dim_date d ON f.date_id = d.date_id
WHERE d.date_id >= 20250101 AND d.date_id < 20260101
GROUP BY d.quarter
ORDER BY d.quarter;
2026-01-21 14:47:58.275 | INFO     | request_id - 84961dd5-045b-46b5-80ad-bc07c00b443e | app.agent.nodes.validate_sql:validate_sql:17 - SQL校验通过
2026-01-21 14:47:58.281 | INFO     | request_id - 84961dd5-045b-46b5-80ad-bc07c00b443e | app.agent.nodes.execute_sql:execute_sql:18 - SQL执行结果: [{'quarter': 'Q1', 'GMV': 279159.5}]
2026-01-21 14:50:34.608 | INFO     | request_id - 453294b2-8db4-4536-ab04-72ec83be60a2 | app.agent.nodes.extract_keywords:extract_keywords:44 - 关键词提取: ['销售总额', '季度', '统计一下去年每个季度的销售总额', '统计']
2026-01-21 14:50:38.186 | INFO     | request_id - 453294b2-8db4-4536-ab04-72ec83be60a2 | app.agent.nodes.metric_recall:metric_recall:44 - 召回指标信息: dict_keys(['GMV', 'AOV'])
2026-01-21 14:50:38.313 | INFO     | request_id - 453294b2-8db4-4536-ab04-72ec83be60a2 | app.agent.nodes.value_recall:value_recall:40 - 召回字段值: dict_keys([])
2026-01-21 14:50:39.068 | INFO     | request_id - 453294b2-8db4-4536-ab04-72ec83be60a2 | app.agent.nodes.column_recall:column_recall:46 - 字段信息召回成功: dict_keys(['fact_order.order_quantity', 'fact_order.order_amount', 'dim_date.quarter', 'dim_date.month', 'fact_order.date_id', 'dim_date.date_id'])
2026-01-21 14:50:39.069 | ERROR    | request_id - 453294b2-8db4-4536-ab04-72ec83be60a2 | app.agent.nodes.column_recall:column_recall:50 - 字段信息召回失败: division by zero
2026-01-21 14:51:18.601 | INFO     | request_id - f07f2195-25be-4269-8f67-37d098c4f25b | app.agent.nodes.extract_keywords:extract_keywords:44 - 关键词提取: ['季度', '销售总额', '统计', '统计一下去年每个季度的销售总额']
2026-01-21 14:51:22.146 | INFO     | request_id - f07f2195-25be-4269-8f67-37d098c4f25b | app.agent.nodes.metric_recall:metric_recall:44 - 召回指标信息: dict_keys(['GMV', 'AOV'])
2026-01-21 14:51:22.262 | INFO     | request_id - f07f2195-25be-4269-8f67-37d098c4f25b | app.agent.nodes.value_recall:value_recall:40 - 召回字段值: dict_keys([])
2026-01-21 14:51:23.135 | INFO     | request_id - f07f2195-25be-4269-8f67-37d098c4f25b | app.agent.nodes.column_recall:column_recall:46 - 字段信息召回成功: dict_keys(['fact_order.date_id', 'dim_date.date_id', 'fact_order.order_amount', 'fact_order.order_quantity', 'dim_date.quarter', 'dim_date.month'])
2026-01-21 14:51:23.178 | INFO     | request_id - f07f2195-25be-4269-8f67-37d098c4f25b | app.agent.nodes.merge_retrieved_info:merge_retrieved_info:80 - 召回信息合并成功
2026-01-21 14:51:24.339 | INFO     | request_id - f07f2195-25be-4269-8f67-37d098c4f25b | app.agent.nodes.filter_metric_info:filter_metric_info:29 - 指标筛选结果: ['GMV']
2026-01-21 14:51:24.918 | INFO     | request_id - f07f2195-25be-4269-8f67-37d098c4f25b | app.agent.nodes.filter_table_info:filter_table_info:33 - 表格筛选结果: ['fact_order', 'dim_date']
2026-01-21 14:51:24.935 | INFO     | request_id - f07f2195-25be-4269-8f67-37d098c4f25b | app.agent.nodes.add_context:add_context:23 - 添加上下文信息-date_info:{'date': '2026-01-21', 'weekday': 'Wednesday', 'quarter': 'Q1'},db_info:{'dialect': 'mysql', 'version': '8.0.44'}
2026-01-21 14:51:28.183 | INFO     | request_id - f07f2195-25be-4269-8f67-37d098c4f25b | app.agent.nodes.generate_sql:generate_sql:33 - 生成SQL: SELECT 
    d.quarter AS 季度,
    SUM(f.order_amount) AS 销售总额
FROM fact_order f
JOIN dim_date d ON f.date_id = d.date_id
WHERE d.date_id >= 20250101 AND d.date_id < 20260101
GROUP BY d.quarter
ORDER BY d.quarter;
2026-01-21 14:51:28.188 | INFO     | request_id - f07f2195-25be-4269-8f67-37d098c4f25b | app.agent.nodes.validate_sql:validate_sql:17 - SQL校验通过
2026-01-21 14:51:28.194 | INFO     | request_id - f07f2195-25be-4269-8f67-37d098c4f25b | app.agent.nodes.execute_sql:execute_sql:18 - SQL执行结果: [{'季度': 'Q1', '销售总额': 279159.5}]
2026-01-21 14:51:45.654 | INFO     | request_id - 2117f871-1b88-4770-a7a1-3ce41fcacbf9 | app.agent.nodes.extract_keywords:extract_keywords:44 - 关键词提取: ['销量', '统计一下去年每个月份的销量', '月份', '统计']
2026-01-21 14:51:48.856 | INFO     | request_id - 2117f871-1b88-4770-a7a1-3ce41fcacbf9 | app.agent.nodes.metric_recall:metric_recall:44 - 召回指标信息: dict_keys(['GMV', 'AOV'])
2026-01-21 14:51:49.216 | INFO     | request_id - 2117f871-1b88-4770-a7a1-3ce41fcacbf9 | app.agent.nodes.value_recall:value_recall:40 - 召回字段值: dict_keys([])
2026-01-21 14:51:49.798 | INFO     | request_id - 2117f871-1b88-4770-a7a1-3ce41fcacbf9 | app.agent.nodes.column_recall:column_recall:46 - 字段信息召回成功: dict_keys(['dim_date.month', 'dim_date.year', 'fact_order.date_id', 'fact_order.order_quantity', 'fact_order.order_amount', 'dim_date.date_id'])
2026-01-21 14:51:49.812 | INFO     | request_id - 2117f871-1b88-4770-a7a1-3ce41fcacbf9 | app.agent.nodes.merge_retrieved_info:merge_retrieved_info:80 - 召回信息合并成功
2026-01-21 14:51:50.972 | INFO     | request_id - 2117f871-1b88-4770-a7a1-3ce41fcacbf9 | app.agent.nodes.filter_metric_info:filter_metric_info:29 - 指标筛选结果: ['GMV']
2026-01-21 14:51:51.606 | INFO     | request_id - 2117f871-1b88-4770-a7a1-3ce41fcacbf9 | app.agent.nodes.filter_table_info:filter_table_info:33 - 表格筛选结果: ['dim_date', 'fact_order']
2026-01-21 14:51:51.611 | INFO     | request_id - 2117f871-1b88-4770-a7a1-3ce41fcacbf9 | app.agent.nodes.add_context:add_context:23 - 添加上下文信息-date_info:{'date': '2026-01-21', 'weekday': 'Wednesday', 'quarter': 'Q1'},db_info:{'dialect': 'mysql', 'version': '8.0.44'}
2026-01-21 14:51:54.608 | INFO     | request_id - 2117f871-1b88-4770-a7a1-3ce41fcacbf9 | app.agent.nodes.generate_sql:generate_sql:33 - 生成SQL: SELECT d.month, SUM(f.order_quantity) AS 销量
FROM fact_order f
JOIN dim_date d ON f.date_id = d.date_id
WHERE d.year = YEAR('2026-01-21') - 1
GROUP BY d.month
ORDER BY d.month;
2026-01-21 14:51:54.614 | INFO     | request_id - 2117f871-1b88-4770-a7a1-3ce41fcacbf9 | app.agent.nodes.validate_sql:validate_sql:17 - SQL校验通过
2026-01-21 14:51:54.619 | INFO     | request_id - 2117f871-1b88-4770-a7a1-3ce41fcacbf9 | app.agent.nodes.execute_sql:execute_sql:18 - SQL执行结果: [{'month': 1, '销量': Decimal('149')}, {'month': 2, '销量': Decimal('151')}, {'month': 3, '销量': Decimal('322')}]
2026-01-21 14:52:23.440 | INFO     | request_id - f22e16b9-22eb-45ce-b531-324b23f0d2dc | app.agent.nodes.extract_keywords:extract_keywords:44 - 关键词提取: ['月份', '统计一下去年每个月份的销售额走势', '走势', '销售额', '统计']
2026-01-21 14:52:27.499 | INFO     | request_id - f22e16b9-22eb-45ce-b531-324b23f0d2dc | app.agent.nodes.metric_recall:metric_recall:44 - 召回指标信息: dict_keys(['GMV', 'AOV'])
2026-01-21 14:52:27.956 | INFO     | request_id - f22e16b9-22eb-45ce-b531-324b23f0d2dc | app.agent.nodes.value_recall:value_recall:40 - 召回字段值: dict_keys([])
2026-01-21 14:52:28.355 | INFO     | request_id - f22e16b9-22eb-45ce-b531-324b23f0d2dc | app.agent.nodes.column_recall:column_recall:46 - 字段信息召回成功: dict_keys(['dim_date.month', 'dim_date.year', 'fact_order.date_id', 'fact_order.order_amount', 'fact_order.order_quantity', 'dim_date.date_id'])
2026-01-21 14:52:28.366 | INFO     | request_id - f22e16b9-22eb-45ce-b531-324b23f0d2dc | app.agent.nodes.merge_retrieved_info:merge_retrieved_info:80 - 召回信息合并成功
2026-01-21 14:52:29.885 | INFO     | request_id - f22e16b9-22eb-45ce-b531-324b23f0d2dc | app.agent.nodes.filter_metric_info:filter_metric_info:29 - 指标筛选结果: ['GMV']
2026-01-21 14:52:30.246 | INFO     | request_id - f22e16b9-22eb-45ce-b531-324b23f0d2dc | app.agent.nodes.filter_table_info:filter_table_info:33 - 表格筛选结果: ['dim_date', 'fact_order']
2026-01-21 14:52:30.250 | INFO     | request_id - f22e16b9-22eb-45ce-b531-324b23f0d2dc | app.agent.nodes.add_context:add_context:23 - 添加上下文信息-date_info:{'date': '2026-01-21', 'weekday': 'Wednesday', 'quarter': 'Q1'},db_info:{'dialect': 'mysql', 'version': '8.0.44'}
2026-01-21 14:52:33.988 | INFO     | request_id - f22e16b9-22eb-45ce-b531-324b23f0d2dc | app.agent.nodes.generate_sql:generate_sql:33 - 生成SQL: SELECT 
    d.month AS 月份,
    SUM(f.order_amount) AS 销售额
FROM fact_order f
JOIN dim_date d ON f.date_id = d.year * 10000 + d.month * 100 + 1
WHERE d.year = YEAR('2026-01-21') - 1
GROUP BY d.year, d.month
ORDER BY d.year, d.month;
2026-01-21 14:52:33.996 | INFO     | request_id - f22e16b9-22eb-45ce-b531-324b23f0d2dc | app.agent.nodes.validate_sql:validate_sql:17 - SQL校验通过
2026-01-21 14:52:34.002 | INFO     | request_id - f22e16b9-22eb-45ce-b531-324b23f0d2dc | app.agent.nodes.execute_sql:execute_sql:18 - SQL执行结果: [{'月份': 1, '销售额': 495938.0}, {'月份': 2, '销售额': 1120.0}, {'月份': 3, '销售额': 221619.0}]
2026-01-21 14:54:33.757 | INFO     | request_id - ef24f207-7498-43e4-89d6-f93edb8d0311 | app.agent.nodes.extract_keywords:extract_keywords:44 - 关键词提取: ['品类', '统计一下去年销售额排行前三的品类', '销售额', '统计', '排行']
2026-01-21 14:54:37.709 | INFO     | request_id - ef24f207-7498-43e4-89d6-f93edb8d0311 | app.agent.nodes.metric_recall:metric_recall:44 - 召回指标信息: dict_keys(['GMV', 'AOV'])
2026-01-21 14:54:37.811 | INFO     | request_id - ef24f207-7498-43e4-89d6-f93edb8d0311 | app.agent.nodes.value_recall:value_recall:40 - 召回字段值: dict_keys(['dim_product.brand.三星'])
2026-01-21 14:54:39.010 | INFO     | request_id - ef24f207-7498-43e4-89d6-f93edb8d0311 | app.agent.nodes.column_recall:column_recall:46 - 字段信息召回成功: dict_keys(['dim_product.category', 'dim_product.brand', 'fact_order.date_id', 'dim_date.date_id', 'fact_order.order_amount', 'fact_order.order_quantity'])
2026-01-21 14:54:39.025 | INFO     | request_id - ef24f207-7498-43e4-89d6-f93edb8d0311 | app.agent.nodes.merge_retrieved_info:merge_retrieved_info:80 - 召回信息合并成功
2026-01-21 14:54:40.084 | INFO     | request_id - ef24f207-7498-43e4-89d6-f93edb8d0311 | app.agent.nodes.filter_metric_info:filter_metric_info:29 - 指标筛选结果: ['GMV']
2026-01-21 14:54:41.432 | INFO     | request_id - ef24f207-7498-43e4-89d6-f93edb8d0311 | app.agent.nodes.filter_table_info:filter_table_info:33 - 表格筛选结果: ['dim_product', 'fact_order', 'dim_date']
2026-01-21 14:54:41.436 | INFO     | request_id - ef24f207-7498-43e4-89d6-f93edb8d0311 | app.agent.nodes.add_context:add_context:23 - 添加上下文信息-date_info:{'date': '2026-01-21', 'weekday': 'Wednesday', 'quarter': 'Q1'},db_info:{'dialect': 'mysql', 'version': '8.0.44'}
2026-01-21 14:54:44.804 | INFO     | request_id - ef24f207-7498-43e4-89d6-f93edb8d0311 | app.agent.nodes.generate_sql:generate_sql:33 - 生成SQL: SELECT dp.category, SUM(fo.order_amount) AS sales
FROM fact_order fo
JOIN dim_product dp ON fo.product_id = dp.product_id
JOIN dim_date dd ON fo.date_id = dd.date_id
WHERE dd.date_id >= 20250101 AND dd.date_id < 20260101
GROUP BY dp.category
ORDER BY sales DESC
LIMIT 3;
2026-01-21 14:54:44.810 | INFO     | request_id - ef24f207-7498-43e4-89d6-f93edb8d0311 | app.agent.nodes.validate_sql:validate_sql:17 - SQL校验通过
2026-01-21 14:54:44.816 | INFO     | request_id - ef24f207-7498-43e4-89d6-f93edb8d0311 | app.agent.nodes.execute_sql:execute_sql:18 - SQL执行结果: [{'category': '手机数码', 'sales': 194771.0}, {'category': '家用电器', 'sales': 60788.0}, {'category': '鞋靴', 'sales': 13188.0}]
2026-01-21 14:55:49.482 | INFO     | request_id - 961837f1-0027-4c99-8ec1-fe992364803e | app.agent.nodes.extract_keywords:extract_keywords:44 - 关键词提取: ['商品', '统计一下去年最受消费者欢迎的商品', '消费者', '统计', '欢迎']
2026-01-21 14:55:53.356 | INFO     | request_id - 961837f1-0027-4c99-8ec1-fe992364803e | app.agent.nodes.value_recall:value_recall:40 - 召回字段值: dict_keys([])
2026-01-21 14:55:53.466 | INFO     | request_id - 961837f1-0027-4c99-8ec1-fe992364803e | app.agent.nodes.metric_recall:metric_recall:44 - 召回指标信息: dict_keys([])
2026-01-21 14:55:55.088 | INFO     | request_id - 961837f1-0027-4c99-8ec1-fe992364803e | app.agent.nodes.column_recall:column_recall:46 - 字段信息召回成功: dict_keys(['dim_product.category', 'fact_order.product_id', 'dim_product.product_id', 'dim_product.product_name', 'dim_product.brand', 'fact_order.order_quantity'])
2026-01-21 14:55:55.100 | INFO     | request_id - 961837f1-0027-4c99-8ec1-fe992364803e | app.agent.nodes.merge_retrieved_info:merge_retrieved_info:80 - 召回信息合并成功
2026-01-21 14:55:56.205 | INFO     | request_id - 961837f1-0027-4c99-8ec1-fe992364803e | app.agent.nodes.filter_metric_info:filter_metric_info:29 - 指标筛选结果: []
2026-01-21 14:55:57.249 | INFO     | request_id - 961837f1-0027-4c99-8ec1-fe992364803e | app.agent.nodes.filter_table_info:filter_table_info:33 - 表格筛选结果: ['dim_product', 'fact_order']
2026-01-21 14:55:57.254 | INFO     | request_id - 961837f1-0027-4c99-8ec1-fe992364803e | app.agent.nodes.add_context:add_context:23 - 添加上下文信息-date_info:{'date': '2026-01-21', 'weekday': 'Wednesday', 'quarter': 'Q1'},db_info:{'dialect': 'mysql', 'version': '8.0.44'}
2026-01-21 14:56:01.078 | INFO     | request_id - 961837f1-0027-4c99-8ec1-fe992364803e | app.agent.nodes.generate_sql:generate_sql:33 - 生成SQL: SELECT 
    dp.product_id,
    dp.product_name,
    SUM(fo.order_quantity) AS total_sales_quantity
FROM fact_order fo
JOIN dim_product dp ON fo.product_id = dp.product_id
WHERE fo.date_id >= 20250101 AND fo.date_id <= 20251231
GROUP BY dp.product_id, dp.product_name
ORDER BY total_sales_quantity DESC
LIMIT 1;
2026-01-21 14:56:01.084 | INFO     | request_id - 961837f1-0027-4c99-8ec1-fe992364803e | app.agent.nodes.validate_sql:validate_sql:17 - SQL校验通过
2026-01-21 14:56:01.090 | INFO     | request_id - 961837f1-0027-4c99-8ec1-fe992364803e | app.agent.nodes.execute_sql:execute_sql:18 - SQL执行结果: [{'product_id': 'P011', 'product_name': '蒙牛纯牛奶 250ml*12', 'total_sales_quantity': Decimal('183')}]
2026-01-21 16:26:56.883 | INFO     | request_id - f9abfba8-caf4-4c57-861f-bfb1114530d3 | app.service.meta_knowledge_service:build_meta_knowledge:213 - 加载配置文件
2026-01-21 16:27:27.556 | INFO     | request_id - a9cd3ab6-31b0-4021-b8ec-f2cae1679885 | app.service.meta_knowledge_service:build_meta_knowledge:213 - 加载配置文件
2026-01-21 16:39:56.561 | INFO     | request_id - 7705cbbe-1923-47bf-aeb5-6267e570c2c9 | app.service.meta_knowledge_service:build_meta_knowledge:213 - 加载元数据配置文件
2026-01-21 16:39:56.786 | INFO     | request_id - 26b5758c-1f9c-463c-a855-64e32f9f213b | app.service.meta_knowledge_service:build_meta_knowledge:217 - 保存表信息和字段信息到meta数据库
2026-01-21 16:40:04.131 | INFO     | request_id - c43cee79-2c3c-48d8-8a2b-fe3d726d6603 | app.service.meta_knowledge_service:build_meta_knowledge:220 - 同步字段信息到qdrant
2026-01-21 16:40:04.511 | INFO     | request_id - 3f995bc8-d83d-4698-8d6c-b0091d99c5a9 | app.service.meta_knowledge_service:build_meta_knowledge:223 - 同步字段值到es
2026-01-21 16:40:04.529 | INFO     | request_id - 1f319745-f9dc-4f74-a3af-b118d04deac0 | app.service.meta_knowledge_service:build_meta_knowledge:227 - 保存metric信息到meta数据库
2026-01-21 16:40:05.970 | INFO     | request_id - 6c0581e2-1e0f-4bdb-a074-5c7e7c7e6aaf | app.service.meta_knowledge_service:build_meta_knowledge:231 - 同步metric信息到qdrant
2026-01-21 16:41:41.657 | INFO     | request_id - ab1d3ef4-9cb9-4df8-a353-3b1d58510a4d | app.agent.nodes.extract_keywords:extract_keywords:44 - 关键词提取: ['帮我统计一下去年五月份的销售总额', '统计', '销售总额', '五月份']
2026-01-21 16:41:45.140 | INFO     | request_id - ab1d3ef4-9cb9-4df8-a353-3b1d58510a4d | app.agent.nodes.metric_recall:metric_recall:44 - 召回指标信息: dict_keys(['GMV', 'AOV'])
2026-01-21 16:41:45.446 | INFO     | request_id - ab1d3ef4-9cb9-4df8-a353-3b1d58510a4d | app.agent.nodes.value_recall:value_recall:40 - 召回字段值: dict_keys([])
2026-01-21 16:41:45.960 | INFO     | request_id - ab1d3ef4-9cb9-4df8-a353-3b1d58510a4d | app.agent.nodes.column_recall:column_recall:46 - 字段信息召回成功: dict_keys(['fact_order.order_amount', 'fact_order.order_quantity', 'dim_date.month', 'dim_date.quarter', 'fact_order.date_id', 'dim_date.date_id'])
2026-01-21 16:41:46.001 | INFO     | request_id - ab1d3ef4-9cb9-4df8-a353-3b1d58510a4d | app.agent.nodes.merge_retrieved_info:merge_retrieved_info:80 - 召回信息合并成功
2026-01-21 16:41:46.989 | INFO     | request_id - ab1d3ef4-9cb9-4df8-a353-3b1d58510a4d | app.agent.nodes.filter_metric_info:filter_metric_info:29 - 指标筛选结果: ['GMV']
2026-01-21 16:41:47.645 | INFO     | request_id - ab1d3ef4-9cb9-4df8-a353-3b1d58510a4d | app.agent.nodes.filter_table_info:filter_table_info:33 - 表格筛选结果: ['fact_order', 'dim_date']
2026-01-21 16:41:47.662 | INFO     | request_id - ab1d3ef4-9cb9-4df8-a353-3b1d58510a4d | app.agent.nodes.add_context:add_context:23 - 添加上下文信息-date_info:{'date': '2026-01-21', 'weekday': 'Wednesday', 'quarter': 'Q1'},db_info:{'dialect': 'mysql', 'version': '8.0.44'}
2026-01-21 16:41:51.208 | INFO     | request_id - ab1d3ef4-9cb9-4df8-a353-3b1d58510a4d | app.agent.nodes.generate_sql:generate_sql:33 - 生成SQL: SELECT SUM(fo.order_amount) AS 销售总额
FROM fact_order fo
JOIN dim_date dd ON fo.date_id = dd.date_id
WHERE dd.month = 5
  AND YEAR(FROM_UNIXTIME(UNIX_TIMESTAMP(CAST(dd.date_id AS CHAR), '%Y%m%d'))) = YEAR(CURDATE()) - 1;
2026-01-21 16:41:51.211 | ERROR    | request_id - ab1d3ef4-9cb9-4df8-a353-3b1d58510a4d | app.agent.nodes.validate_sql:validate_sql:20 - SQL校验失败: (asyncmy.errors.OperationalError) (1582, "Incorrect parameter count in the call to native function 'UNIX_TIMESTAMP'")
[SQL: explain SELECT SUM(fo.order_amount) AS 销售总额
FROM fact_order fo
JOIN dim_date dd ON fo.date_id = dd.date_id
WHERE dd.month = 5
  AND YEAR(FROM_UNIXTIME(UNIX_TIMESTAMP(CAST(dd.date_id AS CHAR), '%%Y%%m%%d'))) = YEAR(CURDATE()) - 1;]
(Background on this error at: https://sqlalche.me/e/20/e3q8)
2026-01-21 16:41:51.216 | ERROR    | request_id - ab1d3ef4-9cb9-4df8-a353-3b1d58510a4d | app.agent.nodes.execute_sql:execute_sql:21 - SQL执行失败: (asyncmy.errors.OperationalError) (1582, "Incorrect parameter count in the call to native function 'UNIX_TIMESTAMP'")
[SQL: SELECT SUM(fo.order_amount) AS 销售总额
FROM fact_order fo
JOIN dim_date dd ON fo.date_id = dd.date_id
WHERE dd.month = 5
  AND YEAR(FROM_UNIXTIME(UNIX_TIMESTAMP(CAST(dd.date_id AS CHAR), '%%Y%%m%%d'))) = YEAR(CURDATE()) - 1;]
(Background on this error at: https://sqlalche.me/e/20/e3q8)
2026-01-21 16:43:11.615 | INFO     | request_id - 914577db-34b8-430c-a207-782e2d1823ab | app.agent.nodes.extract_keywords:extract_keywords:44 - 关键词提取: ['帮我统计去年五月份的销售总额', '统计', '销售总额', '五月份']
2026-01-21 16:43:14.932 | INFO     | request_id - 914577db-34b8-430c-a207-782e2d1823ab | app.agent.nodes.metric_recall:metric_recall:44 - 召回指标信息: dict_keys(['GMV', 'AOV'])
2026-01-21 16:43:15.284 | INFO     | request_id - 914577db-34b8-430c-a207-782e2d1823ab | app.agent.nodes.value_recall:value_recall:40 - 召回字段值: dict_keys([])
2026-01-21 16:43:15.702 | INFO     | request_id - 914577db-34b8-430c-a207-782e2d1823ab | app.agent.nodes.column_recall:column_recall:46 - 字段信息召回成功: dict_keys(['fact_order.order_amount', 'fact_order.order_quantity', 'dim_date.month', 'dim_date.quarter', 'fact_order.date_id', 'dim_date.date_id'])
2026-01-21 16:43:15.717 | INFO     | request_id - 914577db-34b8-430c-a207-782e2d1823ab | app.agent.nodes.merge_retrieved_info:merge_retrieved_info:80 - 召回信息合并成功
2026-01-21 16:43:17.021 | INFO     | request_id - 914577db-34b8-430c-a207-782e2d1823ab | app.agent.nodes.filter_metric_info:filter_metric_info:29 - 指标筛选结果: ['GMV']
2026-01-21 16:43:17.644 | INFO     | request_id - 914577db-34b8-430c-a207-782e2d1823ab | app.agent.nodes.filter_table_info:filter_table_info:33 - 表格筛选结果: ['fact_order', 'dim_date']
2026-01-21 16:43:17.649 | INFO     | request_id - 914577db-34b8-430c-a207-782e2d1823ab | app.agent.nodes.add_context:add_context:23 - 添加上下文信息-date_info:{'date': '2026-01-21', 'weekday': 'Wednesday', 'quarter': 'Q1'},db_info:{'dialect': 'mysql', 'version': '8.0.44'}
2026-01-21 16:43:20.321 | INFO     | request_id - 914577db-34b8-430c-a207-782e2d1823ab | app.agent.nodes.generate_sql:generate_sql:33 - 生成SQL: SELECT SUM(order_amount) AS 销售总额
FROM fact_order
JOIN dim_date ON fact_order.date_id = dim_date.date_id
WHERE dim_date.month = 5
  AND dim_date.date_id BETWEEN 20250101 AND 20251231;
2026-01-21 16:43:20.327 | INFO     | request_id - 914577db-34b8-430c-a207-782e2d1823ab | app.agent.nodes.validate_sql:validate_sql:17 - SQL校验通过
2026-01-21 16:43:20.331 | INFO     | request_id - 914577db-34b8-430c-a207-782e2d1823ab | app.agent.nodes.execute_sql:execute_sql:18 - SQL执行结果: [{'销售总额': None}]
2026-01-21 16:44:17.656 | INFO     | request_id - 07e939a5-796c-4c42-bc38-3bf35a180f9a | app.agent.nodes.extract_keywords:extract_keywords:44 - 关键词提取: ['帮我统计去年二月份的销售总额', '统计', '销售总额', '二月份']
2026-01-21 16:44:20.888 | INFO     | request_id - 07e939a5-796c-4c42-bc38-3bf35a180f9a | app.agent.nodes.metric_recall:metric_recall:44 - 召回指标信息: dict_keys(['GMV', 'AOV'])
2026-01-21 16:44:21.118 | INFO     | request_id - 07e939a5-796c-4c42-bc38-3bf35a180f9a | app.agent.nodes.value_recall:value_recall:40 - 召回字段值: dict_keys([])
2026-01-21 16:44:21.710 | INFO     | request_id - 07e939a5-796c-4c42-bc38-3bf35a180f9a | app.agent.nodes.column_recall:column_recall:46 - 字段信息召回成功: dict_keys(['fact_order.order_amount', 'fact_order.order_quantity', 'fact_order.date_id', 'dim_date.date_id', 'dim_date.month', 'dim_date.year'])
2026-01-21 16:44:21.723 | INFO     | request_id - 07e939a5-796c-4c42-bc38-3bf35a180f9a | app.agent.nodes.merge_retrieved_info:merge_retrieved_info:80 - 召回信息合并成功
2026-01-21 16:44:22.948 | INFO     | request_id - 07e939a5-796c-4c42-bc38-3bf35a180f9a | app.agent.nodes.filter_metric_info:filter_metric_info:29 - 指标筛选结果: ['GMV']
2026-01-21 16:44:23.731 | INFO     | request_id - 07e939a5-796c-4c42-bc38-3bf35a180f9a | app.agent.nodes.filter_table_info:filter_table_info:33 - 表格筛选结果: ['fact_order', 'dim_date']
2026-01-21 16:44:23.736 | INFO     | request_id - 07e939a5-796c-4c42-bc38-3bf35a180f9a | app.agent.nodes.add_context:add_context:23 - 添加上下文信息-date_info:{'date': '2026-01-21', 'weekday': 'Wednesday', 'quarter': 'Q1'},db_info:{'dialect': 'mysql', 'version': '8.0.44'}
2026-01-21 16:44:26.172 | INFO     | request_id - 07e939a5-796c-4c42-bc38-3bf35a180f9a | app.agent.nodes.generate_sql:generate_sql:33 - 生成SQL: SELECT SUM(fo.order_amount) AS 销售总额
FROM fact_order fo
JOIN dim_date dd ON fo.date_id = dd.date_id
WHERE dd.year = 2025
  AND dd.month = 2;
2026-01-21 16:44:26.177 | INFO     | request_id - 07e939a5-796c-4c42-bc38-3bf35a180f9a | app.agent.nodes.validate_sql:validate_sql:17 - SQL校验通过
2026-01-21 16:44:26.181 | INFO     | request_id - 07e939a5-796c-4c42-bc38-3bf35a180f9a | app.agent.nodes.execute_sql:execute_sql:18 - SQL执行结果: [{'销售总额': 80009.0}]
2026-01-21 16:44:55.660 | INFO     | request_id - 75dc9c94-2837-4f24-8b61-0d68c126d689 | app.agent.nodes.extract_keywords:extract_keywords:44 - 关键词提取: ['帮我统计每个品类中销量最高的商品', '最高', '销量', '统计', '品类', '商品']
2026-01-21 16:44:59.845 | INFO     | request_id - 75dc9c94-2837-4f24-8b61-0d68c126d689 | app.agent.nodes.metric_recall:metric_recall:44 - 召回指标信息: dict_keys(['GMV', 'AOV'])
2026-01-21 16:44:59.930 | INFO     | request_id - 75dc9c94-2837-4f24-8b61-0d68c126d689 | app.agent.nodes.value_recall:value_recall:40 - 召回字段值: dict_keys([])
2026-01-21 16:45:00.888 | INFO     | request_id - 75dc9c94-2837-4f24-8b61-0d68c126d689 | app.agent.nodes.column_recall:column_recall:46 - 字段信息召回成功: dict_keys(['fact_order.product_id', 'dim_product.product_id', 'dim_product.category', 'dim_product.product_name', 'fact_order.date_id', 'dim_date.date_id', 'fact_order.order_quantity', 'fact_order.order_amount', 'dim_product.brand'])
2026-01-21 16:45:00.910 | INFO     | request_id - 75dc9c94-2837-4f24-8b61-0d68c126d689 | app.agent.nodes.merge_retrieved_info:merge_retrieved_info:80 - 召回信息合并成功
2026-01-21 16:45:01.840 | INFO     | request_id - 75dc9c94-2837-4f24-8b61-0d68c126d689 | app.agent.nodes.filter_metric_info:filter_metric_info:29 - 指标筛选结果: []
2026-01-21 16:45:02.949 | INFO     | request_id - 75dc9c94-2837-4f24-8b61-0d68c126d689 | app.agent.nodes.filter_table_info:filter_table_info:33 - 表格筛选结果: ['fact_order', 'dim_product']
2026-01-21 16:45:02.953 | INFO     | request_id - 75dc9c94-2837-4f24-8b61-0d68c126d689 | app.agent.nodes.add_context:add_context:23 - 添加上下文信息-date_info:{'date': '2026-01-21', 'weekday': 'Wednesday', 'quarter': 'Q1'},db_info:{'dialect': 'mysql', 'version': '8.0.44'}
2026-01-21 16:45:09.854 | INFO     | request_id - 75dc9c94-2837-4f24-8b61-0d68c126d689 | app.agent.nodes.generate_sql:generate_sql:33 - 生成SQL: SELECT 
    p.category,
    p.product_name,
    SUM(o.order_quantity) AS total_sales
FROM 
    fact_order o
JOIN 
    dim_product p ON o.product_id = p.product_id
GROUP BY 
    p.category, p.product_name
HAVING 
    SUM(o.order_quantity) = (
        SELECT 
            MAX(sub.total_sales)
        FROM 
            (SELECT 
                p2.category,
                p2.product_name,
                SUM(o2.order_quantity) AS total_sales
            FROM 
                fact_order o2
            JOIN 
                dim_product p2 ON o2.product_id = p2.product_id
            GROUP BY 
                p2.category, p2.product_name) sub
        WHERE 
            sub.category = p.category
    )
ORDER BY 
    p.category;
2026-01-21 16:45:09.860 | INFO     | request_id - 75dc9c94-2837-4f24-8b61-0d68c126d689 | app.agent.nodes.validate_sql:validate_sql:17 - SQL校验通过
2026-01-21 16:45:09.865 | INFO     | request_id - 75dc9c94-2837-4f24-8b61-0d68c126d689 | app.agent.nodes.execute_sql:execute_sql:18 - SQL执行结果: [{'category': '休闲零食', 'product_name': '奥利奥巧克力夹心饼干', 'total_sales': Decimal('167')}, {'category': '家用电器', 'product_name': '美的空调 KFR-35GW', 'total_sales': Decimal('7')}, {'category': '手机数码', 'product_name': 'iPhone 15 Pro', 'total_sales': Decimal('8')}, {'category': '手机数码', 'product_name': 'Mate 60 Pro', 'total_sales': Decimal('8')}, {'category': '服饰', 'product_name': '优衣库 Heattech 保暖夹克', 'total_sales': Decimal('10')}, {'category': '鞋靴', 'product_name': '耐克 Air Max 270 运动鞋', 'total_sales': Decimal('6')}, {'category': '鞋靴', 'product_name': '阿迪达斯 Ultraboost 跑鞋', 'total_sales': Decimal('6')}, {'category': '食品饮料', 'product_name': '蒙牛纯牛奶 250ml*12', 'total_sales': Decimal('183')}]
2026-01-21 16:51:14.270 | INFO     | request_id - d648e523-dc96-4472-8e10-7ec6ca1bf51e | app.agent.nodes.extract_keywords:extract_keywords:44 - 关键词提取: ['商品', '品类', '最高', '销量', '统计', '帮我统计每个品类中销量最高的商品']
2026-01-21 16:51:18.766 | INFO     | request_id - d648e523-dc96-4472-8e10-7ec6ca1bf51e | app.agent.nodes.value_recall:value_recall:40 - 召回字段值: dict_keys([])
2026-01-21 16:51:18.888 | INFO     | request_id - d648e523-dc96-4472-8e10-7ec6ca1bf51e | app.agent.nodes.metric_recall:metric_recall:44 - 召回指标信息: dict_keys(['GMV', 'AOV'])
2026-01-21 16:51:19.897 | INFO     | request_id - d648e523-dc96-4472-8e10-7ec6ca1bf51e | app.agent.nodes.column_recall:column_recall:46 - 字段信息召回成功: dict_keys(['dim_product.category', 'dim_product.product_name', 'dim_product.brand', 'fact_order.product_id', 'dim_product.product_id', 'fact_order.date_id', 'dim_date.date_id', 'fact_order.order_quantity', 'fact_order.order_amount'])
2026-01-21 16:58:40.763 | INFO     | request_id - 700868d9-132f-4428-8c97-6bf6920441a7 | app.agent.nodes.extract_keywords:extract_keywords:44 - 关键词提取: ['销售额', '统计2025年每个月份的销售额', '月份', '统计']
2026-01-21 16:58:44.126 | INFO     | request_id - 700868d9-132f-4428-8c97-6bf6920441a7 | app.agent.nodes.metric_recall:metric_recall:44 - 召回指标信息: dict_keys(['GMV', 'AOV'])
2026-01-21 16:58:44.471 | INFO     | request_id - 700868d9-132f-4428-8c97-6bf6920441a7 | app.agent.nodes.value_recall:value_recall:40 - 召回字段值: dict_keys([])
2026-01-21 16:58:44.860 | INFO     | request_id - 700868d9-132f-4428-8c97-6bf6920441a7 | app.agent.nodes.column_recall:column_recall:46 - 字段信息召回成功: dict_keys(['fact_order.date_id', 'dim_date.date_id', 'fact_order.order_amount', 'fact_order.order_quantity', 'dim_date.month', 'dim_date.year'])
2026-01-21 16:58:44.896 | INFO     | request_id - 700868d9-132f-4428-8c97-6bf6920441a7 | app.agent.nodes.merge_retrieved_info:merge_retrieved_info:80 - 召回信息合并成功
2026-01-21 16:58:45.896 | INFO     | request_id - 700868d9-132f-4428-8c97-6bf6920441a7 | app.agent.nodes.filter_metric_info:filter_metric_info:29 - 指标筛选结果: ['GMV']
2026-01-21 16:58:46.970 | INFO     | request_id - 700868d9-132f-4428-8c97-6bf6920441a7 | app.agent.nodes.filter_table_info:filter_table_info:33 - 表格筛选结果: ['fact_order', 'dim_date']
2026-01-21 16:58:46.996 | INFO     | request_id - 700868d9-132f-4428-8c97-6bf6920441a7 | app.agent.nodes.add_context:add_context:23 - 添加上下文信息-date_info:{'date': '2026-01-21', 'weekday': 'Wednesday', 'quarter': 'Q1'},db_info:{'dialect': 'mysql', 'version': '8.0.44'}
2026-01-21 16:58:49.745 | INFO     | request_id - 700868d9-132f-4428-8c97-6bf6920441a7 | app.agent.nodes.generate_sql:generate_sql:33 - 生成SQL: SELECT 
    d.month AS 月份,
    SUM(f.order_amount) AS 销售额
FROM fact_order f
JOIN dim_date d ON f.date_id = d.date_id
WHERE d.year = 2025
GROUP BY d.month
ORDER BY d.month;
2026-01-21 16:58:49.750 | INFO     | request_id - 700868d9-132f-4428-8c97-6bf6920441a7 | app.agent.nodes.validate_sql:validate_sql:17 - SQL校验通过
2026-01-21 16:58:49.754 | INFO     | request_id - 700868d9-132f-4428-8c97-6bf6920441a7 | app.agent.nodes.execute_sql:execute_sql:18 - SQL执行结果: [{'月份': 1, '销售额': 109030.5}, {'月份': 2, '销售额': 80009.0}, {'月份': 3, '销售额': 90120.0}]
2026-01-21 18:31:34.499 | INFO     | request_id - 382c84aa-9318-4599-a646-ad5eec3ff100 | app.agent.nodes.extract_keywords:extract_keywords:44 - 关键词提取: ['统计2025年第一季度的销售额', '销售额', '第一季度', '统计']
2026-01-21 18:31:37.660 | INFO     | request_id - 382c84aa-9318-4599-a646-ad5eec3ff100 | app.agent.nodes.metric_recall:metric_recall:44 - 召回指标信息: dict_keys(['GMV', 'AOV'])
2026-01-21 18:31:37.756 | INFO     | request_id - 382c84aa-9318-4599-a646-ad5eec3ff100 | app.agent.nodes.value_recall:value_recall:40 - 召回字段值: dict_keys([])
2026-01-21 18:31:38.271 | INFO     | request_id - 382c84aa-9318-4599-a646-ad5eec3ff100 | app.agent.nodes.column_recall:column_recall:46 - 字段信息召回成功: dict_keys(['fact_order.date_id', 'dim_date.date_id', 'dim_date.quarter', 'fact_order.order_amount', 'fact_order.order_quantity'])
2026-01-21 18:31:38.287 | INFO     | request_id - 382c84aa-9318-4599-a646-ad5eec3ff100 | app.agent.nodes.merge_retrieved_info:merge_retrieved_info:80 - 召回信息合并成功
2026-01-21 18:31:39.182 | INFO     | request_id - 382c84aa-9318-4599-a646-ad5eec3ff100 | app.agent.nodes.filter_metric_info:filter_metric_info:29 - 指标筛选结果: ['GMV']
2026-01-21 18:31:39.913 | INFO     | request_id - 382c84aa-9318-4599-a646-ad5eec3ff100 | app.agent.nodes.filter_table_info:filter_table_info:33 - 表格筛选结果: ['fact_order', 'dim_date']
2026-01-21 18:31:39.920 | INFO     | request_id - 382c84aa-9318-4599-a646-ad5eec3ff100 | app.agent.nodes.add_context:add_context:23 - 添加上下文信息-date_info:{'date': '2026-01-21', 'weekday': 'Wednesday', 'quarter': 'Q1'},db_info:{'dialect': 'mysql', 'version': '8.0.44'}
2026-01-21 18:31:42.259 | INFO     | request_id - 382c84aa-9318-4599-a646-ad5eec3ff100 | app.agent.nodes.generate_sql:generate_sql:33 - 生成SQL: SELECT SUM(fo.order_amount) AS 销售额 FROM fact_order fo JOIN dim_date dd ON fo.date_id = dd.date_id WHERE dd.quarter = 'Q1' AND dd.date_id BETWEEN 20250101 AND 20250331;
2026-01-21 18:31:42.264 | INFO     | request_id - 382c84aa-9318-4599-a646-ad5eec3ff100 | app.agent.nodes.validate_sql:validate_sql:17 - SQL校验通过
2026-01-21 18:31:42.268 | INFO     | request_id - 382c84aa-9318-4599-a646-ad5eec3ff100 | app.agent.nodes.execute_sql:execute_sql:18 - SQL执行结果: [{'销售额': 279159.5}]
2026-01-21 18:31:59.217 | INFO     | request_id - 165ba58a-905b-4406-a37e-2bc3b8b287b1 | app.agent.nodes.extract_keywords:extract_keywords:44 - 关键词提取: ['受欢迎', '商品', '统计', '统计最受欢迎的前三个商品']
2026-01-21 18:32:04.491 | INFO     | request_id - 165ba58a-905b-4406-a37e-2bc3b8b287b1 | app.agent.nodes.metric_recall:metric_recall:44 - 召回指标信息: dict_keys(['GMV'])
2026-01-21 18:32:04.598 | INFO     | request_id - 165ba58a-905b-4406-a37e-2bc3b8b287b1 | app.agent.nodes.value_recall:value_recall:40 - 召回字段值: dict_keys(['dim_product.brand.三星'])
2026-01-21 18:32:05.398 | INFO     | request_id - 165ba58a-905b-4406-a37e-2bc3b8b287b1 | app.agent.nodes.column_recall:column_recall:46 - 字段信息召回成功: dict_keys(['fact_order.product_id', 'dim_product.product_id', 'dim_product.category', 'dim_product.product_name', 'dim_product.brand', 'fact_order.order_quantity'])
2026-01-21 18:32:05.414 | INFO     | request_id - 165ba58a-905b-4406-a37e-2bc3b8b287b1 | app.agent.nodes.merge_retrieved_info:merge_retrieved_info:80 - 召回信息合并成功
2026-01-21 18:32:06.643 | INFO     | request_id - 165ba58a-905b-4406-a37e-2bc3b8b287b1 | app.agent.nodes.filter_metric_info:filter_metric_info:29 - 指标筛选结果: []
2026-01-21 18:32:07.051 | INFO     | request_id - 165ba58a-905b-4406-a37e-2bc3b8b287b1 | app.agent.nodes.filter_table_info:filter_table_info:33 - 表格筛选结果: ['fact_order', 'dim_product']
2026-01-21 18:32:07.056 | INFO     | request_id - 165ba58a-905b-4406-a37e-2bc3b8b287b1 | app.agent.nodes.add_context:add_context:23 - 添加上下文信息-date_info:{'date': '2026-01-21', 'weekday': 'Wednesday', 'quarter': 'Q1'},db_info:{'dialect': 'mysql', 'version': '8.0.44'}
2026-01-21 18:32:09.791 | INFO     | request_id - 165ba58a-905b-4406-a37e-2bc3b8b287b1 | app.agent.nodes.generate_sql:generate_sql:33 - 生成SQL: SELECT 
    dp.product_name,
    SUM(fo.order_quantity) AS total_quantity
FROM fact_order fo
JOIN dim_product dp ON fo.product_id = dp.product_id
GROUP BY dp.product_id, dp.product_name
ORDER BY total_quantity DESC
LIMIT 3;
2026-01-21 18:32:09.797 | INFO     | request_id - 165ba58a-905b-4406-a37e-2bc3b8b287b1 | app.agent.nodes.validate_sql:validate_sql:17 - SQL校验通过
2026-01-21 18:32:09.800 | INFO     | request_id - 165ba58a-905b-4406-a37e-2bc3b8b287b1 | app.agent.nodes.execute_sql:execute_sql:18 - SQL执行结果: [{'product_name': '蒙牛纯牛奶 250ml*12', 'total_quantity': Decimal('183')}, {'product_name': '奥利奥巧克力夹心饼干', 'total_quantity': Decimal('167')}, {'product_name': '乐事原味薯片 150g', 'total_quantity': Decimal('131')}]
2026-01-21 18:32:29.889 | INFO     | request_id - 24c38661-aa20-48ad-8605-75ecf109c0b2 | app.agent.nodes.extract_keywords:extract_keywords:44 - 关键词提取: ['商品', '统计每个商品的总销量', '统计', '销量']
2026-01-21 18:32:32.741 | INFO     | request_id - 24c38661-aa20-48ad-8605-75ecf109c0b2 | app.agent.nodes.metric_recall:metric_recall:44 - 召回指标信息: dict_keys(['GMV', 'AOV'])
2026-01-21 18:32:33.248 | INFO     | request_id - 24c38661-aa20-48ad-8605-75ecf109c0b2 | app.agent.nodes.value_recall:value_recall:40 - 召回字段值: dict_keys([])
2026-01-21 18:32:34.262 | INFO     | request_id - 24c38661-aa20-48ad-8605-75ecf109c0b2 | app.agent.nodes.column_recall:column_recall:46 - 字段信息召回成功: dict_keys(['fact_order.order_amount', 'fact_order.order_quantity', 'fact_order.product_id', 'dim_product.product_id', 'dim_product.category', 'dim_product.product_name', 'fact_order.date_id', 'dim_date.date_id', 'dim_product.brand'])
2026-01-21 18:32:34.279 | INFO     | request_id - 24c38661-aa20-48ad-8605-75ecf109c0b2 | app.agent.nodes.merge_retrieved_info:merge_retrieved_info:80 - 召回信息合并成功
2026-01-21 18:32:35.528 | INFO     | request_id - 24c38661-aa20-48ad-8605-75ecf109c0b2 | app.agent.nodes.filter_metric_info:filter_metric_info:29 - 指标筛选结果: []
2026-01-21 18:32:36.578 | INFO     | request_id - 24c38661-aa20-48ad-8605-75ecf109c0b2 | app.agent.nodes.filter_table_info:filter_table_info:33 - 表格筛选结果: ['fact_order', 'dim_product']
2026-01-21 18:32:36.582 | INFO     | request_id - 24c38661-aa20-48ad-8605-75ecf109c0b2 | app.agent.nodes.add_context:add_context:23 - 添加上下文信息-date_info:{'date': '2026-01-21', 'weekday': 'Wednesday', 'quarter': 'Q1'},db_info:{'dialect': 'mysql', 'version': '8.0.44'}
2026-01-21 18:32:39.260 | INFO     | request_id - 24c38661-aa20-48ad-8605-75ecf109c0b2 | app.agent.nodes.generate_sql:generate_sql:33 - 生成SQL: SELECT 
    dp.product_id,
    dp.product_name,
    SUM(fo.order_quantity) AS total_sales
FROM fact_order fo
JOIN dim_product dp ON fo.product_id = dp.product_id
GROUP BY dp.product_id, dp.product_name;
2026-01-21 18:32:39.265 | INFO     | request_id - 24c38661-aa20-48ad-8605-75ecf109c0b2 | app.agent.nodes.validate_sql:validate_sql:17 - SQL校验通过
2026-01-21 18:32:39.269 | INFO     | request_id - 24c38661-aa20-48ad-8605-75ecf109c0b2 | app.agent.nodes.execute_sql:execute_sql:18 - SQL执行结果: [{'product_id': 'P001', 'product_name': 'iPhone 15 Pro', 'total_sales': Decimal('8')}, {'product_id': 'P003', 'product_name': 'Mate 60 Pro', 'total_sales': Decimal('8')}, {'product_id': 'P010', 'product_name': '雀巢金牌速溶咖啡', 'total_sales': Decimal('63')}, {'product_id': 'P006', 'product_name': '耐克 Air Max 270 运动鞋', 'total_sales': Decimal('6')}, {'product_id': 'P011', 'product_name': '蒙牛纯牛奶 250ml*12', 'total_sales': Decimal('183')}, {'product_id': 'P014', 'product_name': 'Kindle Paperwhite 电子书', 'total_sales': Decimal('7')}, {'product_id': 'P012', 'product_name': '乐事原味薯片 150g', 'total_sales': Decimal('131')}, {'product_id': 'P008', 'product_name': '优衣库 Heattech 保暖夹克', 'total_sales': Decimal('10')}, {'product_id': 'P002', 'product_name': 'Galaxy S24 Ultra', 'total_sales': Decimal('6')}, {'product_id': 'P013', 'product_name': '奥利奥巧克力夹心饼干', 'total_sales': Decimal('167')}, {'product_id': 'P005', 'product_name': '美的空调 KFR-35GW', 'total_sales': Decimal('7')}, {'product_id': 'P009', 'product_name': '李维斯 501 牛仔裤', 'total_sales': Decimal('8')}, {'product_id': 'P007', 'product_name': '阿迪达斯 Ultraboost 跑鞋', 'total_sales': Decimal('6')}, {'product_id': 'P004', 'product_name': '戴森 V15 吸尘器', 'total_sales': Decimal('6')}, {'product_id': 'P015', 'product_name': 'Instant Pot 多功能电压力锅', 'total_sales': Decimal('6')}]
2026-01-21 18:35:27.398 | INFO     | request_id - d43c0a79-b44f-4cda-a50d-5d4413ea1ffc | app.agent.nodes.extract_keywords:extract_keywords:44 - 关键词提取: ['统计每个月销量排名第一的商品', '排名', '商品', '月销量', '统计']
2026-01-21 18:35:31.503 | INFO     | request_id - d43c0a79-b44f-4cda-a50d-5d4413ea1ffc | app.agent.nodes.value_recall:value_recall:40 - 召回字段值: dict_keys([])
2026-01-21 18:35:31.675 | INFO     | request_id - d43c0a79-b44f-4cda-a50d-5d4413ea1ffc | app.agent.nodes.metric_recall:metric_recall:44 - 召回指标信息: dict_keys(['GMV'])
2026-01-21 18:35:32.714 | INFO     | request_id - d43c0a79-b44f-4cda-a50d-5d4413ea1ffc | app.agent.nodes.column_recall:column_recall:46 - 字段信息召回成功: dict_keys(['dim_date.month', 'dim_date.year', 'fact_order.order_amount', 'fact_order.order_quantity', 'fact_order.product_id', 'dim_product.product_id', 'dim_product.category', 'dim_product.product_name', 'fact_order.date_id', 'dim_date.date_id', 'dim_product.brand'])
2026-01-21 18:35:32.730 | INFO     | request_id - d43c0a79-b44f-4cda-a50d-5d4413ea1ffc | app.agent.nodes.merge_retrieved_info:merge_retrieved_info:80 - 召回信息合并成功
2026-01-21 18:35:33.721 | INFO     | request_id - d43c0a79-b44f-4cda-a50d-5d4413ea1ffc | app.agent.nodes.filter_metric_info:filter_metric_info:29 - 指标筛选结果: []
2026-01-21 18:35:34.984 | INFO     | request_id - d43c0a79-b44f-4cda-a50d-5d4413ea1ffc | app.agent.nodes.filter_table_info:filter_table_info:33 - 表格筛选结果: ['dim_date', 'fact_order', 'dim_product']
2026-01-21 18:35:34.988 | INFO     | request_id - d43c0a79-b44f-4cda-a50d-5d4413ea1ffc | app.agent.nodes.add_context:add_context:23 - 添加上下文信息-date_info:{'date': '2026-01-21', 'weekday': 'Wednesday', 'quarter': 'Q1'},db_info:{'dialect': 'mysql', 'version': '8.0.44'}
2026-01-21 18:35:42.940 | INFO     | request_id - d43c0a79-b44f-4cda-a50d-5d4413ea1ffc | app.agent.nodes.generate_sql:generate_sql:33 - 生成SQL: SELECT 
    d.year,
    d.month,
    dp.product_name,
    SUM(fo.order_quantity) AS total_sales
FROM fact_order fo
JOIN dim_date d ON fo.date_id = d.date_id
JOIN dim_product dp ON fo.product_id = dp.product_id
GROUP BY d.year, d.month, dp.product_name
HAVING SUM(fo.order_quantity) = (
    SELECT MAX(sales_sum)
    FROM (
        SELECT 
            d2.year,
            d2.month,
            dp2.product_name,
            SUM(fo2.order_quantity) AS sales_sum
        FROM fact_order fo2
        JOIN dim_date d2 ON fo2.date_id = d2.date_id
        JOIN dim_product dp2 ON fo2.product_id = dp2.product_id
        WHERE d2.year = d.year AND d2.month = d.month
        GROUP BY d2.year, d2.month, dp2.product_name
    ) monthly_sales
    WHERE monthly_sales.year = d.year AND monthly_sales.month = d.month
)
ORDER BY d.year, d.month;
2026-01-21 18:35:42.948 | INFO     | request_id - d43c0a79-b44f-4cda-a50d-5d4413ea1ffc | app.agent.nodes.validate_sql:validate_sql:17 - SQL校验通过
2026-01-21 18:35:42.968 | INFO     | request_id - d43c0a79-b44f-4cda-a50d-5d4413ea1ffc | app.agent.nodes.execute_sql:execute_sql:18 - SQL执行结果: [{'year': 2025, 'month': 1, 'product_name': '奥利奥巧克力夹心饼干', 'total_sales': Decimal('47')}, {'year': 2025, 'month': 2, 'product_name': '乐事原味薯片 150g', 'total_sales': Decimal('54')}, {'year': 2025, 'month': 3, 'product_name': '蒙牛纯牛奶 250ml*12', 'total_sales': Decimal('118')}]
2026-01-21 18:42:55.476 | INFO     | request_id - a7d987cc-c75d-4f71-9798-a1e09390db94 | app.agent.nodes.extract_keywords:extract_keywords:44 - 关键词提取: ['最高', '统计每个月销量最高的商品', '商品', '月销量', '统计']
2026-01-21 18:43:00.237 | INFO     | request_id - a7d987cc-c75d-4f71-9798-a1e09390db94 | app.agent.nodes.value_recall:value_recall:40 - 召回字段值: dict_keys([])
2026-01-21 18:43:00.984 | INFO     | request_id - a7d987cc-c75d-4f71-9798-a1e09390db94 | app.agent.nodes.metric_recall:metric_recall:44 - 召回指标信息: dict_keys(['GMV', 'AOV'])
2026-01-21 18:43:01.657 | INFO     | request_id - a7d987cc-c75d-4f71-9798-a1e09390db94 | app.agent.nodes.column_recall:column_recall:46 - 字段信息召回成功: dict_keys(['dim_date.month', 'dim_date.year', 'fact_order.order_amount', 'fact_order.order_quantity', 'fact_order.product_id', 'dim_product.product_id', 'dim_product.category', 'dim_product.product_name', 'fact_order.date_id', 'dim_date.date_id', 'dim_product.brand'])
2026-01-21 18:43:01.673 | INFO     | request_id - a7d987cc-c75d-4f71-9798-a1e09390db94 | app.agent.nodes.merge_retrieved_info:merge_retrieved_info:80 - 召回信息合并成功
2026-01-21 18:43:02.740 | INFO     | request_id - a7d987cc-c75d-4f71-9798-a1e09390db94 | app.agent.nodes.filter_metric_info:filter_metric_info:29 - 指标筛选结果: []
2026-01-21 18:43:04.198 | INFO     | request_id - a7d987cc-c75d-4f71-9798-a1e09390db94 | app.agent.nodes.filter_table_info:filter_table_info:33 - 表格筛选结果: ['dim_date', 'fact_order', 'dim_product']
2026-01-21 18:43:04.203 | INFO     | request_id - a7d987cc-c75d-4f71-9798-a1e09390db94 | app.agent.nodes.add_context:add_context:23 - 添加上下文信息-date_info:{'date': '2026-01-21', 'weekday': 'Wednesday', 'quarter': 'Q1'},db_info:{'dialect': 'mysql', 'version': '8.0.44'}
2026-01-21 18:43:11.498 | INFO     | request_id - a7d987cc-c75d-4f71-9798-a1e09390db94 | app.agent.nodes.generate_sql:generate_sql:33 - 生成SQL: SELECT 
    d.year,
    d.month,
    dp.product_name,
    SUM(fo.order_quantity) AS total_sales
FROM fact_order fo
JOIN dim_date d ON fo.date_id = d.date_id
JOIN dim_product dp ON fo.product_id = dp.product_id
GROUP BY d.year, d.month, dp.product_id, dp.product_name
HAVING SUM(fo.order_quantity) = (
    SELECT MAX(sub.total_sales)
    FROM (
        SELECT 
            d_sub.year,
            d_sub.month,
            fo_sub.product_id,
            SUM(fo_sub.order_quantity) AS total_sales
        FROM fact_order fo_sub
        JOIN dim_date d_sub ON fo_sub.date_id = d_sub.date_id
        GROUP BY d_sub.year, d_sub.month, fo_sub.product_id
    ) sub
    WHERE sub.year = d.year AND sub.month = d.month
)
ORDER BY d.year, d.month;
2026-01-21 18:43:11.504 | INFO     | request_id - a7d987cc-c75d-4f71-9798-a1e09390db94 | app.agent.nodes.validate_sql:validate_sql:17 - SQL校验通过
2026-01-21 18:43:11.511 | INFO     | request_id - a7d987cc-c75d-4f71-9798-a1e09390db94 | app.agent.nodes.execute_sql:execute_sql:18 - SQL执行结果: [{'year': 2025, 'month': 1, 'product_name': '奥利奥巧克力夹心饼干', 'total_sales': Decimal('47')}, {'year': 2025, 'month': 2, 'product_name': '乐事原味薯片 150g', 'total_sales': Decimal('54')}, {'year': 2025, 'month': 3, 'product_name': '蒙牛纯牛奶 250ml*12', 'total_sales': Decimal('118')}]
2026-01-21 22:05:52.449 | INFO     | request_id - b341e252-c4ec-4b21-9e5d-388d4a5f0a55 | app.agent.nodes.extract_keywords:extract_keywords:44 - 关键词提取: ['统计一下去年的销售总额', '销售总额', '统计']
2026-01-21 22:05:56.131 | ERROR    | request_id - b341e252-c4ec-4b21-9e5d-388d4a5f0a55 | app.agent.nodes.value_recall:value_recall:43 - 召回字段值失败: BadRequestError(400, 'media_type_header_exception', 'Invalid media-type value on headers [Accept, Content-Type]', Accept version must be either version 8 or 7, but found 9. Accept=application/vnd.elasticsearch+json; compatible-with=9)
2026-01-21 22:08:30.139 | INFO     | request_id - 41d7c8b7-e2c0-4e76-9fc2-d2c82fd1e93f | app.agent.nodes.extract_keywords:extract_keywords:44 - 关键词提取: ['销售总额', '统计一下去年的销售总额', '统计']
2026-01-21 22:08:33.420 | INFO     | request_id - 41d7c8b7-e2c0-4e76-9fc2-d2c82fd1e93f | app.agent.nodes.metric_recall:metric_recall:44 - 召回指标信息: dict_keys(['GMV', 'AOV'])
2026-01-21 22:08:33.622 | ERROR    | request_id - 41d7c8b7-e2c0-4e76-9fc2-d2c82fd1e93f | app.agent.nodes.value_recall:value_recall:43 - 召回字段值失败: BadRequestError(400, 'media_type_header_exception', 'Invalid media-type value on headers [Accept, Content-Type]')
2026-01-21 22:09:11.485 | INFO     | request_id - 88a69567-da6c-4365-8d6d-8135c87a70b1 | app.agent.nodes.extract_keywords:extract_keywords:44 - 关键词提取: ['统计一下去年的销售总额', '统计', '销售总额']
2026-01-21 22:09:14.760 | INFO     | request_id - 88a69567-da6c-4365-8d6d-8135c87a70b1 | app.agent.nodes.metric_recall:metric_recall:44 - 召回指标信息: dict_keys(['GMV', 'AOV'])
2026-01-21 22:09:14.796 | INFO     | request_id - 88a69567-da6c-4365-8d6d-8135c87a70b1 | app.agent.nodes.value_recall:value_recall:40 - 召回字段值: dict_keys([])
2026-01-21 22:09:15.408 | INFO     | request_id - 88a69567-da6c-4365-8d6d-8135c87a70b1 | app.agent.nodes.column_recall:column_recall:46 - 字段信息召回成功: dict_keys(['fact_order.date_id', 'fact_order.order_amount', 'fact_order.order_quantity', 'dim_date.date_id'])
2026-01-21 22:09:15.478 | INFO     | request_id - 88a69567-da6c-4365-8d6d-8135c87a70b1 | app.agent.nodes.merge_retrieved_info:merge_retrieved_info:80 - 召回信息合并成功
2026-01-21 22:09:16.735 | INFO     | request_id - 88a69567-da6c-4365-8d6d-8135c87a70b1 | app.agent.nodes.filter_metric_info:filter_metric_info:29 - 指标筛选结果: ['GMV']
2026-01-21 22:09:17.026 | INFO     | request_id - 88a69567-da6c-4365-8d6d-8135c87a70b1 | app.agent.nodes.filter_table_info:filter_table_info:33 - 表格筛选结果: ['fact_order', 'dim_date']
2026-01-21 22:09:17.046 | INFO     | request_id - 88a69567-da6c-4365-8d6d-8135c87a70b1 | app.agent.nodes.add_context:add_context:23 - 添加上下文信息-date_info:{'date': '2026-01-21', 'weekday': 'Wednesday', 'quarter': 'Q1'},db_info:{'dialect': 'mysql', 'version': '8.0.44'}
2026-01-21 22:09:19.767 | INFO     | request_id - 88a69567-da6c-4365-8d6d-8135c87a70b1 | app.agent.nodes.generate_sql:generate_sql:33 - 生成SQL: SELECT SUM(order_amount) AS 销售总额
FROM fact_order
JOIN dim_date ON fact_order.date_id = dim_date.date_id
WHERE dim_date.date_id >= 20250101 AND dim_date.date_id < 20260101;
2026-01-21 22:09:19.777 | INFO     | request_id - 88a69567-da6c-4365-8d6d-8135c87a70b1 | app.agent.nodes.validate_sql:validate_sql:17 - SQL校验通过
2026-01-21 22:09:19.784 | INFO     | request_id - 88a69567-da6c-4365-8d6d-8135c87a70b1 | app.agent.nodes.execute_sql:execute_sql:18 - SQL执行结果: [{'销售总额': 279159.5}]
2026-07-02 17:06:35.099 | INFO     | request_id - 031d0550-9376-4432-8c9b-f4a9df092757 | app.service.meta_knowledge_service:build_meta_knowledge:213 - 加载元数据配置文件
2026-07-02 17:46:36.693 | INFO     | request_id - eb8d999a-2edb-4207-9298-d1f625ee5a3d | app.service.meta_knowledge_service:build_meta_knowledge:213 - 加载元数据配置文件
2026-07-02 19:16:10.514 | INFO     | request_id - 4c413273-8de3-4ea6-8626-6ebd59cac2ac | app.service.meta_knowledge_service:build_meta_knowledge:213 - 加载元数据配置文件
2026-07-02 19:16:10.624 | INFO     | request_id - d56307e9-5616-4817-bb5f-8d1ce7688259 | app.service.meta_knowledge_service:build_meta_knowledge:220 - 保存表信息和字段信息到meta数据库
2026-07-02 19:16:20.854 | INFO     | request_id - 4f14770e-4362-411f-9074-d3036a567d76 | app.service.meta_knowledge_service:build_meta_knowledge:223 - 同步字段信息到qdrant
2026-07-02 19:16:21.817 | INFO     | request_id - 0574ae93-caa2-4214-9c35-31251a6e08df | app.service.meta_knowledge_service:build_meta_knowledge:226 - 同步字段值到es
2026-07-02 19:16:21.828 | INFO     | request_id - 2eec7f1c-5dad-4657-a228-7fdadbf50001 | app.service.meta_knowledge_service:build_meta_knowledge:230 - 保存metric信息到meta数据库
2026-07-02 19:16:23.874 | INFO     | request_id - 25f649fd-aca2-41fe-940f-65bf1df0875c | app.service.meta_knowledge_service:build_meta_knowledge:234 - 同步metric信息到qdrant
2026-07-02 19:16:23.875 | INFO     | request_id - c8a3686a-54e4-4eeb-b8ee-ed487039859d | app.service.meta_knowledge_service:build_meta_knowledge:235 - 元数据知识库构建完成
2026-07-02 19:18:14.959 | INFO     | request_id - 3d45d88c-8860-4c1f-b3b8-a9a4b2ac87b2 | app.service.meta_knowledge_service:build_meta_knowledge:213 - 加载元数据配置文件
2026-07-02 19:18:15.041 | INFO     | request_id - ef6d1824-d4cb-4dec-847d-e5f90ffe91e1 | app.service.meta_knowledge_service:build_meta_knowledge:220 - 保存表信息和字段信息到meta数据库
2026-07-02 19:18:23.344 | INFO     | request_id - e9911cb1-2ed7-4988-9249-17f59e721f90 | app.service.meta_knowledge_service:build_meta_knowledge:223 - 同步字段信息到qdrant
2026-07-02 19:18:23.518 | INFO     | request_id - 96ddd205-81db-43c4-a0cf-1c4aa46d33b8 | app.service.meta_knowledge_service:build_meta_knowledge:226 - 同步字段值到es
2026-07-02 19:18:23.526 | INFO     | request_id - 77bb6078-ecf7-459a-8cde-b75f2ea64383 | app.service.meta_knowledge_service:build_meta_knowledge:230 - 保存metric信息到meta数据库
2026-07-02 19:18:24.563 | INFO     | request_id - 6c7034b5-b6ff-4e29-8253-5a173eefbfc4 | app.service.meta_knowledge_service:build_meta_knowledge:234 - 同步metric信息到qdrant
2026-07-02 19:18:24.563 | INFO     | request_id - f87b3114-3986-4434-8e92-69dcf49d73d9 | app.service.meta_knowledge_service:build_meta_knowledge:235 - 元数据知识库构建完成
2026-07-02 19:28:31.283 | INFO     | request_id - 3680af40-1a72-414e-9b5a-11a31b5ba456 | app.agent.nodes.extract_keywords:extract_keywords:44 - 关键词提取: ['你好']
2026-07-02 19:28:32.451 | INFO     | request_id - 3680af40-1a72-414e-9b5a-11a31b5ba456 | app.agent.nodes.metric_recall:metric_recall:44 - 召回指标信息: dict_keys([])
2026-07-02 19:28:32.939 | INFO     | request_id - 3680af40-1a72-414e-9b5a-11a31b5ba456 | app.agent.nodes.value_recall:value_recall:40 - 召回字段值: dict_keys([])
2026-07-02 19:28:33.076 | INFO     | request_id - 3680af40-1a72-414e-9b5a-11a31b5ba456 | app.agent.nodes.column_recall:column_recall:46 - 字段信息召回成功: dict_keys([])
2026-07-02 19:28:33.078 | INFO     | request_id - 3680af40-1a72-414e-9b5a-11a31b5ba456 | app.agent.nodes.merge_retrieved_info:merge_retrieved_info:80 - 召回信息合并成功
2026-07-02 19:28:33.634 | INFO     | request_id - 3680af40-1a72-414e-9b5a-11a31b5ba456 | app.agent.nodes.filter_metric_info:filter_metric_info:29 - 指标筛选结果: []
2026-07-02 19:28:33.638 | INFO     | request_id - 3680af40-1a72-414e-9b5a-11a31b5ba456 | app.agent.nodes.filter_table_info:filter_table_info:33 - 表格筛选结果: []
2026-07-02 19:28:33.653 | INFO     | request_id - 3680af40-1a72-414e-9b5a-11a31b5ba456 | app.agent.nodes.add_context:add_context:23 - 添加上下文信息-date_info:{'date': '2026-07-02', 'weekday': 'Thursday', 'quarter': 'Q3'},db_info:{'dialect': 'mysql', 'version': '8.0.31'}
2026-07-02 19:28:34.521 | INFO     | request_id - 3680af40-1a72-414e-9b5a-11a31b5ba456 | app.agent.nodes.generate_sql:generate_sql:33 - 生成SQL: 你好！请问有什么可以帮助你的？请提供具体的查询需求，我会为你生成对应的 SQL 语句。
2026-07-02 19:28:34.527 | ERROR    | request_id - 3680af40-1a72-414e-9b5a-11a31b5ba456 | app.agent.nodes.validate_sql:validate_sql:20 - SQL校验失败: (asyncmy.errors.ProgrammingError) (1064, "You have an error in your SQL syntax; check the manual that corresponds to your MySQL server version for the right syntax to use near 'SQL 语句。' at line 1")
[SQL: explain 你好！请问有什么可以帮助你的？请提供具体的查询需求，我会为你生成对应的 SQL 语句。]
(Background on this error at: https://sqlalche.me/e/20/f405)
2026-07-02 19:28:34.533 | ERROR    | request_id - 3680af40-1a72-414e-9b5a-11a31b5ba456 | app.agent.nodes.execute_sql:execute_sql:21 - SQL执行失败: (asyncmy.errors.ProgrammingError) (1064, "You have an error in your SQL syntax; check the manual that corresponds to your MySQL server version for the right syntax to use near '你好！请问有什么可以帮助你的？请提供具体的查询需求，æ\x88' at line 1")
[SQL: 你好！请问有什么可以帮助你的？请提供具体的查询需求，我会为你生成对应的 SQL 语句。]
(Background on this error at: https://sqlalche.me/e/20/f405)
2026-07-02 19:33:43.787 | INFO     | request_id - 5049a08c-2f47-45be-bcb3-1294e35ff201 | app.agent.nodes.extract_keywords:extract_keywords:44 - 关键词提取: ['你好']
2026-07-02 19:33:44.536 | INFO     | request_id - 5049a08c-2f47-45be-bcb3-1294e35ff201 | app.agent.nodes.value_recall:value_recall:40 - 召回字段值: dict_keys([])
2026-07-02 19:33:44.660 | INFO     | request_id - 5049a08c-2f47-45be-bcb3-1294e35ff201 | app.agent.nodes.column_recall:column_recall:46 - 字段信息召回成功: dict_keys([])
2026-07-02 19:33:44.901 | INFO     | request_id - 5049a08c-2f47-45be-bcb3-1294e35ff201 | app.agent.nodes.metric_recall:metric_recall:44 - 召回指标信息: dict_keys([])
2026-07-02 19:33:44.903 | INFO     | request_id - 5049a08c-2f47-45be-bcb3-1294e35ff201 | app.agent.nodes.merge_retrieved_info:merge_retrieved_info:80 - 召回信息合并成功
2026-07-02 19:33:45.324 | INFO     | request_id - 5049a08c-2f47-45be-bcb3-1294e35ff201 | app.agent.nodes.filter_metric_info:filter_metric_info:29 - 指标筛选结果: []
2026-07-02 19:33:45.559 | INFO     | request_id - 5049a08c-2f47-45be-bcb3-1294e35ff201 | app.agent.nodes.filter_table_info:filter_table_info:33 - 表格筛选结果: []
2026-07-02 19:33:45.572 | INFO     | request_id - 5049a08c-2f47-45be-bcb3-1294e35ff201 | app.agent.nodes.add_context:add_context:23 - 添加上下文信息-date_info:{'date': '2026-07-02', 'weekday': 'Thursday', 'quarter': 'Q3'},db_info:{'dialect': 'mysql', 'version': '8.0.31'}
2026-07-02 19:33:45.573 | INFO     | request_id - 5049a08c-2f47-45be-bcb3-1294e35ff201 | app.agent.nodes.generate_sql:generate_sql:29 - 生成SQL-输入参数: table_infos=[], metric_infos=[], date_info={'date': '2026-07-02', 'weekday': 'Thursday', 'quarter': 'Q3'}, db_info={'dialect': 'mysql', 'version': '8.0.31'}, query=你好
2026-07-02 19:33:46.515 | INFO     | request_id - 5049a08c-2f47-45be-bcb3-1294e35ff201 | app.agent.nodes.generate_sql:generate_sql:34 - 生成SQL: 你好！请问有什么可以帮助你的？请提供具体的查询需求，我会根据你提供的表结构和指标信息生成对应的 SQL 语句。
2026-07-02 19:33:46.517 | ERROR    | request_id - 5049a08c-2f47-45be-bcb3-1294e35ff201 | app.agent.nodes.validate_sql:validate_sql:20 - SQL校验失败: (asyncmy.errors.ProgrammingError) (1064, "You have an error in your SQL syntax; check the manual that corresponds to your MySQL server version for the right syntax to use near 'SQL 语句。' at line 1")
[SQL: explain 你好！请问有什么可以帮助你的？请提供具体的查询需求，我会根据你提供的表结构和指标信息生成对应的 SQL 语句。]
(Background on this error at: https://sqlalche.me/e/20/f405)
2026-07-02 19:33:46.522 | ERROR    | request_id - 5049a08c-2f47-45be-bcb3-1294e35ff201 | app.agent.nodes.execute_sql:execute_sql:21 - SQL执行失败: (asyncmy.errors.ProgrammingError) (1064, "You have an error in your SQL syntax; check the manual that corresponds to your MySQL server version for the right syntax to use near '你好！请问有什么可以帮助你的？请提供具体的查询需求，æ\x88' at line 1")
[SQL: 你好！请问有什么可以帮助你的？请提供具体的查询需求，我会根据你提供的表结构和指标信息生成对应的 SQL 语句。]
(Background on this error at: https://sqlalche.me/e/20/f405)
2026-07-02 19:34:34.947 | INFO     | request_id - 3a494136-cdde-47bb-a3da-1f306835abea | app.agent.nodes.extract_keywords:extract_keywords:44 - 关键词提取: ['2022年的总销售额是多少', '销售额']
2026-07-02 19:34:35.839 | INFO     | request_id - 3a494136-cdde-47bb-a3da-1f306835abea | app.agent.nodes.value_recall:value_recall:40 - 召回字段值: dict_keys([])
2026-07-02 19:34:36.299 | INFO     | request_id - 3a494136-cdde-47bb-a3da-1f306835abea | app.agent.nodes.column_recall:column_recall:46 - 字段信息召回成功: dict_keys(['fact_order.order_amount', 'fact_order.order_quantity', 'fact_order.date_id', 'dim_date.date_id'])
2026-07-02 19:34:36.832 | INFO     | request_id - 3a494136-cdde-47bb-a3da-1f306835abea | app.agent.nodes.metric_recall:metric_recall:44 - 召回指标信息: dict_keys(['GMV', 'AOV'])
2026-07-02 19:34:36.857 | INFO     | request_id - 3a494136-cdde-47bb-a3da-1f306835abea | app.agent.nodes.merge_retrieved_info:merge_retrieved_info:80 - 召回信息合并成功
2026-07-02 19:34:37.464 | INFO     | request_id - 3a494136-cdde-47bb-a3da-1f306835abea | app.agent.nodes.filter_metric_info:filter_metric_info:29 - 指标筛选结果: ['GMV']
2026-07-02 19:34:37.540 | INFO     | request_id - 3a494136-cdde-47bb-a3da-1f306835abea | app.agent.nodes.filter_table_info:filter_table_info:33 - 表格筛选结果: ['fact_order', 'dim_date']
2026-07-02 19:34:37.545 | INFO     | request_id - 3a494136-cdde-47bb-a3da-1f306835abea | app.agent.nodes.add_context:add_context:23 - 添加上下文信息-date_info:{'date': '2026-07-02', 'weekday': 'Thursday', 'quarter': 'Q3'},db_info:{'dialect': 'mysql', 'version': '8.0.31'}
2026-07-02 19:34:37.547 | INFO     | request_id - 3a494136-cdde-47bb-a3da-1f306835abea | app.agent.nodes.generate_sql:generate_sql:29 - 生成SQL-输入参数: table_infos=[{'name': 'fact_order', 'role': 'fact', 'description': '订单事实表，记录订单数量和金额等核心指标。', 'columns': [{'name': 'order_amount', 'type': 'float', 'role': 'measure', 'description': '订单金额。', 'alias': ['销售额', '订单金额', '收入'], 'examples': [8999.0, 6999.0, 125.0, 899.0, 60.0, 1399.0, 40.0, 299.0, 200.0, 9499.0]}, {'name': 'date_id', 'type': 'int', 'role': 'foreign_key', 'description': '关联时间维度的外键。', 'alias': ['日期', '下单日期'], 'examples': [20250101, 20250102, 20250103, 20250104, 20250105, 20250106, 20250107, 20250108, 20250109, 20250110]}]}, {'name': 'dim_date', 'role': 'dim', 'description': '时间维度表，用于多时间粒度分析。', 'columns': [{'name': 'date_id', 'type': 'int', 'role': 'primary_key', 'description': '日期唯一标识，格式 yyyyMMdd。', 'alias': ['日期ID', '日期'], 'examples': [20250101, 20250102, 20250103, 20250104, 20250105, 20250106, 20250107, 20250108, 20250109, 20250110]}]}], metric_infos=[{'name': 'GMV', 'description': '全称Gross Merchandise Value，表示所有订单的成交金额总和。', 'alias': ['成交总额', '订单总额']}], date_info={'date': '2026-07-02', 'weekday': 'Thursday', 'quarter': 'Q3'}, db_info={'dialect': 'mysql', 'version': '8.0.31'}, query=2022年的总销售额是多少
2026-07-02 19:34:38.476 | INFO     | request_id - 3a494136-cdde-47bb-a3da-1f306835abea | app.agent.nodes.generate_sql:generate_sql:34 - 生成SQL: SELECT SUM(f.order_amount) AS total_sales_2022
FROM fact_order f
JOIN dim_date d ON f.date_id = d.date_id
WHERE d.date_id BETWEEN 20220101 AND 20221231;
2026-07-02 19:34:38.487 | INFO     | request_id - 3a494136-cdde-47bb-a3da-1f306835abea | app.agent.nodes.validate_sql:validate_sql:17 - SQL校验通过
2026-07-02 19:34:38.489 | INFO     | request_id - 3a494136-cdde-47bb-a3da-1f306835abea | app.agent.nodes.execute_sql:execute_sql:18 - SQL执行结果: [{'total_sales_2022': None}]
2026-07-02 19:36:12.106 | INFO     | request_id - 7f865138-77b9-496e-846f-769453f03ccb | app.agent.nodes.extract_keywords:extract_keywords:44 - 关键词提取: ['今年销售最好的商品', '销售', '商品', '最好']
2026-07-02 19:36:13.082 | INFO     | request_id - 7f865138-77b9-496e-846f-769453f03ccb | app.agent.nodes.value_recall:value_recall:40 - 召回字段值: dict_keys([])
2026-07-02 19:36:14.150 | INFO     | request_id - 7f865138-77b9-496e-846f-769453f03ccb | app.agent.nodes.column_recall:column_recall:46 - 字段信息召回成功: dict_keys(['dim_product.product_name', 'dim_date.date_id', 'fact_order.date_id', 'fact_order.order_amount', 'fact_order.order_quantity', 'dim_product.category'])
2026-07-02 19:36:14.544 | INFO     | request_id - 7f865138-77b9-496e-846f-769453f03ccb | app.agent.nodes.metric_recall:metric_recall:44 - 召回指标信息: dict_keys(['GMV', 'AOV'])
2026-07-02 19:36:14.555 | INFO     | request_id - 7f865138-77b9-496e-846f-769453f03ccb | app.agent.nodes.merge_retrieved_info:merge_retrieved_info:80 - 召回信息合并成功
2026-07-02 19:36:15.242 | INFO     | request_id - 7f865138-77b9-496e-846f-769453f03ccb | app.agent.nodes.filter_metric_info:filter_metric_info:29 - 指标筛选结果: ['GMV']
2026-07-02 19:36:15.365 | INFO     | request_id - 7f865138-77b9-496e-846f-769453f03ccb | app.agent.nodes.filter_table_info:filter_table_info:33 - 表格筛选结果: ['dim_product', 'fact_order']
2026-07-02 19:36:15.367 | INFO     | request_id - 7f865138-77b9-496e-846f-769453f03ccb | app.agent.nodes.add_context:add_context:23 - 添加上下文信息-date_info:{'date': '2026-07-02', 'weekday': 'Thursday', 'quarter': 'Q3'},db_info:{'dialect': 'mysql', 'version': '8.0.31'}
2026-07-02 19:36:15.369 | INFO     | request_id - 7f865138-77b9-496e-846f-769453f03ccb | app.agent.nodes.generate_sql:generate_sql:29 - 生成SQL-输入参数: table_infos=[{'name': 'dim_product', 'role': 'dim', 'description': '商品维度表，描述商品的基本属性信息。', 'columns': [{'name': 'product_name', 'type': 'varchar(200)', 'role': 'dimension', 'description': '商品名称。', 'alias': ['商品名称', '产品名称'], 'examples': ['iPhone 15 Pro', 'Galaxy S24 Ultra', 'Mate 60 Pro', '戴森 V15 吸尘器', '美的空调 KFR-35GW', '耐克 Air Max 270 运动鞋', '阿迪达斯 Ultraboost 跑鞋', '优衣库 Heattech 保暖夹克', '李维斯 501 牛仔裤', '雀巢金牌速溶咖啡']}, {'name': 'product_id', 'type': 'varchar(20)', 'role': 'primary_key', 'description': '商品唯一标识。', 'alias': ['商品ID', '产品ID'], 'examples': ['P001', 'P002', 'P003', 'P004', 'P005', 'P006', 'P007', 'P008', 'P009', 'P010']}]}, {'name': 'fact_order', 'role': 'fact', 'description': '订单事实表，记录订单数量和金额等核心指标。', 'columns': [{'name': 'date_id', 'type': 'int', 'role': 'foreign_key', 'description': '关联时间维度的外键。', 'alias': ['日期', '下单日期'], 'examples': [20250101, 20250102, 20250103, 20250104, 20250105, 20250106, 20250107, 20250108, 20250109, 20250110]}, {'name': 'order_amount', 'type': 'float', 'role': 'measure', 'description': '订单金额。', 'alias': ['销售额', '订单金额', '收入'], 'examples': [8999.0, 6999.0, 125.0, 899.0, 60.0, 1399.0, 40.0, 299.0, 200.0, 9499.0]}, {'name': 'product_id', 'type': 'varchar(20)', 'role': 'foreign_key', 'description': '关联商品维度的外键。', 'alias': ['商品ID', '产品ID'], 'examples': ['P001', 'P003', 'P010', 'P006', 'P011', 'P014', 'P012', 'P008', 'P002', 'P013']}]}], metric_infos=[{'name': 'GMV', 'description': '全称Gross Merchandise Value，表示所有订单的成交金额总和。', 'alias': ['成交总额', '订单总额']}], date_info={'date': '2026-07-02', 'weekday': 'Thursday', 'quarter': 'Q3'}, db_info={'dialect': 'mysql', 'version': '8.0.31'}, query=今年销售最好的商品
2026-07-02 19:36:16.695 | INFO     | request_id - 7f865138-77b9-496e-846f-769453f03ccb | app.agent.nodes.generate_sql:generate_sql:34 - 生成SQL: SELECT p.product_name, SUM(f.order_amount) AS total_sales
FROM fact_order f
JOIN dim_product p ON f.product_id = p.product_id
WHERE f.date_id >= 20260101 AND f.date_id <= 20261231
GROUP BY p.product_name
ORDER BY total_sales DESC
LIMIT 1
2026-07-02 19:36:16.701 | INFO     | request_id - 7f865138-77b9-496e-846f-769453f03ccb | app.agent.nodes.validate_sql:validate_sql:17 - SQL校验通过
2026-07-02 19:36:16.706 | INFO     | request_id - 7f865138-77b9-496e-846f-769453f03ccb | app.agent.nodes.execute_sql:execute_sql:18 - SQL执行结果: []
2026-07-02 19:38:35.490 | INFO     | request_id - e7382a2d-dee5-4bd2-a73c-19e69db7325c | app.agent.nodes.extract_keywords:extract_keywords:44 - 关键词提取: ['销售量', '今年销售量']
2026-07-02 19:38:36.787 | INFO     | request_id - e7382a2d-dee5-4bd2-a73c-19e69db7325c | app.agent.nodes.metric_recall:metric_recall:44 - 召回指标信息: dict_keys(['GMV', 'AOV'])
2026-07-02 19:38:37.039 | INFO     | request_id - e7382a2d-dee5-4bd2-a73c-19e69db7325c | app.agent.nodes.value_recall:value_recall:40 - 召回字段值: dict_keys([])
2026-07-02 19:38:37.389 | INFO     | request_id - e7382a2d-dee5-4bd2-a73c-19e69db7325c | app.agent.nodes.column_recall:column_recall:46 - 字段信息召回成功: dict_keys(['fact_order.date_id', 'dim_date.date_id', 'fact_order.order_quantity', 'fact_order.order_amount'])
2026-07-02 19:38:37.414 | INFO     | request_id - e7382a2d-dee5-4bd2-a73c-19e69db7325c | app.agent.nodes.merge_retrieved_info:merge_retrieved_info:80 - 召回信息合并成功
2026-07-02 19:38:38.001 | INFO     | request_id - e7382a2d-dee5-4bd2-a73c-19e69db7325c | app.agent.nodes.filter_metric_info:filter_metric_info:29 - 指标筛选结果: ['GMV']
2026-07-02 19:38:38.101 | INFO     | request_id - e7382a2d-dee5-4bd2-a73c-19e69db7325c | app.agent.nodes.filter_table_info:filter_table_info:33 - 表格筛选结果: ['fact_order', 'dim_date']
2026-07-02 19:38:38.112 | INFO     | request_id - e7382a2d-dee5-4bd2-a73c-19e69db7325c | app.agent.nodes.add_context:add_context:23 - 添加上下文信息-date_info:{'date': '2026-07-02', 'weekday': 'Thursday', 'quarter': 'Q3'},db_info:{'dialect': 'mysql', 'version': '8.0.31'}
2026-07-02 19:38:39.129 | INFO     | request_id - e7382a2d-dee5-4bd2-a73c-19e69db7325c | app.agent.nodes.generate_sql:generate_sql:33 - 生成SQL: SELECT SUM(f.order_quantity) AS total_sales_this_year
FROM fact_order f
JOIN dim_date d ON f.date_id = d.date_id
WHERE d.date_id >= 20260101 AND d.date_id <= 20261231;
2026-07-02 19:38:39.136 | INFO     | request_id - e7382a2d-dee5-4bd2-a73c-19e69db7325c | app.agent.nodes.validate_sql:validate_sql:17 - SQL校验通过
2026-07-02 19:38:39.139 | INFO     | request_id - e7382a2d-dee5-4bd2-a73c-19e69db7325c | app.agent.nodes.execute_sql:execute_sql:18 - SQL执行结果: [{'total_sales_this_year': None}]
2026-07-02 19:39:29.442 | INFO     | request_id - 7694adf7-4694-4ac3-9599-2503e7257ac3 | app.agent.nodes.extract_keywords:extract_keywords:44 - 关键词提取: ['华东地区', '今年华东地区的销量', '销量']
2026-07-02 19:39:31.111 | INFO     | request_id - 7694adf7-4694-4ac3-9599-2503e7257ac3 | app.agent.nodes.metric_recall:metric_recall:44 - 召回指标信息: dict_keys(['GMV', 'AOV'])
2026-07-02 19:39:31.310 | INFO     | request_id - 7694adf7-4694-4ac3-9599-2503e7257ac3 | app.agent.nodes.value_recall:value_recall:40 - 召回字段值: dict_keys(['dim_region.region_name.华东'])
2026-07-02 19:39:31.706 | INFO     | request_id - 7694adf7-4694-4ac3-9599-2503e7257ac3 | app.agent.nodes.column_recall:column_recall:46 - 字段信息召回成功: dict_keys(['dim_region.region_name', 'dim_region.province', 'fact_order.order_amount', 'fact_order.order_quantity', 'fact_order.date_id'])
2026-07-02 19:39:31.713 | INFO     | request_id - 7694adf7-4694-4ac3-9599-2503e7257ac3 | app.agent.nodes.merge_retrieved_info:merge_retrieved_info:80 - 召回信息合并成功
2026-07-02 19:39:32.327 | INFO     | request_id - 7694adf7-4694-4ac3-9599-2503e7257ac3 | app.agent.nodes.filter_metric_info:filter_metric_info:29 - 指标筛选结果: ['GMV']
2026-07-02 19:39:32.487 | INFO     | request_id - 7694adf7-4694-4ac3-9599-2503e7257ac3 | app.agent.nodes.filter_table_info:filter_table_info:33 - 表格筛选结果: ['dim_region', 'fact_order']
2026-07-02 19:39:32.492 | INFO     | request_id - 7694adf7-4694-4ac3-9599-2503e7257ac3 | app.agent.nodes.add_context:add_context:23 - 添加上下文信息-date_info:{'date': '2026-07-02', 'weekday': 'Thursday', 'quarter': 'Q3'},db_info:{'dialect': 'mysql', 'version': '8.0.31'}
2026-07-02 19:39:33.664 | INFO     | request_id - 7694adf7-4694-4ac3-9599-2503e7257ac3 | app.agent.nodes.generate_sql:generate_sql:33 - 生成SQL: SELECT SUM(f.order_quantity) AS 销量 FROM fact_order f JOIN dim_region r ON f.region_id = r.region_id WHERE r.region_name = '华东' AND f.date_id BETWEEN 20260101 AND 20261231
2026-07-02 19:39:33.668 | INFO     | request_id - 7694adf7-4694-4ac3-9599-2503e7257ac3 | app.agent.nodes.validate_sql:validate_sql:17 - SQL校验通过
2026-07-02 19:39:33.674 | INFO     | request_id - 7694adf7-4694-4ac3-9599-2503e7257ac3 | app.agent.nodes.execute_sql:execute_sql:18 - SQL执行结果: [{'销量': None}]
2026-07-02 19:50:59.982 | INFO     | request_id - 1045c925-a0db-4e47-8395-f1e537b2f2be | app.agent.nodes.extract_keywords:extract_keywords:44 - 关键词提取: ['去年的销量', '销量']
2026-07-02 19:51:01.241 | INFO     | request_id - 1045c925-a0db-4e47-8395-f1e537b2f2be | app.agent.nodes.metric_recall:metric_recall:44 - 召回指标信息: dict_keys(['GMV', 'AOV'])
2026-07-02 19:51:01.722 | INFO     | request_id - 1045c925-a0db-4e47-8395-f1e537b2f2be | app.agent.nodes.value_recall:value_recall:40 - 召回字段值: dict_keys([])
2026-07-02 19:51:01.851 | INFO     | request_id - 1045c925-a0db-4e47-8395-f1e537b2f2be | app.agent.nodes.column_recall:column_recall:46 - 字段信息召回成功: dict_keys(['fact_order.order_quantity', 'fact_order.order_amount', 'dim_date.date_id', 'fact_order.date_id'])
2026-07-02 19:51:01.858 | INFO     | request_id - 1045c925-a0db-4e47-8395-f1e537b2f2be | app.agent.nodes.merge_retrieved_info:merge_retrieved_info:80 - 召回信息合并成功
2026-07-02 19:51:02.793 | INFO     | request_id - 1045c925-a0db-4e47-8395-f1e537b2f2be | app.agent.nodes.filter_metric_info:filter_metric_info:29 - 指标筛选结果: ['GMV']
2026-07-02 19:51:04.331 | INFO     | request_id - 1045c925-a0db-4e47-8395-f1e537b2f2be | app.agent.nodes.filter_table_info:filter_table_info:33 - 表格筛选结果: ['fact_order', 'dim_date']
2026-07-02 19:51:04.334 | INFO     | request_id - 1045c925-a0db-4e47-8395-f1e537b2f2be | app.agent.nodes.add_context:add_context:23 - 添加上下文信息-date_info:{'date': '2026-07-02', 'weekday': 'Thursday', 'quarter': 'Q3'},db_info:{'dialect': 'mysql', 'version': '8.0.31'}
2026-07-02 19:51:05.228 | INFO     | request_id - 1045c925-a0db-4e47-8395-f1e537b2f2be | app.agent.nodes.generate_sql:generate_sql:33 - 生成SQL: SELECT SUM(f.order_quantity) AS total_sales_last_year
FROM fact_order f
JOIN dim_date d ON f.date_id = d.date_id
WHERE d.date_id BETWEEN 20250101 AND 20251231;
2026-07-02 19:51:05.231 | INFO     | request_id - 1045c925-a0db-4e47-8395-f1e537b2f2be | app.agent.nodes.validate_sql:validate_sql:17 - SQL校验通过
2026-07-02 19:51:05.237 | INFO     | request_id - 1045c925-a0db-4e47-8395-f1e537b2f2be | app.agent.nodes.execute_sql:execute_sql:18 - SQL执行结果: [{'total_sales_last_year': Decimal('622')}]
2026-07-02 19:51:22.850 | INFO     | request_id - 495c11b8-7786-422f-93fb-a7a74fc69737 | app.agent.nodes.extract_keywords:extract_keywords:44 - 关键词提取: ['去年的销售总额', '销售总额']
2026-07-02 19:51:24.490 | INFO     | request_id - 495c11b8-7786-422f-93fb-a7a74fc69737 | app.agent.nodes.metric_recall:metric_recall:44 - 召回指标信息: dict_keys(['GMV', 'AOV'])
2026-07-02 19:51:24.573 | INFO     | request_id - 495c11b8-7786-422f-93fb-a7a74fc69737 | app.agent.nodes.value_recall:value_recall:40 - 召回字段值: dict_keys([])
2026-07-02 19:51:24.911 | INFO     | request_id - 495c11b8-7786-422f-93fb-a7a74fc69737 | app.agent.nodes.column_recall:column_recall:46 - 字段信息召回成功: dict_keys(['fact_order.order_amount', 'fact_order.order_quantity', 'fact_order.date_id', 'dim_date.date_id'])
2026-07-02 19:51:24.918 | INFO     | request_id - 495c11b8-7786-422f-93fb-a7a74fc69737 | app.agent.nodes.merge_retrieved_info:merge_retrieved_info:80 - 召回信息合并成功
2026-07-02 19:51:25.561 | INFO     | request_id - 495c11b8-7786-422f-93fb-a7a74fc69737 | app.agent.nodes.filter_table_info:filter_table_info:33 - 表格筛选结果: ['fact_order', 'dim_date']
2026-07-02 19:51:25.679 | INFO     | request_id - 495c11b8-7786-422f-93fb-a7a74fc69737 | app.agent.nodes.filter_metric_info:filter_metric_info:29 - 指标筛选结果: ['GMV']
2026-07-02 19:51:25.682 | INFO     | request_id - 495c11b8-7786-422f-93fb-a7a74fc69737 | app.agent.nodes.add_context:add_context:23 - 添加上下文信息-date_info:{'date': '2026-07-02', 'weekday': 'Thursday', 'quarter': 'Q3'},db_info:{'dialect': 'mysql', 'version': '8.0.31'}
2026-07-02 19:51:26.541 | INFO     | request_id - 495c11b8-7786-422f-93fb-a7a74fc69737 | app.agent.nodes.generate_sql:generate_sql:33 - 生成SQL: SELECT SUM(f.order_amount) AS GMV FROM fact_order f JOIN dim_date d ON f.date_id = d.date_id WHERE d.date_id BETWEEN 20250101 AND 20251231
2026-07-02 19:51:26.546 | INFO     | request_id - 495c11b8-7786-422f-93fb-a7a74fc69737 | app.agent.nodes.validate_sql:validate_sql:17 - SQL校验通过
2026-07-02 19:51:26.551 | INFO     | request_id - 495c11b8-7786-422f-93fb-a7a74fc69737 | app.agent.nodes.execute_sql:execute_sql:18 - SQL执行结果: [{'GMV': 279159.5}]
2026-07-02 19:51:51.462 | INFO     | request_id - 54dc22b1-0708-43ca-a3fb-1073530bc03a | app.agent.nodes.extract_keywords:extract_keywords:44 - 关键词提取: ['销售', '去年各个品类销售最好的商品', '最好', '品类', '商品']
2026-07-02 19:51:52.986 | INFO     | request_id - 54dc22b1-0708-43ca-a3fb-1073530bc03a | app.agent.nodes.value_recall:value_recall:40 - 召回字段值: dict_keys([])
2026-07-02 19:51:53.380 | INFO     | request_id - 54dc22b1-0708-43ca-a3fb-1073530bc03a | app.agent.nodes.metric_recall:metric_recall:44 - 召回指标信息: dict_keys(['GMV', 'AOV'])
2026-07-02 19:51:54.159 | INFO     | request_id - 54dc22b1-0708-43ca-a3fb-1073530bc03a | app.agent.nodes.column_recall:column_recall:46 - 字段信息召回成功: dict_keys(['dim_product.category', 'fact_order.order_amount', 'fact_order.order_quantity', 'dim_product.product_name', 'dim_date.year', 'dim_date.month'])
2026-07-02 19:51:54.168 | INFO     | request_id - 54dc22b1-0708-43ca-a3fb-1073530bc03a | app.agent.nodes.merge_retrieved_info:merge_retrieved_info:80 - 召回信息合并成功
2026-07-02 19:51:54.733 | INFO     | request_id - 54dc22b1-0708-43ca-a3fb-1073530bc03a | app.agent.nodes.filter_metric_info:filter_metric_info:29 - 指标筛选结果: ['GMV']
2026-07-02 19:51:54.885 | INFO     | request_id - 54dc22b1-0708-43ca-a3fb-1073530bc03a | app.agent.nodes.filter_table_info:filter_table_info:33 - 表格筛选结果: ['dim_product', 'fact_order', 'dim_date']
2026-07-02 19:51:54.887 | INFO     | request_id - 54dc22b1-0708-43ca-a3fb-1073530bc03a | app.agent.nodes.add_context:add_context:23 - 添加上下文信息-date_info:{'date': '2026-07-02', 'weekday': 'Thursday', 'quarter': 'Q3'},db_info:{'dialect': 'mysql', 'version': '8.0.31'}
2026-07-02 19:51:56.602 | INFO     | request_id - 54dc22b1-0708-43ca-a3fb-1073530bc03a | app.agent.nodes.generate_sql:generate_sql:33 - 生成SQL: SELECT 
    dp.category,
    dp.product_name,
    SUM(fo.order_quantity) AS total_sales
FROM fact_order fo
JOIN dim_product dp ON fo.product_id = dp.product_id
JOIN dim_date dd ON fo.date_id = dd.date_id
WHERE dd.year = 2025
GROUP BY dp.category, dp.product_name
HAVING (dp.category, SUM(fo.order_quantity)) IN (
    SELECT category, MAX(total_sales)
    FROM (
        SELECT 
            dp2.category,
            dp2.product_name,
            SUM(fo2.order_quantity) AS total_sales
        FROM fact_order fo2
        JOIN dim_product dp2 ON fo2.product_id = dp2.product_id
        JOIN dim_date dd2 ON fo2.date_id = dd2.date_id
        WHERE dd2.year = 2025
        GROUP BY dp2.category, dp2.product_name
    ) AS category_sales
    GROUP BY category
)
ORDER BY dp.category;
2026-07-02 19:51:56.612 | INFO     | request_id - 54dc22b1-0708-43ca-a3fb-1073530bc03a | app.agent.nodes.validate_sql:validate_sql:17 - SQL校验通过
2026-07-02 19:51:56.620 | INFO     | request_id - 54dc22b1-0708-43ca-a3fb-1073530bc03a | app.agent.nodes.execute_sql:execute_sql:18 - SQL执行结果: [{'category': '休闲零食', 'product_name': '奥利奥巧克力夹心饼干', 'total_sales': Decimal('167')}, {'category': '家用电器', 'product_name': '美的空调 KFR-35GW', 'total_sales': Decimal('7')}, {'category': '手机数码', 'product_name': 'iPhone 15 Pro', 'total_sales': Decimal('8')}, {'category': '手机数码', 'product_name': 'Mate 60 Pro', 'total_sales': Decimal('8')}, {'category': '服饰', 'product_name': '优衣库 Heattech 保暖夹克', 'total_sales': Decimal('10')}, {'category': '鞋靴', 'product_name': '耐克 Air Max 270 运动鞋', 'total_sales': Decimal('6')}, {'category': '鞋靴', 'product_name': '阿迪达斯 Ultraboost 跑鞋', 'total_sales': Decimal('6')}, {'category': '食品饮料', 'product_name': '蒙牛纯牛奶 250ml*12', 'total_sales': Decimal('183')}]
2026-07-02 20:10:09.143 | INFO     | request_id - f5a47424-cb3a-4d28-b966-c095203c00a8 | app.agent.nodes.extract_keywords:extract_keywords:44 - 关键词提取: ['你好']
2026-07-02 20:10:10.729 | INFO     | request_id - f5a47424-cb3a-4d28-b966-c095203c00a8 | app.agent.nodes.metric_recall:metric_recall:44 - 召回指标信息: dict_keys([])
2026-07-02 20:10:11.310 | INFO     | request_id - f5a47424-cb3a-4d28-b966-c095203c00a8 | app.agent.nodes.value_recall:value_recall:40 - 召回字段值: dict_keys([])
2026-07-02 20:10:11.335 | INFO     | request_id - f5a47424-cb3a-4d28-b966-c095203c00a8 | app.agent.nodes.column_recall:column_recall:46 - 字段信息召回成功: dict_keys([])
2026-07-02 20:10:11.336 | INFO     | request_id - f5a47424-cb3a-4d28-b966-c095203c00a8 | app.agent.nodes.merge_retrieved_info:merge_retrieved_info:80 - 召回信息合并成功
2026-07-02 20:10:11.966 | INFO     | request_id - f5a47424-cb3a-4d28-b966-c095203c00a8 | app.agent.nodes.filter_metric_info:filter_metric_info:29 - 指标筛选结果: []
2026-07-02 20:10:11.978 | INFO     | request_id - f5a47424-cb3a-4d28-b966-c095203c00a8 | app.agent.nodes.filter_table_info:filter_table_info:33 - 表格筛选结果: []
2026-07-02 20:10:11.994 | INFO     | request_id - f5a47424-cb3a-4d28-b966-c095203c00a8 | app.agent.nodes.add_context:add_context:23 - 添加上下文信息-date_info:{'date': '2026-07-02', 'weekday': 'Thursday', 'quarter': 'Q3'},db_info:{'dialect': 'mysql', 'version': '8.0.31'}
2026-07-02 20:10:12.765 | INFO     | request_id - f5a47424-cb3a-4d28-b966-c095203c00a8 | app.agent.nodes.generate_sql:generate_sql:33 - 生成SQL: 你好！请问有什么可以帮助你的？请提供具体的查询需求，我会为你生成对应的 SQL 语句。
2026-07-02 20:10:12.772 | ERROR    | request_id - f5a47424-cb3a-4d28-b966-c095203c00a8 | app.agent.nodes.validate_sql:validate_sql:20 - SQL校验失败: (asyncmy.errors.ProgrammingError) (1064, "You have an error in your SQL syntax; check the manual that corresponds to your MySQL server version for the right syntax to use near 'SQL 语句。' at line 1")
[SQL: explain 你好！请问有什么可以帮助你的？请提供具体的查询需求，我会为你生成对应的 SQL 语句。]
(Background on this error at: https://sqlalche.me/e/20/f405)
2026-07-02 20:10:12.780 | ERROR    | request_id - f5a47424-cb3a-4d28-b966-c095203c00a8 | app.agent.nodes.execute_sql:execute_sql:21 - SQL执行失败: (asyncmy.errors.ProgrammingError) (1064, "You have an error in your SQL syntax; check the manual that corresponds to your MySQL server version for the right syntax to use near '你好！请问有什么可以帮助你的？请提供具体的查询需求，æ\x88' at line 1")
[SQL: 你好！请问有什么可以帮助你的？请提供具体的查询需求，我会为你生成对应的 SQL 语句。]
(Background on this error at: https://sqlalche.me/e/20/f405)
2026-07-02 20:10:53.418 | INFO     | request_id - d7e9f8c3-bbce-4625-a30e-6de16c145059 | app.agent.nodes.extract_keywords:extract_keywords:44 - 关键词提取: ['2025年我们的销量是多少', '销量']
2026-07-02 20:10:54.686 | INFO     | request_id - d7e9f8c3-bbce-4625-a30e-6de16c145059 | app.agent.nodes.metric_recall:metric_recall:44 - 召回指标信息: dict_keys(['GMV'])
2026-07-02 20:10:55.150 | INFO     | request_id - d7e9f8c3-bbce-4625-a30e-6de16c145059 | app.agent.nodes.value_recall:value_recall:40 - 召回字段值: dict_keys([])
2026-07-02 20:10:55.214 | INFO     | request_id - d7e9f8c3-bbce-4625-a30e-6de16c145059 | app.agent.nodes.column_recall:column_recall:46 - 字段信息召回成功: dict_keys(['fact_order.order_quantity', 'dim_date.date_id', 'fact_order.date_id', 'fact_order.order_amount'])
2026-07-02 20:10:55.235 | INFO     | request_id - d7e9f8c3-bbce-4625-a30e-6de16c145059 | app.agent.nodes.merge_retrieved_info:merge_retrieved_info:80 - 召回信息合并成功
2026-07-02 20:10:55.787 | INFO     | request_id - d7e9f8c3-bbce-4625-a30e-6de16c145059 | app.agent.nodes.filter_metric_info:filter_metric_info:29 - 指标筛选结果: ['GMV']
2026-07-02 20:10:56.088 | INFO     | request_id - d7e9f8c3-bbce-4625-a30e-6de16c145059 | app.agent.nodes.filter_table_info:filter_table_info:33 - 表格筛选结果: ['fact_order', 'dim_date']
2026-07-02 20:10:56.091 | INFO     | request_id - d7e9f8c3-bbce-4625-a30e-6de16c145059 | app.agent.nodes.add_context:add_context:23 - 添加上下文信息-date_info:{'date': '2026-07-02', 'weekday': 'Thursday', 'quarter': 'Q3'},db_info:{'dialect': 'mysql', 'version': '8.0.31'}
2026-07-02 20:10:57.069 | INFO     | request_id - d7e9f8c3-bbce-4625-a30e-6de16c145059 | app.agent.nodes.generate_sql:generate_sql:33 - 生成SQL: SELECT SUM(f.order_quantity) AS total_sales
FROM fact_order f
JOIN dim_date d ON f.date_id = d.date_id
WHERE d.date_id BETWEEN 20250101 AND 20251231;
2026-07-02 20:10:57.074 | INFO     | request_id - d7e9f8c3-bbce-4625-a30e-6de16c145059 | app.agent.nodes.validate_sql:validate_sql:17 - SQL校验通过
2026-07-02 20:10:57.078 | INFO     | request_id - d7e9f8c3-bbce-4625-a30e-6de16c145059 | app.agent.nodes.execute_sql:execute_sql:18 - SQL执行结果: [{'total_sales': Decimal('622')}]
2026-07-02 20:30:00.076 | INFO     | request_id - 96eca3fd-0092-4bd3-b4d4-b331df904d5a | app.agent.nodes.extract_keywords:extract_keywords:44 - 关键词提取: ['销量', '2025年我们的销量是多少']
2026-07-02 20:30:01.628 | INFO     | request_id - 96eca3fd-0092-4bd3-b4d4-b331df904d5a | app.agent.nodes.metric_recall:metric_recall:44 - 召回指标信息: dict_keys(['GMV'])
2026-07-02 20:30:01.766 | INFO     | request_id - 96eca3fd-0092-4bd3-b4d4-b331df904d5a | app.agent.nodes.value_recall:value_recall:40 - 召回字段值: dict_keys([])
2026-07-02 20:30:02.102 | INFO     | request_id - 96eca3fd-0092-4bd3-b4d4-b331df904d5a | app.agent.nodes.column_recall:column_recall:46 - 字段信息召回成功: dict_keys(['fact_order.order_quantity', 'fact_order.order_amount', 'dim_date.date_id', 'fact_order.date_id'])
2026-07-02 20:30:02.131 | INFO     | request_id - 96eca3fd-0092-4bd3-b4d4-b331df904d5a | app.agent.nodes.merge_retrieved_info:merge_retrieved_info:80 - 召回信息合并成功
2026-07-02 20:30:02.735 | INFO     | request_id - 96eca3fd-0092-4bd3-b4d4-b331df904d5a | app.agent.nodes.filter_metric_info:filter_metric_info:29 - 指标筛选结果: ['GMV']
2026-07-02 20:30:03.309 | INFO     | request_id - 96eca3fd-0092-4bd3-b4d4-b331df904d5a | app.agent.nodes.filter_table_info:filter_table_info:33 - 表格筛选结果: ['fact_order', 'dim_date']
2026-07-02 20:30:03.319 | INFO     | request_id - 96eca3fd-0092-4bd3-b4d4-b331df904d5a | app.agent.nodes.add_context:add_context:23 - 添加上下文信息-date_info:{'date': '2026-07-02', 'weekday': 'Thursday', 'quarter': 'Q3'},db_info:{'dialect': 'mysql', 'version': '8.0.31'}
2026-07-02 20:30:04.227 | INFO     | request_id - 96eca3fd-0092-4bd3-b4d4-b331df904d5a | app.agent.nodes.generate_sql:generate_sql:33 - 生成SQL: SELECT SUM(f.order_quantity) AS total_sales
FROM fact_order f
JOIN dim_date d ON f.date_id = d.date_id
WHERE d.date_id BETWEEN 20250101 AND 20251231;
2026-07-02 20:30:04.234 | INFO     | request_id - 96eca3fd-0092-4bd3-b4d4-b331df904d5a | app.agent.nodes.validate_sql:validate_sql:17 - SQL校验通过
2026-07-02 20:30:04.238 | INFO     | request_id - 96eca3fd-0092-4bd3-b4d4-b331df904d5a | app.agent.nodes.execute_sql:execute_sql:18 - SQL执行结果: [{'total_sales': Decimal('622')}]
2026-07-02 20:38:11.921 | ERROR    | request_id - 0d0330bb-db04-4ee8-ad33-a2e61bc86181 | app.agent.callbacks:<module>:17 - LangFuse callback handler 初始化失败: LangchainCallbackHandler.__init__() got an unexpected keyword argument 'secret_key'
2026-07-02 20:39:36.392 | INFO     | request_id - b0cbc5e9-3791-46e0-bd15-c9b742594b58 | app.agent.callbacks:<module>:17 - LangFuse callback handler 初始化成功
2026-07-02 20:41:40.454 | INFO     | request_id - c9ff9fa0-91db-434f-a5d9-3059e68b84f9 | app.agent.callbacks:<module>:14 - LangFuse callback handler 初始化开始, secret_key: sk-lf-f4adb079-3ae5-479b-9370-d5df67b10814, public_key: pk-lf-1bd25ba2-9bec-4e2c-9635-e4c9f9736d82, base_url: http://localhost:3000
2026-07-02 20:41:41.152 | INFO     | request_id - a524f75f-36f2-4dcc-b90c-d3be263619ef | app.agent.callbacks:<module>:19 - LangFuse callback handler 初始化成功
2026-07-02 20:42:04.683 | INFO     | request_id - d4a8dcee-a792-43a7-9264-6fc9dc0273be | app.agent.callbacks:<module>:16 - LangFuse callback handler 初始化成功
2026-07-02 20:42:22.227 | INFO     | request_id - 07e3be1a-a051-4b06-9e9f-8ee3abdd1562 | app.agent.nodes.extract_keywords:extract_keywords:44 - 关键词提取: ['销量', '2025年我们的销量是多少']
2026-07-02 20:42:23.982 | INFO     | request_id - 07e3be1a-a051-4b06-9e9f-8ee3abdd1562 | app.agent.nodes.metric_recall:metric_recall:44 - 召回指标信息: dict_keys(['GMV'])
2026-07-02 20:42:24.092 | INFO     | request_id - 07e3be1a-a051-4b06-9e9f-8ee3abdd1562 | app.agent.nodes.value_recall:value_recall:40 - 召回字段值: dict_keys([])
2026-07-02 20:42:24.684 | INFO     | request_id - 07e3be1a-a051-4b06-9e9f-8ee3abdd1562 | app.agent.nodes.column_recall:column_recall:46 - 字段信息召回成功: dict_keys(['dim_date.date_id', 'fact_order.date_id', 'fact_order.order_quantity', 'fact_order.order_amount'])
2026-07-02 20:42:24.708 | INFO     | request_id - 07e3be1a-a051-4b06-9e9f-8ee3abdd1562 | app.agent.nodes.merge_retrieved_info:merge_retrieved_info:80 - 召回信息合并成功
2026-07-02 20:42:25.310 | INFO     | request_id - 07e3be1a-a051-4b06-9e9f-8ee3abdd1562 | app.agent.nodes.filter_metric_info:filter_metric_info:29 - 指标筛选结果: ['GMV']
2026-07-02 20:42:25.447 | INFO     | request_id - 07e3be1a-a051-4b06-9e9f-8ee3abdd1562 | app.agent.nodes.filter_table_info:filter_table_info:33 - 表格筛选结果: ['dim_date', 'fact_order']
2026-07-02 20:42:25.455 | INFO     | request_id - 07e3be1a-a051-4b06-9e9f-8ee3abdd1562 | app.agent.nodes.add_context:add_context:23 - 添加上下文信息-date_info:{'date': '2026-07-02', 'weekday': 'Thursday', 'quarter': 'Q3'},db_info:{'dialect': 'mysql', 'version': '8.0.31'}
2026-07-02 20:42:26.266 | INFO     | request_id - 07e3be1a-a051-4b06-9e9f-8ee3abdd1562 | app.agent.nodes.generate_sql:generate_sql:33 - 生成SQL: SELECT SUM(f.order_quantity) AS total_sales
FROM fact_order f
JOIN dim_date d ON f.date_id = d.date_id
WHERE d.date_id BETWEEN 20250101 AND 20251231;
2026-07-02 20:42:26.269 | INFO     | request_id - 07e3be1a-a051-4b06-9e9f-8ee3abdd1562 | app.agent.nodes.validate_sql:validate_sql:17 - SQL校验通过
2026-07-02 20:42:26.274 | INFO     | request_id - 07e3be1a-a051-4b06-9e9f-8ee3abdd1562 | app.agent.nodes.execute_sql:execute_sql:18 - SQL执行结果: [{'total_sales': Decimal('622')}]
2026-07-02 20:44:50.469 | ERROR    | request_id - eda4b81a-2317-4fae-b5cf-0816ea0618b0 | app.agent.callbacks:<module>:18 - LangFuse callback handler 初始化失败: unable to infer type for attribute "description"
2026-07-02 20:45:02.120 | ERROR    | request_id - aaee9c79-eb10-47c3-a4cc-73811c69a34d | app.agent.callbacks:<module>:18 - LangFuse callback handler 初始化失败: unable to infer type for attribute "description"
2026-07-02 20:45:11.426 | ERROR    | request_id - c4df97bd-a1f9-4139-98d0-bd45153f495f | app.agent.callbacks:<module>:18 - LangFuse callback handler 初始化失败: unable to infer type for attribute "description"
2026-07-02 20:46:52.278 | ERROR    | request_id - d44fc363-fe3c-45cc-ad8e-0bcddb78da55 | app.agent.callbacks:<module>:17 - LangFuse callback handler 初始化失败: unable to infer type for attribute "description"
2026-07-02 21:20:13.207 | INFO     | request_id - 911aa915-c741-4800-b576-d9c79f4496c9 | app.agent.callbacks:<module>:17 - LangFuse callback handler 初始化成功
2026-07-02 21:20:44.527 | INFO     | request_id - 314b9932-0d84-42c2-8ff3-7c3fd5c834a0 | app.agent.nodes.classify_intent:classify_intent:60 - 规则分类结果: greeting, query: 你好
2026-07-02 21:20:52.575 | INFO     | request_id - ee52f889-87bb-4fc9-bc34-3e7dfe0405a8 | app.agent.nodes.classify_intent:classify_intent:60 - 规则分类结果: greeting, query: 你好
2026-07-02 21:22:09.644 | INFO     | request_id - a6e553ea-5dea-442b-9239-ab649be39e56 | app.agent.nodes.classify_intent:classify_intent:60 - 规则分类结果: greeting, query: 你好
2026-07-02 21:22:45.195 | INFO     | request_id - a51cc988-f379-4ca9-8e83-61386edd1bf3 | app.agent.nodes.classify_intent:classify_intent:75 - LLM分类结果: data_query, query: 去年销量多少
2026-07-02 21:22:46.252 | INFO     | request_id - a51cc988-f379-4ca9-8e83-61386edd1bf3 | app.agent.nodes.extract_keywords:extract_keywords:44 - 关键词提取: ['去年销量多少', '销量']
2026-07-02 21:22:47.009 | ERROR    | request_id - a51cc988-f379-4ca9-8e83-61386edd1bf3 | app.agent.nodes.metric_recall:metric_recall:47 - 召回指标信息失败: [WinError 10053] 你的主机中的软件中止了一个已建立的连接。
2026-07-02 21:24:06.574 | INFO     | request_id - 48bdce9f-7da8-46e9-bfa4-e1ca90c45479 | app.agent.nodes.classify_intent:classify_intent:75 - LLM分类结果: data_query, query: 去年销量多少
2026-07-02 21:24:06.577 | INFO     | request_id - 48bdce9f-7da8-46e9-bfa4-e1ca90c45479 | app.agent.nodes.extract_keywords:extract_keywords:44 - 关键词提取: ['去年销量多少', '销量']
2026-07-02 21:24:08.072 | INFO     | request_id - 48bdce9f-7da8-46e9-bfa4-e1ca90c45479 | app.agent.nodes.metric_recall:metric_recall:44 - 召回指标信息: dict_keys(['GMV', 'AOV'])
2026-07-02 21:24:08.192 | INFO     | request_id - 48bdce9f-7da8-46e9-bfa4-e1ca90c45479 | app.agent.nodes.value_recall:value_recall:40 - 召回字段值: dict_keys([])
2026-07-02 21:24:08.544 | INFO     | request_id - 48bdce9f-7da8-46e9-bfa4-e1ca90c45479 | app.agent.nodes.column_recall:column_recall:46 - 字段信息召回成功: dict_keys(['fact_order.order_quantity', 'fact_order.order_amount', 'dim_date.date_id', 'fact_order.date_id'])
2026-07-02 21:24:08.861 | INFO     | request_id - 48bdce9f-7da8-46e9-bfa4-e1ca90c45479 | app.agent.nodes.merge_retrieved_info:merge_retrieved_info:80 - 召回信息合并成功
2026-07-02 21:24:09.780 | INFO     | request_id - 48bdce9f-7da8-46e9-bfa4-e1ca90c45479 | app.agent.nodes.filter_metric_info:filter_metric_info:29 - 指标筛选结果: ['GMV']
2026-07-02 21:24:09.903 | INFO     | request_id - 48bdce9f-7da8-46e9-bfa4-e1ca90c45479 | app.agent.nodes.filter_table_info:filter_table_info:33 - 表格筛选结果: ['fact_order', 'dim_date']
2026-07-02 21:24:09.915 | INFO     | request_id - 48bdce9f-7da8-46e9-bfa4-e1ca90c45479 | app.agent.nodes.add_context:add_context:23 - 添加上下文信息-date_info:{'date': '2026-07-02', 'weekday': 'Thursday', 'quarter': 'Q3'},db_info:{'dialect': 'mysql', 'version': '8.0.31'}
2026-07-02 21:24:10.932 | INFO     | request_id - 48bdce9f-7da8-46e9-bfa4-e1ca90c45479 | app.agent.nodes.generate_sql:generate_sql:33 - 生成SQL: SELECT SUM(f.order_quantity) AS 去年总销量
FROM fact_order f
JOIN dim_date d ON f.date_id = d.date_id
WHERE d.date_id BETWEEN 20250101 AND 20251231
2026-07-02 21:24:10.957 | INFO     | request_id - 48bdce9f-7da8-46e9-bfa4-e1ca90c45479 | app.agent.nodes.validate_sql:validate_sql:17 - SQL校验通过
2026-07-02 21:24:10.970 | INFO     | request_id - 48bdce9f-7da8-46e9-bfa4-e1ca90c45479 | app.agent.nodes.execute_sql:execute_sql:18 - SQL执行结果: [{'去年总销量': Decimal('622')}]
2026-07-02 21:27:47.123 | INFO     | request_id - 9ad08fe1-767f-460a-bac0-a7c874a95938 | app.agent.nodes.classify_intent:classify_intent:60 - 规则分类结果: greeting, query: 你好
2026-07-02 21:30:27.218 | ERROR    | request_id - e5d84182-a7dc-45a1-9059-89f1a49a3cf2 | app.agent.callbacks:<module>:19 - LangFuse callback handler 初始化失败: No module named 'langfuse.langchain'
2026-07-02 21:30:34.695 | ERROR    | request_id - 83fb0c2c-3a43-48a8-a82e-fd019c1f3234 | app.agent.callbacks:<module>:19 - LangFuse callback handler 初始化失败: No module named 'langfuse.langchain'
2026-07-02 21:36:28.433 | INFO     | request_id - f2116925-9d5d-4ebb-a02f-13e48bbb6f68 | app.agent.callbacks:<module>:17 - LangFuse callback handler 初始化成功
2026-07-02 21:36:38.750 | INFO     | request_id - 508cfec6-2de0-4f37-8d4d-b3d19736ce7e | app.agent.nodes.classify_intent:classify_intent:60 - 规则分类结果: greeting, query: 你好
2026-07-02 21:38:38.526 | INFO     | request_id - 4bcc9598-e478-418c-8f0c-4ef1f14dbdb7 | app.agent.nodes.classify_intent:classify_intent:75 - LLM分类结果: data_query, query: 去年销量多少
2026-07-02 21:38:39.127 | INFO     | request_id - 4bcc9598-e478-418c-8f0c-4ef1f14dbdb7 | app.agent.nodes.extract_keywords:extract_keywords:44 - 关键词提取: ['去年销量多少', '销量']
2026-07-02 21:38:41.148 | INFO     | request_id - 4bcc9598-e478-418c-8f0c-4ef1f14dbdb7 | app.agent.nodes.value_recall:value_recall:40 - 召回字段值: dict_keys([])
2026-07-02 21:38:41.618 | INFO     | request_id - 4bcc9598-e478-418c-8f0c-4ef1f14dbdb7 | app.agent.nodes.column_recall:column_recall:46 - 字段信息召回成功: dict_keys(['fact_order.order_quantity', 'fact_order.order_amount', 'dim_date.date_id', 'fact_order.date_id'])
2026-07-02 21:38:41.806 | INFO     | request_id - 4bcc9598-e478-418c-8f0c-4ef1f14dbdb7 | app.agent.nodes.metric_recall:metric_recall:44 - 召回指标信息: dict_keys(['GMV', 'AOV'])
2026-07-02 21:38:41.836 | INFO     | request_id - 4bcc9598-e478-418c-8f0c-4ef1f14dbdb7 | app.agent.nodes.merge_retrieved_info:merge_retrieved_info:80 - 召回信息合并成功
2026-07-02 21:38:42.530 | INFO     | request_id - 4bcc9598-e478-418c-8f0c-4ef1f14dbdb7 | app.agent.nodes.filter_metric_info:filter_metric_info:29 - 指标筛选结果: ['GMV']
2026-07-02 21:38:42.711 | INFO     | request_id - 4bcc9598-e478-418c-8f0c-4ef1f14dbdb7 | app.agent.nodes.filter_table_info:filter_table_info:33 - 表格筛选结果: ['fact_order', 'dim_date']
2026-07-02 21:38:42.721 | INFO     | request_id - 4bcc9598-e478-418c-8f0c-4ef1f14dbdb7 | app.agent.nodes.add_context:add_context:23 - 添加上下文信息-date_info:{'date': '2026-07-02', 'weekday': 'Thursday', 'quarter': 'Q3'},db_info:{'dialect': 'mysql', 'version': '8.0.31'}
2026-07-02 21:38:43.486 | INFO     | request_id - 4bcc9598-e478-418c-8f0c-4ef1f14dbdb7 | app.agent.nodes.generate_sql:generate_sql:33 - 生成SQL: SELECT SUM(f.order_quantity) AS 去年总销量
FROM fact_order f
JOIN dim_date d ON f.date_id = d.date_id
WHERE d.date_id BETWEEN 20250101 AND 20251231;
2026-07-02 21:38:43.490 | INFO     | request_id - 4bcc9598-e478-418c-8f0c-4ef1f14dbdb7 | app.agent.nodes.validate_sql:validate_sql:17 - SQL校验通过
2026-07-02 21:38:43.495 | INFO     | request_id - 4bcc9598-e478-418c-8f0c-4ef1f14dbdb7 | app.agent.nodes.execute_sql:execute_sql:18 - SQL执行结果: [{'去年总销量': Decimal('622')}]
2026-07-02 21:43:47.962 | INFO     | request_id - ed6201ba-e5c6-4e50-92b1-3c48cddfd355 | app.agent.callbacks:<module>:17 - LangFuse callback handler 初始化成功
2026-07-02 21:43:58.601 | INFO     | request_id - 12d1df21-078a-45f2-93dd-8cf3f708bf83 | app.agent.callbacks:<module>:17 - LangFuse callback handler 初始化成功
2026-07-02 21:44:10.906 | INFO     | request_id - 1d6524ec-488d-437e-9a7c-2c25e6023094 | app.agent.nodes.classify_intent:classify_intent:60 - 规则分类结果: greeting, query: 你好
2026-07-02 21:44:28.369 | INFO     | request_id - 74ec4c2e-c681-4ad5-bb4f-038d3208b473 | app.agent.nodes.classify_intent:classify_intent:75 - LLM分类结果: data_query, query: 去年销量
2026-07-02 21:44:29.051 | INFO     | request_id - 74ec4c2e-c681-4ad5-bb4f-038d3208b473 | app.agent.nodes.extract_keywords:extract_keywords:44 - 关键词提取: ['销量', '去年销量']
2026-07-02 21:44:30.522 | INFO     | request_id - 74ec4c2e-c681-4ad5-bb4f-038d3208b473 | app.agent.nodes.metric_recall:metric_recall:44 - 召回指标信息: dict_keys(['GMV'])
2026-07-02 21:44:30.573 | INFO     | request_id - 74ec4c2e-c681-4ad5-bb4f-038d3208b473 | app.agent.nodes.value_recall:value_recall:40 - 召回字段值: dict_keys([])
2026-07-02 21:44:30.812 | INFO     | request_id - 74ec4c2e-c681-4ad5-bb4f-038d3208b473 | app.agent.nodes.column_recall:column_recall:46 - 字段信息召回成功: dict_keys(['fact_order.order_quantity', 'fact_order.order_amount', 'dim_date.date_id', 'fact_order.date_id'])
2026-07-02 21:44:30.830 | INFO     | request_id - 74ec4c2e-c681-4ad5-bb4f-038d3208b473 | app.agent.nodes.merge_retrieved_info:merge_retrieved_info:80 - 召回信息合并成功
2026-07-02 21:44:31.682 | INFO     | request_id - 74ec4c2e-c681-4ad5-bb4f-038d3208b473 | app.agent.nodes.filter_metric_info:filter_metric_info:29 - 指标筛选结果: ['GMV']
2026-07-02 21:44:31.809 | INFO     | request_id - 74ec4c2e-c681-4ad5-bb4f-038d3208b473 | app.agent.nodes.filter_table_info:filter_table_info:33 - 表格筛选结果: ['fact_order', 'dim_date']
2026-07-02 21:44:31.818 | INFO     | request_id - 74ec4c2e-c681-4ad5-bb4f-038d3208b473 | app.agent.nodes.add_context:add_context:23 - 添加上下文信息-date_info:{'date': '2026-07-02', 'weekday': 'Thursday', 'quarter': 'Q3'},db_info:{'dialect': 'mysql', 'version': '8.0.31'}
2026-07-02 21:44:32.886 | INFO     | request_id - 74ec4c2e-c681-4ad5-bb4f-038d3208b473 | app.agent.nodes.generate_sql:generate_sql:33 - 生成SQL: SELECT SUM(f.order_quantity) AS 去年销量
FROM fact_order f
JOIN dim_date d ON f.date_id = d.date_id
WHERE d.date_id BETWEEN 20250101 AND 20251231;
2026-07-02 21:44:32.890 | INFO     | request_id - 74ec4c2e-c681-4ad5-bb4f-038d3208b473 | app.agent.nodes.validate_sql:validate_sql:17 - SQL校验通过
2026-07-02 21:44:32.894 | INFO     | request_id - 74ec4c2e-c681-4ad5-bb4f-038d3208b473 | app.agent.nodes.execute_sql:execute_sql:18 - SQL执行结果: [{'去年销量': Decimal('622')}]
2026-07-02 21:48:01.686 | INFO     | request_id - 615aaeb6-d561-4fc7-884c-a07aca6cee19 | app.agent.callbacks:<module>:15 - LangFuse callback handler 初始化成功
2026-07-02 21:48:29.411 | INFO     | request_id - 7902b484-af3a-4779-a0dd-f8e116f3393d | app.agent.nodes.classify_intent:classify_intent:60 - 规则分类结果: greeting, query: 你好
2026-07-02 21:48:35.482 | INFO     | request_id - c4013d28-8137-43df-8fbd-26e2f540bd57 | app.agent.nodes.classify_intent:classify_intent:75 - LLM分类结果: data_query, query: 去年的销量
2026-07-02 21:48:36.213 | INFO     | request_id - c4013d28-8137-43df-8fbd-26e2f540bd57 | app.agent.nodes.extract_keywords:extract_keywords:44 - 关键词提取: ['销量', '去年的销量']
2026-07-02 21:48:37.663 | INFO     | request_id - c4013d28-8137-43df-8fbd-26e2f540bd57 | app.agent.nodes.metric_recall:metric_recall:44 - 召回指标信息: dict_keys(['GMV', 'AOV'])
2026-07-02 21:48:37.986 | INFO     | request_id - c4013d28-8137-43df-8fbd-26e2f540bd57 | app.agent.nodes.value_recall:value_recall:40 - 召回字段值: dict_keys([])
2026-07-02 21:48:38.171 | INFO     | request_id - c4013d28-8137-43df-8fbd-26e2f540bd57 | app.agent.nodes.column_recall:column_recall:46 - 字段信息召回成功: dict_keys(['fact_order.order_quantity', 'fact_order.order_amount', 'dim_date.date_id', 'fact_order.date_id'])
2026-07-02 21:48:38.192 | INFO     | request_id - c4013d28-8137-43df-8fbd-26e2f540bd57 | app.agent.nodes.merge_retrieved_info:merge_retrieved_info:80 - 召回信息合并成功
2026-07-02 21:48:38.882 | INFO     | request_id - c4013d28-8137-43df-8fbd-26e2f540bd57 | app.agent.nodes.filter_metric_info:filter_metric_info:29 - 指标筛选结果: ['GMV']
2026-07-02 21:48:39.040 | INFO     | request_id - c4013d28-8137-43df-8fbd-26e2f540bd57 | app.agent.nodes.filter_table_info:filter_table_info:33 - 表格筛选结果: ['fact_order', 'dim_date']
2026-07-02 21:48:39.046 | INFO     | request_id - c4013d28-8137-43df-8fbd-26e2f540bd57 | app.agent.nodes.add_context:add_context:23 - 添加上下文信息-date_info:{'date': '2026-07-02', 'weekday': 'Thursday', 'quarter': 'Q3'},db_info:{'dialect': 'mysql', 'version': '8.0.31'}
2026-07-02 21:48:39.955 | INFO     | request_id - c4013d28-8137-43df-8fbd-26e2f540bd57 | app.agent.nodes.generate_sql:generate_sql:33 - 生成SQL: SELECT SUM(f.order_quantity) AS 去年销量
FROM fact_order f
JOIN dim_date d ON f.date_id = d.date_id
WHERE d.date_id BETWEEN 20250101 AND 20251231;
2026-07-02 21:48:39.960 | INFO     | request_id - c4013d28-8137-43df-8fbd-26e2f540bd57 | app.agent.nodes.validate_sql:validate_sql:17 - SQL校验通过
2026-07-02 21:48:39.963 | INFO     | request_id - c4013d28-8137-43df-8fbd-26e2f540bd57 | app.agent.nodes.execute_sql:execute_sql:18 - SQL执行结果: [{'去年销量': Decimal('622')}]
2026-07-02 21:50:27.201 | INFO     | request_id - fac0e6f6-558f-4b71-9489-0ad3a9a6ce37 | app.agent.nodes.classify_intent:classify_intent:60 - 规则分类结果: greeting, query: 你好
2026-07-02 21:54:20.531 | INFO     | request_id - 4f4083bb-ab87-425f-814d-20b91f974d70 | app.agent.nodes.classify_intent:classify_intent:75 - LLM分类结果: out_of_domain, query: 今天天气怎么样
2026-07-02 21:54:34.952 | INFO     | request_id - 4e260c34-9bf2-4398-a0eb-62d28e652315 | app.agent.nodes.classify_intent:classify_intent:75 - LLM分类结果: data_query, query: 查询上个月的销售额
2026-07-02 21:54:34.955 | INFO     | request_id - 4e260c34-9bf2-4398-a0eb-62d28e652315 | app.agent.nodes.extract_keywords:extract_keywords:44 - 关键词提取: ['销售额', '查询', '查询上个月的销售额']
2026-07-02 21:54:36.588 | INFO     | request_id - 4e260c34-9bf2-4398-a0eb-62d28e652315 | app.agent.nodes.value_recall:value_recall:40 - 召回字段值: dict_keys([])
2026-07-02 21:54:37.009 | INFO     | request_id - 4e260c34-9bf2-4398-a0eb-62d28e652315 | app.agent.nodes.column_recall:column_recall:46 - 字段信息召回成功: dict_keys(['fact_order.order_amount', 'fact_order.order_quantity', 'dim_date.month'])
2026-07-02 21:54:37.090 | INFO     | request_id - 4e260c34-9bf2-4398-a0eb-62d28e652315 | app.agent.nodes.metric_recall:metric_recall:44 - 召回指标信息: dict_keys(['GMV', 'AOV'])
2026-07-02 21:54:37.104 | INFO     | request_id - 4e260c34-9bf2-4398-a0eb-62d28e652315 | app.agent.nodes.merge_retrieved_info:merge_retrieved_info:80 - 召回信息合并成功
2026-07-02 21:54:37.851 | INFO     | request_id - 4e260c34-9bf2-4398-a0eb-62d28e652315 | app.agent.nodes.filter_metric_info:filter_metric_info:29 - 指标筛选结果: ['GMV']
2026-07-02 21:54:37.954 | INFO     | request_id - 4e260c34-9bf2-4398-a0eb-62d28e652315 | app.agent.nodes.filter_table_info:filter_table_info:33 - 表格筛选结果: ['fact_order', 'dim_date']
2026-07-02 21:54:37.957 | INFO     | request_id - 4e260c34-9bf2-4398-a0eb-62d28e652315 | app.agent.nodes.add_context:add_context:23 - 添加上下文信息-date_info:{'date': '2026-07-02', 'weekday': 'Thursday', 'quarter': 'Q3'},db_info:{'dialect': 'mysql', 'version': '8.0.31'}
2026-07-02 21:54:39.627 | INFO     | request_id - 4e260c34-9bf2-4398-a0eb-62d28e652315 | app.agent.nodes.generate_sql:generate_sql:33 - 生成SQL: SELECT SUM(f.order_amount) AS GMV FROM fact_order f JOIN dim_date d ON f.date_id = d.date_id WHERE d.month = MONTH(DATE_SUB(CURDATE(), INTERVAL 1 MONTH)) AND YEAR(d.date_id) = YEAR(DATE_SUB(CURDATE(), INTERVAL 1 MONTH))
2026-07-02 21:54:39.638 | INFO     | request_id - 4e260c34-9bf2-4398-a0eb-62d28e652315 | app.agent.nodes.validate_sql:validate_sql:17 - SQL校验通过
2026-07-02 21:54:39.648 | INFO     | request_id - 4e260c34-9bf2-4398-a0eb-62d28e652315 | app.agent.nodes.execute_sql:execute_sql:18 - SQL执行结果: [{'GMV': None}]
2026-07-02 22:03:39.067 | INFO     | request_id - e517ac8d-59c0-4ff8-935c-f8903bb80e92 | app.agent.callbacks:<module>:15 - LangFuse callback handler 初始化成功
2026-07-02 22:03:51.818 | INFO     | request_id - 7eb95cdb-93c2-4890-966c-07030c63ea9f | app.agent.callbacks:<module>:15 - LangFuse callback handler 初始化成功
2026-07-02 22:04:01.427 | INFO     | request_id - 99bc6d15-f562-412f-b460-c0a977c7c4b6 | app.agent.callbacks:<module>:15 - LangFuse callback handler 初始化成功
2026-07-02 22:04:51.633 | INFO     | request_id - ee8b260e-c623-44d0-8aee-8f7ee73d8e3d | app.agent.nodes.classify_intent:classify_intent:75 - LLM分类结果: data_query, query: 每个种类最好销量的商品
2026-07-02 22:04:52.249 | INFO     | request_id - ee8b260e-c623-44d0-8aee-8f7ee73d8e3d | app.agent.nodes.extract_keywords:extract_keywords:44 - 关键词提取: ['销量', '种类', '商品', '最好', '每个种类最好销量的商品']
2026-07-02 22:04:54.076 | INFO     | request_id - ee8b260e-c623-44d0-8aee-8f7ee73d8e3d | app.agent.nodes.value_recall:value_recall:40 - 召回字段值: dict_keys([])
2026-07-02 22:04:55.179 | INFO     | request_id - ee8b260e-c623-44d0-8aee-8f7ee73d8e3d | app.agent.nodes.column_recall:column_recall:46 - 字段信息召回成功: dict_keys(['fact_order.order_quantity', 'fact_order.order_amount', 'dim_product.category', 'dim_product.product_name'])
2026-07-02 22:04:55.376 | INFO     | request_id - ee8b260e-c623-44d0-8aee-8f7ee73d8e3d | app.agent.nodes.metric_recall:metric_recall:44 - 召回指标信息: dict_keys(['GMV'])
2026-07-02 22:04:55.414 | INFO     | request_id - ee8b260e-c623-44d0-8aee-8f7ee73d8e3d | app.agent.nodes.merge_retrieved_info:merge_retrieved_info:80 - 召回信息合并成功
2026-07-02 22:04:56.011 | INFO     | request_id - ee8b260e-c623-44d0-8aee-8f7ee73d8e3d | app.agent.nodes.filter_metric_info:filter_metric_info:29 - 指标筛选结果: ['GMV']
2026-07-02 22:04:56.507 | INFO     | request_id - ee8b260e-c623-44d0-8aee-8f7ee73d8e3d | app.agent.nodes.filter_table_info:filter_table_info:33 - 表格筛选结果: ['fact_order', 'dim_product']
2026-07-02 22:04:56.516 | INFO     | request_id - ee8b260e-c623-44d0-8aee-8f7ee73d8e3d | app.agent.nodes.add_context:add_context:23 - 添加上下文信息-date_info:{'date': '2026-07-02', 'weekday': 'Thursday', 'quarter': 'Q3'},db_info:{'dialect': 'mysql', 'version': '8.0.31'}
2026-07-02 22:04:58.723 | INFO     | request_id - ee8b260e-c623-44d0-8aee-8f7ee73d8e3d | app.agent.nodes.generate_sql:generate_sql:33 - 生成SQL: SELECT dp.category, dp.product_id, SUM(fo.order_quantity) AS total_sales
FROM fact_order fo
JOIN dim_product dp ON fo.product_id = dp.product_id
GROUP BY dp.category, dp.product_id
HAVING SUM(fo.order_quantity) = (
    SELECT MAX(total_sales_per_product)
    FROM (
        SELECT dp2.category, dp2.product_id, SUM(fo2.order_quantity) AS total_sales_per_product
        FROM fact_order fo2
        JOIN dim_product dp2 ON fo2.product_id = dp2.product_id
        GROUP BY dp2.category, dp2.product_id
    ) AS sub
    WHERE sub.category = dp.category
)
ORDER BY dp.category;
2026-07-02 22:04:58.764 | INFO     | request_id - ee8b260e-c623-44d0-8aee-8f7ee73d8e3d | app.agent.nodes.validate_sql:validate_sql:17 - SQL校验通过
2026-07-02 22:04:58.783 | INFO     | request_id - ee8b260e-c623-44d0-8aee-8f7ee73d8e3d | app.agent.nodes.execute_sql:execute_sql:18 - SQL执行结果: [{'category': '休闲零食', 'product_id': 'P013', 'total_sales': Decimal('167')}, {'category': '家用电器', 'product_id': 'P005', 'total_sales': Decimal('7')}, {'category': '手机数码', 'product_id': 'P001', 'total_sales': Decimal('8')}, {'category': '手机数码', 'product_id': 'P003', 'total_sales': Decimal('8')}, {'category': '服饰', 'product_id': 'P008', 'total_sales': Decimal('10')}, {'category': '鞋靴', 'product_id': 'P006', 'total_sales': Decimal('6')}, {'category': '鞋靴', 'product_id': 'P007', 'total_sales': Decimal('6')}, {'category': '食品饮料', 'product_id': 'P011', 'total_sales': Decimal('183')}]
2026-07-02 22:09:41.479 | INFO     | request_id - a9af518b-33a9-4ed7-8d27-1f470f96e263 | app.agent.callbacks:<module>:15 - LangFuse callback handler 初始化成功
2026-07-02 22:11:42.307 | INFO     | request_id - a2ea29b6-3f9c-4d8c-9703-5304eca96676 | app.agent.nodes.classify_intent:classify_intent:75 - LLM分类结果: data_query, query: 每个品类销量最好的商品和它的销量
2026-07-02 22:11:42.965 | INFO     | request_id - a2ea29b6-3f9c-4d8c-9703-5304eca96676 | app.agent.nodes.extract_keywords:extract_keywords:44 - 关键词提取: ['最好', '每个品类销量最好的商品和它的销量', '商品', '销量', '品类']
2026-07-02 22:11:44.829 | INFO     | request_id - a2ea29b6-3f9c-4d8c-9703-5304eca96676 | app.agent.nodes.value_recall:value_recall:40 - 召回字段值: dict_keys([])
2026-07-02 22:11:44.974 | INFO     | request_id - a2ea29b6-3f9c-4d8c-9703-5304eca96676 | app.agent.nodes.metric_recall:metric_recall:44 - 召回指标信息: dict_keys(['GMV'])
2026-07-02 22:11:45.364 | INFO     | request_id - a2ea29b6-3f9c-4d8c-9703-5304eca96676 | app.agent.nodes.column_recall:column_recall:46 - 字段信息召回成功: dict_keys(['dim_product.category', 'fact_order.order_quantity', 'dim_product.product_name', 'fact_order.order_amount'])
2026-07-02 22:11:45.384 | INFO     | request_id - a2ea29b6-3f9c-4d8c-9703-5304eca96676 | app.agent.nodes.merge_retrieved_info:merge_retrieved_info:80 - 召回信息合并成功
2026-07-02 22:11:46.050 | INFO     | request_id - a2ea29b6-3f9c-4d8c-9703-5304eca96676 | app.agent.nodes.filter_metric_info:filter_metric_info:29 - 指标筛选结果: []
2026-07-02 22:11:46.337 | INFO     | request_id - a2ea29b6-3f9c-4d8c-9703-5304eca96676 | app.agent.nodes.filter_table_info:filter_table_info:33 - 表格筛选结果: ['dim_product', 'fact_order']
2026-07-02 22:11:46.347 | INFO     | request_id - a2ea29b6-3f9c-4d8c-9703-5304eca96676 | app.agent.nodes.add_context:add_context:23 - 添加上下文信息-date_info:{'date': '2026-07-02', 'weekday': 'Thursday', 'quarter': 'Q3'},db_info:{'dialect': 'mysql', 'version': '8.0.31'}
2026-07-02 22:11:48.110 | INFO     | request_id - a2ea29b6-3f9c-4d8c-9703-5304eca96676 | app.agent.nodes.generate_sql:generate_sql:33 - 生成SQL: SELECT 
    dp.category,
    dp.product_name,
    SUM(fo.order_quantity) AS total_sales
FROM fact_order fo
JOIN dim_product dp ON fo.product_id = dp.product_id
GROUP BY dp.category, dp.product_name
HAVING SUM(fo.order_quantity) = (
    SELECT MAX(total)
    FROM (
        SELECT 
            dp2.category,
            dp2.product_name,
            SUM(fo2.order_quantity) AS total
        FROM fact_order fo2
        JOIN dim_product dp2 ON fo2.product_id = dp2.product_id
        GROUP BY dp2.category, dp2.product_name
    ) AS sub
    WHERE sub.category = dp.category
)
ORDER BY dp.category
2026-07-02 22:11:48.120 | INFO     | request_id - a2ea29b6-3f9c-4d8c-9703-5304eca96676 | app.agent.nodes.validate_sql:validate_sql:17 - SQL校验通过
2026-07-02 22:11:48.128 | INFO     | request_id - a2ea29b6-3f9c-4d8c-9703-5304eca96676 | app.agent.nodes.execute_sql:execute_sql:18 - SQL执行结果: [{'category': '休闲零食', 'product_name': '奥利奥巧克力夹心饼干', 'total_sales': Decimal('167')}, {'category': '家用电器', 'product_name': '美的空调 KFR-35GW', 'total_sales': Decimal('7')}, {'category': '手机数码', 'product_name': 'iPhone 15 Pro', 'total_sales': Decimal('8')}, {'category': '手机数码', 'product_name': 'Mate 60 Pro', 'total_sales': Decimal('8')}, {'category': '服饰', 'product_name': '优衣库 Heattech 保暖夹克', 'total_sales': Decimal('10')}, {'category': '鞋靴', 'product_name': '耐克 Air Max 270 运动鞋', 'total_sales': Decimal('6')}, {'category': '鞋靴', 'product_name': '阿迪达斯 Ultraboost 跑鞋', 'total_sales': Decimal('6')}, {'category': '食品饮料', 'product_name': '蒙牛纯牛奶 250ml*12', 'total_sales': Decimal('183')}]
2026-07-02 22:15:49.741 | INFO     | request_id - dfbef8a8-32d8-442d-91ed-a4da57f0093e | app.agent.callbacks:<module>:15 - LangFuse callback handler 初始化成功
2026-07-02 22:16:37.179 | INFO     | request_id - f5dcfbca-3c4a-4939-821b-70c3c5ca3f82 | app.agent.nodes.classify_intent:classify_intent:75 - LLM分类结果: data_query, query: 每个品类最高销量的商品和售价和销量
2026-07-02 22:16:37.839 | INFO     | request_id - f5dcfbca-3c4a-4939-821b-70c3c5ca3f82 | app.agent.nodes.extract_keywords:extract_keywords:44 - 关键词提取: ['每个品类最高销量的商品和售价和销量', '售价', '商品', '品类', '销量', '最高']
2026-07-02 22:16:39.846 | INFO     | request_id - f5dcfbca-3c4a-4939-821b-70c3c5ca3f82 | app.agent.nodes.value_recall:value_recall:40 - 召回字段值: dict_keys([])
2026-07-02 22:16:39.968 | INFO     | request_id - f5dcfbca-3c4a-4939-821b-70c3c5ca3f82 | app.agent.nodes.metric_recall:metric_recall:44 - 召回指标信息: dict_keys(['AOV', 'GMV'])
2026-07-02 22:16:40.340 | INFO     | request_id - f5dcfbca-3c4a-4939-821b-70c3c5ca3f82 | app.agent.nodes.column_recall:column_recall:46 - 字段信息召回成功: dict_keys(['dim_product.category', 'fact_order.order_amount', 'fact_order.order_quantity', 'dim_product.product_name'])
2026-07-02 22:16:40.361 | INFO     | request_id - f5dcfbca-3c4a-4939-821b-70c3c5ca3f82 | app.agent.nodes.merge_retrieved_info:merge_retrieved_info:80 - 召回信息合并成功
2026-07-02 22:16:41.057 | INFO     | request_id - f5dcfbca-3c4a-4939-821b-70c3c5ca3f82 | app.agent.nodes.filter_metric_info:filter_metric_info:29 - 指标筛选结果: ['GMV']
2026-07-02 22:16:41.084 | INFO     | request_id - f5dcfbca-3c4a-4939-821b-70c3c5ca3f82 | app.agent.nodes.filter_table_info:filter_table_info:33 - 表格筛选结果: ['dim_product', 'fact_order']
2026-07-02 22:16:41.095 | INFO     | request_id - f5dcfbca-3c4a-4939-821b-70c3c5ca3f82 | app.agent.nodes.add_context:add_context:23 - 添加上下文信息-date_info:{'date': '2026-07-02', 'weekday': 'Thursday', 'quarter': 'Q3'},db_info:{'dialect': 'mysql', 'version': '8.0.31'}
2026-07-02 22:16:42.601 | INFO     | request_id - f5dcfbca-3c4a-4939-821b-70c3c5ca3f82 | app.agent.nodes.generate_sql:generate_sql:33 - 生成SQL: SELECT 
    dp.category,
    dp.product_name,
    fo.order_amount AS 售价,
    fo.order_quantity AS 销量
FROM (
    SELECT 
        dp.category,
        dp.product_id,
        dp.product_name,
        fo.order_amount,
        fo.order_quantity,
        ROW_NUMBER() OVER (PARTITION BY dp.category ORDER BY fo.order_quantity DESC) AS rn
    FROM dim_product dp
    JOIN fact_order fo ON dp.product_id = fo.product_id
) t
JOIN dim_product dp ON t.product_id = dp.product_id
WHERE t.rn = 1
2026-07-02 22:16:42.610 | ERROR    | request_id - f5dcfbca-3c4a-4939-821b-70c3c5ca3f82 | app.agent.nodes.validate_sql:validate_sql:20 - SQL校验失败: (asyncmy.errors.OperationalError) (1054, "Unknown column 'fo.order_amount' in 'field list'")
[SQL: explain SELECT 
    dp.category,
    dp.product_name,
    fo.order_amount AS 售价,
    fo.order_quantity AS 销量
FROM (
    SELECT 
        dp.category,
        dp.product_id,
        dp.product_name,
        fo.order_amount,
        fo.order_quantity,
        ROW_NUMBER() OVER (PARTITION BY dp.category ORDER BY fo.order_quantity DESC) AS rn
    FROM dim_product dp
    JOIN fact_order fo ON dp.product_id = fo.product_id
) t
JOIN dim_product dp ON t.product_id = dp.product_id
WHERE t.rn = 1]
(Background on this error at: https://sqlalche.me/e/20/e3q8)
2026-07-02 22:16:42.618 | ERROR    | request_id - f5dcfbca-3c4a-4939-821b-70c3c5ca3f82 | app.agent.nodes.execute_sql:execute_sql:21 - SQL执行失败: (asyncmy.errors.OperationalError) (1054, "Unknown column 'fo.order_amount' in 'field list'")
[SQL: SELECT 
    dp.category,
    dp.product_name,
    fo.order_amount AS 售价,
    fo.order_quantity AS 销量
FROM (
    SELECT 
        dp.category,
        dp.product_id,
        dp.product_name,
        fo.order_amount,
        fo.order_quantity,
        ROW_NUMBER() OVER (PARTITION BY dp.category ORDER BY fo.order_quantity DESC) AS rn
    FROM dim_product dp
    JOIN fact_order fo ON dp.product_id = fo.product_id
) t
JOIN dim_product dp ON t.product_id = dp.product_id
WHERE t.rn = 1]
(Background on this error at: https://sqlalche.me/e/20/e3q8)
2026-07-02 22:17:03.337 | INFO     | request_id - b335da4f-f500-4032-8dd8-17ab670df890 | app.agent.nodes.classify_intent:classify_intent:75 - LLM分类结果: data_query, query: 每个品类最高销量的商品和售价
2026-07-02 22:17:03.339 | INFO     | request_id - b335da4f-f500-4032-8dd8-17ab670df890 | app.agent.nodes.extract_keywords:extract_keywords:44 - 关键词提取: ['每个品类最高销量的商品和售价', '售价', '商品', '品类', '销量', '最高']
2026-07-02 22:17:06.143 | INFO     | request_id - b335da4f-f500-4032-8dd8-17ab670df890 | app.agent.nodes.value_recall:value_recall:40 - 召回字段值: dict_keys([])
2026-07-02 22:17:06.168 | INFO     | request_id - b335da4f-f500-4032-8dd8-17ab670df890 | app.agent.nodes.metric_recall:metric_recall:44 - 召回指标信息: dict_keys(['AOV', 'GMV'])
2026-07-02 22:17:06.852 | INFO     | request_id - b335da4f-f500-4032-8dd8-17ab670df890 | app.agent.nodes.column_recall:column_recall:46 - 字段信息召回成功: dict_keys(['dim_product.category', 'fact_order.order_amount', 'fact_order.order_quantity', 'dim_product.product_name'])
2026-07-02 22:17:06.862 | INFO     | request_id - b335da4f-f500-4032-8dd8-17ab670df890 | app.agent.nodes.merge_retrieved_info:merge_retrieved_info:80 - 召回信息合并成功
2026-07-02 22:17:07.454 | INFO     | request_id - b335da4f-f500-4032-8dd8-17ab670df890 | app.agent.nodes.filter_metric_info:filter_metric_info:29 - 指标筛选结果: []
2026-07-02 22:17:07.658 | INFO     | request_id - b335da4f-f500-4032-8dd8-17ab670df890 | app.agent.nodes.filter_table_info:filter_table_info:33 - 表格筛选结果: ['dim_product', 'fact_order']
2026-07-02 22:17:07.665 | INFO     | request_id - b335da4f-f500-4032-8dd8-17ab670df890 | app.agent.nodes.add_context:add_context:23 - 添加上下文信息-date_info:{'date': '2026-07-02', 'weekday': 'Thursday', 'quarter': 'Q3'},db_info:{'dialect': 'mysql', 'version': '8.0.31'}
2026-07-02 22:17:08.718 | INFO     | request_id - b335da4f-f500-4032-8dd8-17ab670df890 | app.agent.nodes.generate_sql:generate_sql:33 - 生成SQL: SELECT 
    dp.category,
    dp.product_name,
    MAX(fo.order_quantity) AS max_sales_quantity
FROM 
    fact_order fo
    INNER JOIN dim_product dp ON fo.product_id = dp.product_id
GROUP BY 
    dp.category, dp.product_name
ORDER BY 
    dp.category, max_sales_quantity DESC
2026-07-02 22:17:08.726 | INFO     | request_id - b335da4f-f500-4032-8dd8-17ab670df890 | app.agent.nodes.validate_sql:validate_sql:17 - SQL校验通过
2026-07-02 22:17:08.735 | INFO     | request_id - b335da4f-f500-4032-8dd8-17ab670df890 | app.agent.nodes.execute_sql:execute_sql:18 - SQL执行结果: [{'category': '休闲零食', 'product_name': '奥利奥巧克力夹心饼干', 'max_sales_quantity': 30}, {'category': '休闲零食', 'product_name': '乐事原味薯片 150g', 'max_sales_quantity': 20}, {'category': '家用电器', 'product_name': '美的空调 KFR-35GW', 'max_sales_quantity': 1}, {'category': '家用电器', 'product_name': '戴森 V15 吸尘器', 'max_sales_quantity': 1}, {'category': '家用电器', 'product_name': 'Instant Pot 多功能电压力锅', 'max_sales_quantity': 1}, {'category': '手机数码', 'product_name': 'iPhone 15 Pro', 'max_sales_quantity': 1}, {'category': '手机数码', 'product_name': 'Mate 60 Pro', 'max_sales_quantity': 1}, {'category': '手机数码', 'product_name': 'Kindle Paperwhite 电子书', 'max_sales_quantity': 1}, {'category': '手机数码', 'product_name': 'Galaxy S24 Ultra', 'max_sales_quantity': 1}, {'category': '服饰', 'product_name': '优衣库 Heattech 保暖夹克', 'max_sales_quantity': 3}, {'category': '服饰', 'product_name': '李维斯 501 牛仔裤', 'max_sales_quantity': 2}, {'category': '鞋靴', 'product_name': '耐克 Air Max 270 运动鞋', 'max_sales_quantity': 1}, {'category': '鞋靴', 'product_name': '阿迪达斯 Ultraboost 跑鞋', 'max_sales_quantity': 1}, {'category': '食品饮料', 'product_name': '蒙牛纯牛奶 250ml*12', 'max_sales_quantity': 30}, {'category': '食品饮料', 'product_name': '雀巢金牌速溶咖啡', 'max_sales_quantity': 10}]
2026-07-02 22:18:31.365 | INFO     | request_id - 7048c7d3-d171-4986-9594-16fc22bff10b | app.agent.nodes.classify_intent:classify_intent:75 - LLM分类结果: data_query, query: 每个品类卖的最多的商品和它的销量
2026-07-02 22:18:31.367 | INFO     | request_id - 7048c7d3-d171-4986-9594-16fc22bff10b | app.agent.nodes.extract_keywords:extract_keywords:44 - 关键词提取: ['最多', '每个品类卖的最多的商品和它的销量', '商品', '品类', '销量']
2026-07-02 22:18:33.153 | INFO     | request_id - 7048c7d3-d171-4986-9594-16fc22bff10b | app.agent.nodes.value_recall:value_recall:40 - 召回字段值: dict_keys([])
2026-07-02 22:18:33.516 | INFO     | request_id - 7048c7d3-d171-4986-9594-16fc22bff10b | app.agent.nodes.metric_recall:metric_recall:44 - 召回指标信息: dict_keys(['GMV'])
2026-07-02 22:18:33.874 | INFO     | request_id - 7048c7d3-d171-4986-9594-16fc22bff10b | app.agent.nodes.column_recall:column_recall:46 - 字段信息召回成功: dict_keys(['dim_product.category', 'fact_order.order_quantity', 'dim_product.product_name', 'fact_order.order_amount'])
2026-07-02 22:18:33.881 | INFO     | request_id - 7048c7d3-d171-4986-9594-16fc22bff10b | app.agent.nodes.merge_retrieved_info:merge_retrieved_info:80 - 召回信息合并成功
2026-07-02 22:18:34.523 | INFO     | request_id - 7048c7d3-d171-4986-9594-16fc22bff10b | app.agent.nodes.filter_metric_info:filter_metric_info:29 - 指标筛选结果: ['GMV']
2026-07-02 22:18:34.626 | INFO     | request_id - 7048c7d3-d171-4986-9594-16fc22bff10b | app.agent.nodes.filter_table_info:filter_table_info:33 - 表格筛选结果: ['dim_product', 'fact_order']
2026-07-02 22:18:34.629 | INFO     | request_id - 7048c7d3-d171-4986-9594-16fc22bff10b | app.agent.nodes.add_context:add_context:23 - 添加上下文信息-date_info:{'date': '2026-07-02', 'weekday': 'Thursday', 'quarter': 'Q3'},db_info:{'dialect': 'mysql', 'version': '8.0.31'}
2026-07-02 22:18:36.071 | INFO     | request_id - 7048c7d3-d171-4986-9594-16fc22bff10b | app.agent.nodes.generate_sql:generate_sql:33 - 生成SQL: SELECT dp.category, dp.product_name, SUM(fo.order_quantity) AS total_sales
FROM dim_product dp
JOIN fact_order fo ON dp.product_id = fo.product_id
GROUP BY dp.category, dp.product_name
HAVING SUM(fo.order_quantity) = (
    SELECT MAX(total) FROM (
        SELECT dp2.category, dp2.product_name, SUM(fo2.order_quantity) AS total
        FROM dim_product dp2
        JOIN fact_order fo2 ON dp2.product_id = fo2.product_id
        GROUP BY dp2.category, dp2.product_name
    ) AS sub
    WHERE sub.category = dp.category
)
ORDER BY dp.category;
2026-07-02 22:18:36.078 | INFO     | request_id - 7048c7d3-d171-4986-9594-16fc22bff10b | app.agent.nodes.validate_sql:validate_sql:17 - SQL校验通过
2026-07-02 22:18:36.086 | INFO     | request_id - 7048c7d3-d171-4986-9594-16fc22bff10b | app.agent.nodes.execute_sql:execute_sql:18 - SQL执行结果: [{'category': '休闲零食', 'product_name': '奥利奥巧克力夹心饼干', 'total_sales': Decimal('167')}, {'category': '家用电器', 'product_name': '美的空调 KFR-35GW', 'total_sales': Decimal('7')}, {'category': '手机数码', 'product_name': 'iPhone 15 Pro', 'total_sales': Decimal('8')}, {'category': '手机数码', 'product_name': 'Mate 60 Pro', 'total_sales': Decimal('8')}, {'category': '服饰', 'product_name': '优衣库 Heattech 保暖夹克', 'total_sales': Decimal('10')}, {'category': '鞋靴', 'product_name': '耐克 Air Max 270 运动鞋', 'total_sales': Decimal('6')}, {'category': '鞋靴', 'product_name': '阿迪达斯 Ultraboost 跑鞋', 'total_sales': Decimal('6')}, {'category': '食品饮料', 'product_name': '蒙牛纯牛奶 250ml*12', 'total_sales': Decimal('183')}]
2026-07-02 22:20:00.821 | INFO     | request_id - bd7f5b28-6dbe-4b8f-852c-6b0c62789857 | app.agent.callbacks:<module>:15 - LangFuse callback handler 初始化成功
2026-07-02 22:20:10.650 | INFO     | request_id - 74268cd3-ae8b-4889-94ca-97fd1975b6cf | app.agent.nodes.classify_intent:classify_intent:75 - LLM分类结果: data_query, query: 每个品类卖的最多的商品和它的销量 和它的售价
2026-07-02 22:20:11.301 | INFO     | request_id - 74268cd3-ae8b-4889-94ca-97fd1975b6cf | app.agent.nodes.extract_keywords:extract_keywords:44 - 关键词提取: ['商品', '销量', '品类', '每个品类卖的最多的商品和它的销量 和它的售价', '售价', '最多']
2026-07-02 22:20:13.605 | INFO     | request_id - 74268cd3-ae8b-4889-94ca-97fd1975b6cf | app.agent.nodes.value_recall:value_recall:40 - 召回字段值: dict_keys([])
2026-07-02 22:20:14.117 | INFO     | request_id - 74268cd3-ae8b-4889-94ca-97fd1975b6cf | app.agent.nodes.metric_recall:metric_recall:44 - 召回指标信息: dict_keys(['AOV', 'GMV'])
2026-07-02 22:20:14.609 | INFO     | request_id - 74268cd3-ae8b-4889-94ca-97fd1975b6cf | app.agent.nodes.column_recall:column_recall:46 - 字段信息召回成功: dict_keys(['dim_product.category', 'dim_product.product_name', 'fact_order.order_quantity', 'fact_order.order_amount'])
2026-07-02 22:20:14.631 | INFO     | request_id - 74268cd3-ae8b-4889-94ca-97fd1975b6cf | app.agent.nodes.merge_retrieved_info:merge_retrieved_info:80 - 召回信息合并成功
2026-07-02 22:20:15.344 | INFO     | request_id - 74268cd3-ae8b-4889-94ca-97fd1975b6cf | app.agent.nodes.filter_metric_info:filter_metric_info:29 - 指标筛选结果: ['GMV']
2026-07-02 22:20:15.491 | INFO     | request_id - 74268cd3-ae8b-4889-94ca-97fd1975b6cf | app.agent.nodes.filter_table_info:filter_table_info:33 - 表格筛选结果: ['dim_product', 'fact_order']
2026-07-02 22:20:15.500 | INFO     | request_id - 74268cd3-ae8b-4889-94ca-97fd1975b6cf | app.agent.nodes.add_context:add_context:23 - 添加上下文信息-date_info:{'date': '2026-07-02', 'weekday': 'Thursday', 'quarter': 'Q3'},db_info:{'dialect': 'mysql', 'version': '8.0.31'}
2026-07-02 22:20:17.257 | INFO     | request_id - 74268cd3-ae8b-4889-94ca-97fd1975b6cf | app.agent.nodes.generate_sql:generate_sql:33 - 生成SQL: SELECT 
    dp.category,
    dp.product_name,
    SUM(fo.order_quantity) AS total_sales,
    MAX(fo.order_amount) AS max_price
FROM dim_product dp
JOIN fact_order fo ON dp.product_id = fo.product_id
GROUP BY dp.category, dp.product_name
HAVING SUM(fo.order_quantity) = (
    SELECT MAX(t.total_qty)
    FROM (
        SELECT 
            dp2.category,
            dp2.product_name,
            SUM(fo2.order_quantity) AS total_qty
        FROM dim_product dp2
        JOIN fact_order fo2 ON dp2.product_id = fo2.product_id
        GROUP BY dp2.category, dp2.product_name
    ) t
    WHERE t.category = dp.category
)
ORDER BY dp.category;
2026-07-02 22:20:17.263 | INFO     | request_id - 74268cd3-ae8b-4889-94ca-97fd1975b6cf | app.agent.nodes.validate_sql:validate_sql:17 - SQL校验通过
2026-07-02 22:20:17.272 | INFO     | request_id - 74268cd3-ae8b-4889-94ca-97fd1975b6cf | app.agent.nodes.execute_sql:execute_sql:18 - SQL执行结果: [{'category': '休闲零食', 'product_name': '奥利奥巧克力夹心饼干', 'total_sales': Decimal('167'), 'max_price': 105.0}, {'category': '家用电器', 'product_name': '美的空调 KFR-35GW', 'total_sales': Decimal('7'), 'max_price': 3200.0}, {'category': '手机数码', 'product_name': 'iPhone 15 Pro', 'total_sales': Decimal('8'), 'max_price': 8999.0}, {'category': '手机数码', 'product_name': 'Mate 60 Pro', 'total_sales': Decimal('8'), 'max_price': 6999.0}, {'category': '服饰', 'product_name': '优衣库 Heattech 保暖夹克', 'total_sales': Decimal('10'), 'max_price': 597.0}, {'category': '鞋靴', 'product_name': '耐克 Air Max 270 运动鞋', 'total_sales': Decimal('6'), 'max_price': 899.0}, {'category': '鞋靴', 'product_name': '阿迪达斯 Ultraboost 跑鞋', 'total_sales': Decimal('6'), 'max_price': 1299.0}, {'category': '食品饮料', 'product_name': '蒙牛纯牛奶 250ml*12', 'total_sales': Decimal('183'), 'max_price': 150.0}]
2026-07-02 22:26:26.652 | INFO     | request_id - e156d032-b8a7-448e-b5c3-21e7f713014c | app.agent.nodes.classify_intent:classify_intent:60 - 规则分类结果: greeting, query: 你好
2026-07-02 22:26:50.855 | INFO     | request_id - e4722331-f874-4ecd-8132-95b23b262210 | app.agent.nodes.classify_intent:classify_intent:75 - LLM分类结果: data_query, query: 看看去年的销售额是多少
2026-07-02 22:26:50.858 | INFO     | request_id - e4722331-f874-4ecd-8132-95b23b262210 | app.agent.nodes.extract_keywords:extract_keywords:44 - 关键词提取: ['销售额', '看看', '看看去年的销售额是多少']
2026-07-02 22:26:52.493 | INFO     | request_id - e4722331-f874-4ecd-8132-95b23b262210 | app.agent.nodes.metric_recall:metric_recall:44 - 召回指标信息: dict_keys(['GMV', 'AOV'])
2026-07-02 22:26:52.754 | INFO     | request_id - e4722331-f874-4ecd-8132-95b23b262210 | app.agent.nodes.value_recall:value_recall:40 - 召回字段值: dict_keys([])
2026-07-02 22:26:52.881 | INFO     | request_id - e4722331-f874-4ecd-8132-95b23b262210 | app.agent.nodes.column_recall:column_recall:46 - 字段信息召回成功: dict_keys(['fact_order.order_amount', 'fact_order.order_quantity', 'dim_date.date_id', 'fact_order.date_id'])
2026-07-02 22:26:52.889 | INFO     | request_id - e4722331-f874-4ecd-8132-95b23b262210 | app.agent.nodes.merge_retrieved_info:merge_retrieved_info:80 - 召回信息合并成功
2026-07-02 22:26:53.539 | INFO     | request_id - e4722331-f874-4ecd-8132-95b23b262210 | app.agent.nodes.filter_metric_info:filter_metric_info:29 - 指标筛选结果: ['GMV']
2026-07-02 22:26:53.561 | INFO     | request_id - e4722331-f874-4ecd-8132-95b23b262210 | app.agent.nodes.filter_table_info:filter_table_info:33 - 表格筛选结果: ['fact_order', 'dim_date']
2026-07-02 22:26:53.565 | INFO     | request_id - e4722331-f874-4ecd-8132-95b23b262210 | app.agent.nodes.add_context:add_context:23 - 添加上下文信息-date_info:{'date': '2026-07-02', 'weekday': 'Thursday', 'quarter': 'Q3'},db_info:{'dialect': 'mysql', 'version': '8.0.31'}
2026-07-02 22:26:54.525 | INFO     | request_id - e4722331-f874-4ecd-8132-95b23b262210 | app.agent.nodes.generate_sql:generate_sql:33 - 生成SQL: SELECT SUM(f.order_amount) AS GMV
FROM fact_order f
JOIN dim_date d ON f.date_id = d.date_id
WHERE d.date_id BETWEEN 20250101 AND 20251231;
2026-07-02 22:26:54.531 | INFO     | request_id - e4722331-f874-4ecd-8132-95b23b262210 | app.agent.nodes.validate_sql:validate_sql:17 - SQL校验通过
2026-07-02 22:26:54.537 | INFO     | request_id - e4722331-f874-4ecd-8132-95b23b262210 | app.agent.nodes.execute_sql:execute_sql:18 - SQL执行结果: [{'GMV': 279159.5}]
2026-07-02 22:37:47.240 | INFO     | request_id - 778ba132-7c49-42b9-9812-fdc2c49cc3fa | app.agent.callbacks:<module>:15 - LangFuse callback handler 初始化成功
2026-07-03 12:38:28.756 | INFO     | request_id - e2b02eb7-bfeb-4462-afc7-111a67dfbe2e | app.agent.callbacks:<module>:15 - LangFuse callback handler 初始化成功
2026-07-03 12:38:41.455 | INFO     | request_id - 37d0c1fd-0273-41bd-baf5-3f1e54c627b4 | app.agent.callbacks:<module>:15 - LangFuse callback handler 初始化成功
2026-07-03 12:38:51.006 | INFO     | request_id - cd34d151-d8a4-40f2-9a43-7aa6d733c847 | app.agent.callbacks:<module>:15 - LangFuse callback handler 初始化成功
2026-07-03 12:38:59.586 | INFO     | request_id - 39fdb312-f10a-4bbf-8d6d-9025e3569b67 | app.agent.callbacks:<module>:15 - LangFuse callback handler 初始化成功
2026-07-03 12:39:09.260 | INFO     | request_id - e5403aed-1b94-473b-83d7-dcc32579c201 | app.agent.callbacks:<module>:15 - LangFuse callback handler 初始化成功
2026-07-03 12:39:23.333 | INFO     | request_id - 33c2c37d-5b75-4fca-919c-8b15efc39f19 | app.agent.callbacks:<module>:15 - LangFuse callback handler 初始化成功
2026-07-03 12:39:33.541 | INFO     | request_id - b55d1cf4-b706-4c4f-a6e1-3832dac92db0 | app.agent.callbacks:<module>:15 - LangFuse callback handler 初始化成功
2026-07-03 12:39:45.014 | INFO     | request_id - 47d1cd50-b4a4-40f2-8655-9015909f0c59 | app.agent.callbacks:<module>:15 - LangFuse callback handler 初始化成功
2026-07-03 12:39:56.028 | INFO     | request_id - 9523ac7a-c1ec-468c-b57d-4500ef264072 | app.agent.callbacks:<module>:15 - LangFuse callback handler 初始化成功
2026-07-03 12:40:06.142 | INFO     | request_id - c7379337-d7c7-463b-bbf5-0aa7044656d0 | app.agent.callbacks:<module>:15 - LangFuse callback handler 初始化成功
2026-07-03 12:40:17.139 | INFO     | request_id - 00b2120e-2834-4b87-9528-381e11ce44aa | app.agent.callbacks:<module>:15 - LangFuse callback handler 初始化成功
2026-07-03 12:40:28.283 | INFO     | request_id - b2a07fdb-fea6-4011-aedf-2c82560f1242 | app.agent.callbacks:<module>:15 - LangFuse callback handler 初始化成功
2026-07-03 12:40:38.711 | INFO     | request_id - 629c5a72-9e79-4031-9c44-ae976ccfa131 | app.agent.callbacks:<module>:15 - LangFuse callback handler 初始化成功
2026-07-03 12:40:49.212 | INFO     | request_id - 83e2f65b-0caa-47ad-8a5a-e458672d9653 | app.agent.callbacks:<module>:15 - LangFuse callback handler 初始化成功
2026-07-03 12:41:00.587 | INFO     | request_id - 0bcca2f1-cfb6-45bc-b152-c28ee3af7b2b | app.agent.callbacks:<module>:15 - LangFuse callback handler 初始化成功
2026-07-03 12:41:11.734 | INFO     | request_id - af02442e-9d80-4b4a-aba2-f625da8dc0a2 | app.agent.callbacks:<module>:15 - LangFuse callback handler 初始化成功
2026-07-03 12:53:04.807 | INFO     | request_id - 8799fd0a-5de1-47ab-8a23-86f61af34590 | app.agent.callbacks:<module>:15 - LangFuse callback handler 初始化成功
2026-07-03 12:53:39.581 | INFO     | request_id - 54351059-ebf8-47af-8c8b-24e9e813c768 | app.agent.callbacks:<module>:15 - LangFuse callback handler 初始化成功
2026-07-03 12:53:49.060 | INFO     | request_id - 4ef394d6-c406-4347-be03-1225da8e83e7 | app.agent.callbacks:<module>:15 - LangFuse callback handler 初始化成功
2026-07-03 12:59:39.948 | INFO     | request_id - 6821fa8e-cb1c-4afe-bd85-75223ff80a2d | app.agent.callbacks:<module>:15 - LangFuse callback handler 初始化成功
2026-07-03 13:00:25.367 | INFO     | request_id - d4751dc6-e4c1-4775-9873-ee8746e112e4 | app.agent.callbacks:<module>:15 - LangFuse callback handler 初始化成功
2026-07-03 13:00:25.400 | INFO     | request_id - adf6c7a3-5145-4d9f-9675-e637f76f38e3 | app.agent.callbacks:<module>:15 - LangFuse callback handler 初始化成功
2026-07-03 13:04:00.221 | INFO     | request_id - 11f70045-8278-4128-b232-559e165b30e2 | app.agent.nodes.classify_intent:classify_intent:75 - LLM分类结果: data_query, query: 去年销售额
2026-07-03 13:04:01.676 | INFO     | request_id - 11f70045-8278-4128-b232-559e165b30e2 | app.agent.nodes.extract_keywords:extract_keywords:44 - 关键词提取: ['去年销售额', '销售额']
2026-07-03 13:04:02.457 | WARNING  | request_id - 11f70045-8278-4128-b232-559e165b30e2 | app.agent.nodes.metric_recall:metric_recall:35 - 指标向量检索失败，降级: AsyncInferenceClient.feature_extraction() got an unexpected keyword argument 'timeout'
2026-07-03 13:04:03.287 | WARNING  | request_id - 11f70045-8278-4128-b232-559e165b30e2 | app.agent.nodes.column_recall:column_recall:36 - 字段向量检索失败，降级到关键词检索: AsyncInferenceClient.feature_extraction() got an unexpected keyword argument 'timeout'
2026-07-03 13:04:03.287 | INFO     | request_id - 11f70045-8278-4128-b232-559e165b30e2 | app.core.fault_tolerance.fallback_registry:vector_retrieval_fallback:9 - [fallback] 向量检索降级: 使用 MySQL 关键词匹配
2026-07-03 13:04:03.323 | INFO     | request_id - 11f70045-8278-4128-b232-559e165b30e2 | app.agent.nodes.value_recall:_do_value_recall:56 - 召回字段值: dict_keys([])
2026-07-03 13:05:40.436 | INFO     | request_id - dbe7d233-6521-423c-a668-7961a063ed1e | app.agent.nodes.classify_intent:classify_intent:60 - 规则分类结果: greeting, query: 你好
2026-07-03 13:08:24.046 | INFO     | request_id - 2f2dd1ce-09c0-4fe1-8866-30e5e4429d34 | app.agent.nodes.classify_intent:classify_intent:60 - 规则分类结果: greeting, query: 你好
2026-07-03 13:09:07.853 | INFO     | request_id - 2917224d-b762-4d47-99c3-1f77df7d4eed | app.agent.nodes.classify_intent:classify_intent:75 - LLM分类结果: data_query, query: 去年的销售额
2026-07-03 13:09:07.853 | INFO     | request_id - 2917224d-b762-4d47-99c3-1f77df7d4eed | app.agent.nodes.extract_keywords:extract_keywords:44 - 关键词提取: ['销售额', '去年的销售额']
2026-07-03 13:09:08.672 | WARNING  | request_id - 2917224d-b762-4d47-99c3-1f77df7d4eed | app.agent.nodes.metric_recall:metric_recall:35 - 指标向量检索失败，降级: AsyncInferenceClient.feature_extraction() got an unexpected keyword argument 'timeout'
2026-07-03 13:09:09.302 | WARNING  | request_id - 2917224d-b762-4d47-99c3-1f77df7d4eed | app.agent.nodes.column_recall:column_recall:36 - 字段向量检索失败，降级到关键词检索: AsyncInferenceClient.feature_extraction() got an unexpected keyword argument 'timeout'
2026-07-03 13:09:09.302 | INFO     | request_id - 2917224d-b762-4d47-99c3-1f77df7d4eed | app.core.fault_tolerance.fallback_registry:vector_retrieval_fallback:9 - [fallback] 向量检索降级: 使用 MySQL 关键词匹配
2026-07-03 13:09:09.360 | INFO     | request_id - 2917224d-b762-4d47-99c3-1f77df7d4eed | app.agent.nodes.value_recall:_do_value_recall:56 - 召回字段值: dict_keys([])
2026-07-03 13:09:14.490 | INFO     | request_id - 7b732cec-f78e-4583-90a5-d54931886c9c | __main__:<module>:5 - 测试日志消息 - test message
2026-07-03 13:09:42.771 | INFO     | request_id - fd48494e-3452-412a-a8d2-ab64c60c8521 | app.agent.callbacks:<module>:15 - LangFuse callback handler 初始化成功
2026-07-03 13:10:18.250 | INFO     | request_id - 962ac83c-efac-4c35-bcff-4347ac6274bf | app.agent.callbacks:<module>:15 - LangFuse callback handler 初始化成功
2026-07-03 13:10:33.112 | INFO     | request_id - 8e83ef52-8621-48d3-948e-557e2d652264 | app.agent.nodes.classify_intent:classify_intent:60 - 规则分类结果: greeting, query: 你好
2026-07-03 13:13:05.454 | INFO     | request_id - 4c8e5d4c-7d01-487d-99ec-a47e68c4c92f | app.agent.nodes.classify_intent:classify_intent:75 - LLM分类结果: data_query, query: 去年销售额
2026-07-03 13:13:05.454 | INFO     | request_id - 4c8e5d4c-7d01-487d-99ec-a47e68c4c92f | app.agent.nodes.extract_keywords:extract_keywords:44 - 关键词提取: ['去年销售额', '销售额']
2026-07-03 13:13:06.172 | WARNING  | request_id - 4c8e5d4c-7d01-487d-99ec-a47e68c4c92f | app.agent.nodes.metric_recall:metric_recall:35 - 指标向量检索失败，降级: AsyncInferenceClient.feature_extraction() got an unexpected keyword argument 'timeout'
2026-07-03 13:13:06.787 | INFO     | request_id - 4c8e5d4c-7d01-487d-99ec-a47e68c4c92f | app.agent.nodes.value_recall:_do_value_recall:56 - 召回字段值: dict_keys([])
2026-07-03 13:13:06.860 | WARNING  | request_id - 4c8e5d4c-7d01-487d-99ec-a47e68c4c92f | app.agent.nodes.column_recall:column_recall:36 - 字段向量检索失败，降级到关键词检索: AsyncInferenceClient.feature_extraction() got an unexpected keyword argument 'timeout'
2026-07-03 13:13:06.860 | INFO     | request_id - 4c8e5d4c-7d01-487d-99ec-a47e68c4c92f | app.core.fault_tolerance.fallback_registry:vector_retrieval_fallback:9 - [fallback] 向量检索降级: 使用 MySQL 关键词匹配
2026-07-03 13:20:53.490 | INFO     | request_id - 68e46e70-d45e-4b19-b02d-c899860f5142 | app.agent.callbacks:<module>:15 - LangFuse callback handler 初始化成功
2026-07-03 13:25:11.451 | INFO     | request_id - 4dfa9b9f-e79d-4e72-aac8-b2c00237844f | app.agent.callbacks:<module>:15 - LangFuse callback handler 初始化成功
2026-07-03 13:25:22.793 | INFO     | request_id - ddf0fead-add9-4576-9841-2ed195c6be24 | app.agent.nodes.classify_intent:classify_intent:60 - 规则分类结果: greeting, query: 你好
2026-07-03 13:25:32.149 | INFO     | request_id - c0abc73c-64c8-4671-9c4d-153ed356d192 | app.agent.nodes.classify_intent:classify_intent:75 - LLM分类结果: data_query, query: 去年的销售额
2026-07-03 13:25:32.152 | INFO     | request_id - c0abc73c-64c8-4671-9c4d-153ed356d192 | app.agent.nodes.extract_keywords:extract_keywords:44 - 关键词提取: ['销售额', '去年的销售额']
2026-07-03 13:25:33.077 | WARNING  | request_id - c0abc73c-64c8-4671-9c4d-153ed356d192 | app.agent.nodes.metric_recall:metric_recall:35 - 指标向量检索失败，降级: AsyncInferenceClient.feature_extraction() got an unexpected keyword argument 'timeout'
2026-07-03 13:25:33.697 | WARNING  | request_id - c0abc73c-64c8-4671-9c4d-153ed356d192 | app.agent.nodes.column_recall:column_recall:36 - 字段向量检索失败，降级到关键词检索: AsyncInferenceClient.feature_extraction() got an unexpected keyword argument 'timeout'
2026-07-03 13:25:33.697 | INFO     | request_id - c0abc73c-64c8-4671-9c4d-153ed356d192 | app.core.fault_tolerance.fallback_registry:vector_retrieval_fallback:9 - [fallback] 向量检索降级: 使用 MySQL 关键词匹配
2026-07-03 13:25:33.957 | INFO     | request_id - c0abc73c-64c8-4671-9c4d-153ed356d192 | app.agent.nodes.value_recall:_do_value_recall:56 - 召回字段值: dict_keys([])
2026-07-03 13:26:25.407 | INFO     | request_id - d19c1398-65c1-4268-a9b1-5ca3e60727aa | app.agent.nodes.classify_intent:classify_intent:75 - LLM分类结果: data_query, query: 去年的销售额
2026-07-03 13:26:25.409 | INFO     | request_id - d19c1398-65c1-4268-a9b1-5ca3e60727aa | app.agent.nodes.extract_keywords:extract_keywords:44 - 关键词提取: ['销售额', '去年的销售额']
2026-07-03 13:26:26.192 | WARNING  | request_id - d19c1398-65c1-4268-a9b1-5ca3e60727aa | app.core.fault_tolerance.circuit_breaker:_on_failure:50 - [circuit_breaker] metric_recall 连续 5 次失败，熔断 OPEN
2026-07-03 13:26:26.193 | WARNING  | request_id - d19c1398-65c1-4268-a9b1-5ca3e60727aa | app.agent.nodes.metric_recall:metric_recall:35 - 指标向量检索失败，降级: AsyncInferenceClient.feature_extraction() got an unexpected keyword argument 'timeout'
2026-07-03 13:26:26.766 | WARNING  | request_id - d19c1398-65c1-4268-a9b1-5ca3e60727aa | app.core.fault_tolerance.circuit_breaker:_on_failure:50 - [circuit_breaker] column_recall 连续 5 次失败，熔断 OPEN
2026-07-03 13:26:26.766 | WARNING  | request_id - d19c1398-65c1-4268-a9b1-5ca3e60727aa | app.agent.nodes.column_recall:column_recall:36 - 字段向量检索失败，降级到关键词检索: AsyncInferenceClient.feature_extraction() got an unexpected keyword argument 'timeout'
2026-07-03 13:26:26.766 | INFO     | request_id - d19c1398-65c1-4268-a9b1-5ca3e60727aa | app.core.fault_tolerance.fallback_registry:vector_retrieval_fallback:9 - [fallback] 向量检索降级: 使用 MySQL 关键词匹配
2026-07-03 13:26:26.947 | INFO     | request_id - d19c1398-65c1-4268-a9b1-5ca3e60727aa | app.agent.nodes.value_recall:_do_value_recall:56 - 召回字段值: dict_keys([])
2026-07-03 13:26:48.345 | INFO     | request_id - 45815302-4535-449b-a3f1-e1e044cafb1b | app.agent.callbacks:<module>:15 - LangFuse callback handler 初始化成功
2026-07-03 13:27:42.491 | INFO     | request_id - b23e4025-cf74-47b6-b64a-a443377ef6d5 | app.agent.nodes.classify_intent:classify_intent:75 - LLM分类结果: data_query, query: 今年的销售额
2026-07-03 13:27:42.493 | INFO     | request_id - b23e4025-cf74-47b6-b64a-a443377ef6d5 | app.agent.nodes.extract_keywords:extract_keywords:44 - 关键词提取: ['今年的销售额', '销售额']
2026-07-03 13:27:42.495 | INFO     | request_id - b23e4025-cf74-47b6-b64a-a443377ef6d5 | app.core.fault_tolerance.circuit_breaker:call:58 - [circuit_breaker] column_recall 恢复超时到期，进入 HALF_OPEN
2026-07-03 13:27:42.496 | INFO     | request_id - b23e4025-cf74-47b6-b64a-a443377ef6d5 | app.core.fault_tolerance.circuit_breaker:call:58 - [circuit_breaker] metric_recall 恢复超时到期，进入 HALF_OPEN
2026-07-03 13:27:43.306 | WARNING  | request_id - b23e4025-cf74-47b6-b64a-a443377ef6d5 | app.core.fault_tolerance.circuit_breaker:_on_failure:46 - [circuit_breaker] metric_recall 半开试探失败，回到 OPEN
2026-07-03 13:27:43.307 | WARNING  | request_id - b23e4025-cf74-47b6-b64a-a443377ef6d5 | app.agent.nodes.metric_recall:metric_recall:35 - 指标向量检索失败，降级: AsyncInferenceClient.feature_extraction() got an unexpected keyword argument 'timeout'
2026-07-03 13:27:43.972 | WARNING  | request_id - b23e4025-cf74-47b6-b64a-a443377ef6d5 | app.core.fault_tolerance.circuit_breaker:_on_failure:46 - [circuit_breaker] column_recall 半开试探失败，回到 OPEN
2026-07-03 13:27:43.972 | WARNING  | request_id - b23e4025-cf74-47b6-b64a-a443377ef6d5 | app.agent.nodes.column_recall:column_recall:36 - 字段向量检索失败，降级到关键词检索: AsyncInferenceClient.feature_extraction() got an unexpected keyword argument 'timeout'
2026-07-03 13:27:43.972 | INFO     | request_id - b23e4025-cf74-47b6-b64a-a443377ef6d5 | app.core.fault_tolerance.fallback_registry:vector_retrieval_fallback:9 - [fallback] 向量检索降级: 使用 MySQL 关键词匹配
2026-07-03 13:27:44.079 | INFO     | request_id - b23e4025-cf74-47b6-b64a-a443377ef6d5 | app.agent.nodes.value_recall:_do_value_recall:56 - 召回字段值: dict_keys([])
2026-07-03 13:28:20.992 | INFO     | request_id - 534d7ef2-c390-4ebc-9324-9b44fb346cb5 | app.agent.nodes.classify_intent:classify_intent:75 - LLM分类结果: data_query, query: 买的最大的商品
2026-07-03 13:28:20.996 | INFO     | request_id - 534d7ef2-c390-4ebc-9324-9b44fb346cb5 | app.agent.nodes.extract_keywords:extract_keywords:44 - 关键词提取: ['商品', '买的最大的商品', '最大']
2026-07-03 13:28:20.999 | INFO     | request_id - 534d7ef2-c390-4ebc-9324-9b44fb346cb5 | app.core.fault_tolerance.circuit_breaker:call:58 - [circuit_breaker] column_recall 恢复超时到期，进入 HALF_OPEN
2026-07-03 13:28:21.001 | INFO     | request_id - 534d7ef2-c390-4ebc-9324-9b44fb346cb5 | app.core.fault_tolerance.circuit_breaker:call:58 - [circuit_breaker] metric_recall 恢复超时到期，进入 HALF_OPEN
2026-07-03 13:28:21.914 | WARNING  | request_id - 534d7ef2-c390-4ebc-9324-9b44fb346cb5 | app.core.fault_tolerance.circuit_breaker:_on_failure:46 - [circuit_breaker] metric_recall 半开试探失败，回到 OPEN
2026-07-03 13:28:21.914 | WARNING  | request_id - 534d7ef2-c390-4ebc-9324-9b44fb346cb5 | app.agent.nodes.metric_recall:metric_recall:35 - 指标向量检索失败，降级: AsyncInferenceClient.feature_extraction() got an unexpected keyword argument 'timeout'
2026-07-03 13:28:22.523 | INFO     | request_id - 534d7ef2-c390-4ebc-9324-9b44fb346cb5 | app.agent.nodes.value_recall:_do_value_recall:56 - 召回字段值: dict_keys([])
2026-07-03 13:28:22.557 | WARNING  | request_id - 534d7ef2-c390-4ebc-9324-9b44fb346cb5 | app.core.fault_tolerance.circuit_breaker:_on_failure:46 - [circuit_breaker] column_recall 半开试探失败，回到 OPEN
2026-07-03 13:28:22.557 | WARNING  | request_id - 534d7ef2-c390-4ebc-9324-9b44fb346cb5 | app.agent.nodes.column_recall:column_recall:36 - 字段向量检索失败，降级到关键词检索: AsyncInferenceClient.feature_extraction() got an unexpected keyword argument 'timeout'
2026-07-03 13:28:22.557 | INFO     | request_id - 534d7ef2-c390-4ebc-9324-9b44fb346cb5 | app.core.fault_tolerance.fallback_registry:vector_retrieval_fallback:9 - [fallback] 向量检索降级: 使用 MySQL 关键词匹配
2026-07-03 13:29:55.303 | INFO     | request_id - fcc1208f-c510-4a58-abc6-b55f8577e752 | app.agent.nodes.classify_intent:classify_intent:60 - 规则分类结果: greeting, query: 你好
2026-07-03 13:54:58.461 | INFO     | request_id - af362def-5335-48f7-8476-daf4be9f18ce | app.agent.callbacks:<module>:15 - LangFuse callback handler 初始化成功
2026-07-03 13:56:19.181 | INFO     | request_id - 450181d0-a57e-4930-9964-3cd9b1b1d439 | app.agent.callbacks:<module>:15 - LangFuse callback handler 初始化成功
2026-07-03 14:08:05.316 | INFO     | request_id - 7c9016e4-c172-4714-bd29-864819d75f83 | app.agent.callbacks:<module>:15 - LangFuse callback handler 初始化成功
2026-07-03 14:10:53.006 | INFO     | request_id - 7d07deca-f438-4d15-88fd-294b695ef8ea | app.agent.nodes.classify_intent:classify_intent:60 - 规则分类结果: greeting, query: 你好
2026-07-03 14:11:12.581 | INFO     | request_id - adf46f31-e003-4b1b-8874-05ab2aac4085 | app.agent.nodes.classify_intent:classify_intent:75 - LLM分类结果: data_query, query: 去年的销量
2026-07-03 14:11:13.292 | INFO     | request_id - adf46f31-e003-4b1b-8874-05ab2aac4085 | app.agent.nodes.extract_keywords:extract_keywords:44 - 关键词提取: ['销量', '去年的销量']
2026-07-03 14:13:55.584 | WARNING  | request_id - adf46f31-e003-4b1b-8874-05ab2aac4085 | app.agent.nodes.metric_recall:metric_recall:35 - 指标向量检索失败，降级: _patch_task.<locals>.task_new_init() got an unexpected keyword argument 'eager_start'
2026-07-03 14:14:04.197 | WARNING  | request_id - adf46f31-e003-4b1b-8874-05ab2aac4085 | app.agent.nodes.column_recall:column_recall:36 - 字段向量检索失败，降级到关键词检索: _patch_task.<locals>.task_new_init() got an unexpected keyword argument 'eager_start'
2026-07-03 14:14:04.197 | INFO     | request_id - adf46f31-e003-4b1b-8874-05ab2aac4085 | app.core.fault_tolerance.fallback_registry:vector_retrieval_fallback:9 - [fallback] 向量检索降级: 使用 MySQL 关键词匹配
2026-07-03 14:14:04.889 | WARNING  | request_id - adf46f31-e003-4b1b-8874-05ab2aac4085 | app.agent.nodes.value_recall:value_recall:34 - 字段值检索失败，降级: _patch_task.<locals>.task_new_init() got an unexpected keyword argument 'eager_start'
2026-07-03 14:14:12.540 | INFO     | request_id - 722b7e7d-b072-441d-9fc1-311e280f3f09 | app.agent.nodes.classify_intent:classify_intent:75 - LLM分类结果: data_query, query: 去年的销量
2026-07-03 14:14:12.546 | INFO     | request_id - 722b7e7d-b072-441d-9fc1-311e280f3f09 | app.agent.nodes.extract_keywords:extract_keywords:44 - 关键词提取: ['销量', '去年的销量']
2026-07-03 14:19:53.761 | INFO     | request_id - 74e5c97c-38b8-442d-aa82-5cd4e4488b99 | app.agent.callbacks:<module>:15 - LangFuse callback handler 初始化成功
2026-07-03 14:20:15.822 | INFO     | request_id - 600c36f2-70f9-4bfc-9e24-464ec0caacee | app.agent.nodes.classify_intent:classify_intent:75 - LLM分类结果: data_query, query: 去年的销售额
2026-07-03 14:20:16.520 | INFO     | request_id - 600c36f2-70f9-4bfc-9e24-464ec0caacee | app.agent.nodes.extract_keywords:extract_keywords:44 - 关键词提取: ['销售额', '去年的销售额']
2026-07-03 14:20:18.643 | INFO     | request_id - 600c36f2-70f9-4bfc-9e24-464ec0caacee | app.agent.nodes.metric_recall:_do_metric_recall:58 - 召回指标信息: dict_keys(['GMV', 'AOV'])
2026-07-03 14:20:18.680 | INFO     | request_id - 600c36f2-70f9-4bfc-9e24-464ec0caacee | app.agent.nodes.value_recall:_do_value_recall:56 - 召回字段值: dict_keys([])
2026-07-03 14:20:19.160 | INFO     | request_id - 600c36f2-70f9-4bfc-9e24-464ec0caacee | app.agent.nodes.column_recall:_do_column_recall:63 - 字段信息召回成功: dict_keys(['fact_order.order_amount', 'fact_order.order_quantity', 'fact_order.date_id', 'dim_date.date_id'])
2026-07-03 14:20:19.184 | INFO     | request_id - 600c36f2-70f9-4bfc-9e24-464ec0caacee | app.agent.nodes.merge_retrieved_info:merge_retrieved_info:80 - 召回信息合并成功
2026-07-03 14:20:19.892 | INFO     | request_id - 600c36f2-70f9-4bfc-9e24-464ec0caacee | app.agent.nodes.filter_metric_info:filter_metric_info:29 - 指标筛选结果: ['GMV']
2026-07-03 14:20:20.096 | INFO     | request_id - 600c36f2-70f9-4bfc-9e24-464ec0caacee | app.agent.nodes.filter_table_info:filter_table_info:33 - 表格筛选结果: ['fact_order', 'dim_date']
2026-07-03 14:20:20.117 | INFO     | request_id - 600c36f2-70f9-4bfc-9e24-464ec0caacee | app.agent.nodes.add_context:add_context:23 - 添加上下文信息-date_info:{'date': '2026-07-03', 'weekday': 'Friday', 'quarter': 'Q3'},db_info:{'dialect': 'mysql', 'version': '8.0.31'}
2026-07-03 14:20:21.355 | INFO     | request_id - 600c36f2-70f9-4bfc-9e24-464ec0caacee | app.agent.nodes.generate_sql:generate_sql:45 - 生成SQL: SELECT SUM(f.order_amount) AS GMV FROM fact_order f JOIN dim_date d ON f.date_id = d.date_id WHERE d.date_id BETWEEN 20250101 AND 20251231
2026-07-03 14:20:21.368 | INFO     | request_id - 600c36f2-70f9-4bfc-9e24-464ec0caacee | app.agent.nodes.validate_sql:validate_sql:17 - SQL校验通过
2026-07-03 14:20:21.377 | INFO     | request_id - 600c36f2-70f9-4bfc-9e24-464ec0caacee | app.agent.nodes.execute_sql:execute_sql:26 - SQL执行结果: [{'GMV': 279159.5}]
2026-07-03 14:26:05.335 | INFO     | request_id - c638943c-4b24-4faf-9d84-8691c339becf | app.agent.callbacks:<module>:15 - LangFuse callback handler 初始化成功
2026-07-03 14:26:20.391 | INFO     | request_id - 9a7b9753-097c-4e34-80d7-dca2d16eac93 | app.agent.nodes.classify_intent:classify_intent:60 - 规则分类结果: greeting, query: 你好
2026-07-03 14:26:56.373 | INFO     | request_id - 51b4ee10-93ec-435e-bb26-84e453e68dfa | app.agent.nodes.classify_intent:classify_intent:75 - LLM分类结果: data_query, query: 每个品类最高销量的商品和售价和销量
2026-07-03 14:26:57.014 | INFO     | request_id - 51b4ee10-93ec-435e-bb26-84e453e68dfa | app.agent.nodes.extract_keywords:extract_keywords:44 - 关键词提取: ['售价', '销量', '每个品类最高销量的商品和售价和销量', '商品', '品类', '最高']
2026-07-03 14:26:58.852 | INFO     | request_id - 51b4ee10-93ec-435e-bb26-84e453e68dfa | app.agent.nodes.value_recall:_do_value_recall:56 - 召回字段值: dict_keys([])
2026-07-03 14:26:59.085 | INFO     | request_id - 51b4ee10-93ec-435e-bb26-84e453e68dfa | app.agent.nodes.metric_recall:_do_metric_recall:58 - 召回指标信息: dict_keys(['AOV', 'GMV'])
2026-07-03 14:26:59.514 | INFO     | request_id - 51b4ee10-93ec-435e-bb26-84e453e68dfa | app.agent.nodes.column_recall:_do_column_recall:63 - 字段信息召回成功: dict_keys(['fact_order.order_amount', 'fact_order.order_quantity', 'dim_product.category', 'dim_product.product_name'])
2026-07-03 14:26:59.539 | INFO     | request_id - 51b4ee10-93ec-435e-bb26-84e453e68dfa | app.agent.nodes.merge_retrieved_info:merge_retrieved_info:80 - 召回信息合并成功
2026-07-03 14:27:00.377 | INFO     | request_id - 51b4ee10-93ec-435e-bb26-84e453e68dfa | app.agent.nodes.filter_metric_info:filter_metric_info:29 - 指标筛选结果: ['GMV']
2026-07-03 14:27:00.774 | INFO     | request_id - 51b4ee10-93ec-435e-bb26-84e453e68dfa | app.agent.nodes.filter_table_info:filter_table_info:33 - 表格筛选结果: ['fact_order', 'dim_product']
2026-07-03 14:27:00.789 | INFO     | request_id - 51b4ee10-93ec-435e-bb26-84e453e68dfa | app.agent.nodes.add_context:add_context:23 - 添加上下文信息-date_info:{'date': '2026-07-03', 'weekday': 'Friday', 'quarter': 'Q3'},db_info:{'dialect': 'mysql', 'version': '8.0.31'}
2026-07-03 14:27:02.855 | INFO     | request_id - 51b4ee10-93ec-435e-bb26-84e453e68dfa | app.core.fault_tolerance.langfuse_reporter:_get_client:23 - [langfuse_reporter] 初始化成功
2026-07-03 14:27:07.827 | WARNING  | request_id - 51b4ee10-93ec-435e-bb26-84e453e68dfa | app.agent.nodes.generate_sql:generate_sql:41 - SQL被拦截: 安全拦截: 缺少 WHERE 条件，禁止全表扫描
2026-07-03 14:27:07.836 | ERROR    | request_id - 51b4ee10-93ec-435e-bb26-84e453e68dfa | app.agent.nodes.validate_sql:validate_sql:20 - SQL校验失败: (asyncmy.errors.ProgrammingError) (1064, "You have an error in your SQL syntax; check the manual that corresponds to your MySQL server version for the right syntax to use near '' at line 1")
[SQL: explain ]
(Background on this error at: https://sqlalche.me/e/20/f405)
2026-07-03 14:27:09.635 | INFO     | request_id - 51b4ee10-93ec-435e-bb26-84e453e68dfa | app.agent.nodes.correct_sql:correct_sql:53 - 校正SQL结果: SELECT 
    dp.category,
    fo.product_id,
    dp.product_name,
    fo.order_quantity AS 销量,
    fo.order_amount AS 售价
FROM fact_order fo
JOIN dim_product dp ON fo.product_id = dp.product_id
WHERE (dp.category, fo.order_quantity) IN (
    SELECT 
        dp2.category,
        MAX(fo2.order_quantity)
    FROM fact_order fo2
    JOIN dim_product dp2 ON fo2.product_id = dp2.product_id
    GROUP BY dp2.category
)
2026-07-03 14:30:04.058 | INFO     | request_id - 3ed03fd3-ab13-4c4a-b70d-ed0673477cdf | app.agent.nodes.classify_intent:classify_intent:75 - LLM分类结果: data_query, query: 每个品类最高销量的商品和售价和销量
2026-07-03 14:30:04.065 | INFO     | request_id - 3ed03fd3-ab13-4c4a-b70d-ed0673477cdf | app.agent.nodes.extract_keywords:extract_keywords:44 - 关键词提取: ['售价', '销量', '每个品类最高销量的商品和售价和销量', '商品', '品类', '最高']
2026-07-03 14:30:06.031 | INFO     | request_id - 3ed03fd3-ab13-4c4a-b70d-ed0673477cdf | app.agent.nodes.metric_recall:_do_metric_recall:58 - 召回指标信息: dict_keys(['AOV', 'GMV'])
2026-07-03 14:30:06.427 | INFO     | request_id - 3ed03fd3-ab13-4c4a-b70d-ed0673477cdf | app.agent.nodes.value_recall:_do_value_recall:56 - 召回字段值: dict_keys([])
2026-07-03 14:30:06.629 | INFO     | request_id - 3ed03fd3-ab13-4c4a-b70d-ed0673477cdf | app.agent.nodes.column_recall:_do_column_recall:63 - 字段信息召回成功: dict_keys(['fact_order.order_amount', 'fact_order.order_quantity', 'dim_product.category', 'dim_product.product_name'])
2026-07-03 14:30:06.640 | INFO     | request_id - 3ed03fd3-ab13-4c4a-b70d-ed0673477cdf | app.agent.nodes.merge_retrieved_info:merge_retrieved_info:80 - 召回信息合并成功
2026-07-03 14:30:07.353 | INFO     | request_id - 3ed03fd3-ab13-4c4a-b70d-ed0673477cdf | app.agent.nodes.filter_metric_info:filter_metric_info:29 - 指标筛选结果: ['GMV']
2026-07-03 14:30:07.646 | INFO     | request_id - 3ed03fd3-ab13-4c4a-b70d-ed0673477cdf | app.agent.nodes.filter_table_info:filter_table_info:33 - 表格筛选结果: ['fact_order', 'dim_product']
2026-07-03 14:30:07.646 | INFO     | request_id - 3ed03fd3-ab13-4c4a-b70d-ed0673477cdf | app.agent.nodes.add_context:add_context:23 - 添加上下文信息-date_info:{'date': '2026-07-03', 'weekday': 'Friday', 'quarter': 'Q3'},db_info:{'dialect': 'mysql', 'version': '8.0.31'}
2026-07-03 14:30:14.095 | WARNING  | request_id - 3ed03fd3-ab13-4c4a-b70d-ed0673477cdf | app.agent.nodes.generate_sql:generate_sql:41 - SQL被拦截: 安全拦截: 缺少 WHERE 条件，禁止全表扫描
2026-07-03 14:30:14.102 | ERROR    | request_id - 3ed03fd3-ab13-4c4a-b70d-ed0673477cdf | app.agent.nodes.validate_sql:validate_sql:20 - SQL校验失败: (asyncmy.errors.ProgrammingError) (1064, "You have an error in your SQL syntax; check the manual that corresponds to your MySQL server version for the right syntax to use near '' at line 1")
[SQL: explain ]
(Background on this error at: https://sqlalche.me/e/20/f405)
2026-07-03 14:30:16.607 | INFO     | request_id - 3ed03fd3-ab13-4c4a-b70d-ed0673477cdf | app.agent.nodes.correct_sql:correct_sql:53 - 校正SQL结果: SELECT dp.category, dp.product_name, SUM(fo.order_quantity) AS 销量, SUM(fo.order_amount) AS 售价
FROM fact_order fo
JOIN dim_product dp ON fo.product_id = dp.product_id
GROUP BY dp.category, dp.product_name
HAVING SUM(fo.order_quantity) = (
    SELECT MAX(t.销量)
    FROM (
        SELECT dp2.category, dp2.product_name, SUM(fo2.order_quantity) AS 销量
        FROM fact_order fo2
        JOIN dim_product dp2 ON fo2.product_id = dp2.product_id
        GROUP BY dp2.category, dp2.product_name
    ) t
    WHERE t.category = dp.category
)
2026-07-03 14:31:38.327 | INFO     | request_id - 3a962abe-0632-46fe-98a2-5425b1ba9f1d | app.agent.callbacks:<module>:15 - LangFuse callback handler 初始化成功
2026-07-03 14:32:11.403 | INFO     | request_id - fcd4fadf-5b2b-4204-aa6e-bab4204fafba | app.agent.nodes.classify_intent:classify_intent:75 - LLM分类结果: data_query, query: 每个品类最高销量的商品和售价和销量
2026-07-03 14:32:12.137 | INFO     | request_id - fcd4fadf-5b2b-4204-aa6e-bab4204fafba | app.agent.nodes.extract_keywords:extract_keywords:44 - 关键词提取: ['每个品类最高销量的商品和售价和销量', '品类', '售价', '销量', '商品', '最高']
2026-07-03 14:32:14.150 | INFO     | request_id - fcd4fadf-5b2b-4204-aa6e-bab4204fafba | app.agent.nodes.metric_recall:_do_metric_recall:58 - 召回指标信息: dict_keys(['AOV', 'GMV'])
2026-07-03 14:32:14.392 | INFO     | request_id - fcd4fadf-5b2b-4204-aa6e-bab4204fafba | app.agent.nodes.value_recall:_do_value_recall:56 - 召回字段值: dict_keys([])
2026-07-03 14:32:14.797 | INFO     | request_id - fcd4fadf-5b2b-4204-aa6e-bab4204fafba | app.agent.nodes.column_recall:_do_column_recall:63 - 字段信息召回成功: dict_keys(['dim_product.category', 'fact_order.order_amount', 'fact_order.order_quantity', 'dim_product.product_name'])
2026-07-03 14:32:14.824 | INFO     | request_id - fcd4fadf-5b2b-4204-aa6e-bab4204fafba | app.agent.nodes.merge_retrieved_info:merge_retrieved_info:80 - 召回信息合并成功
2026-07-03 14:32:15.790 | INFO     | request_id - fcd4fadf-5b2b-4204-aa6e-bab4204fafba | app.agent.nodes.filter_metric_info:filter_metric_info:29 - 指标筛选结果: ['GMV']
2026-07-03 14:32:15.906 | INFO     | request_id - fcd4fadf-5b2b-4204-aa6e-bab4204fafba | app.agent.nodes.filter_table_info:filter_table_info:33 - 表格筛选结果: ['dim_product', 'fact_order']
2026-07-03 14:32:15.919 | INFO     | request_id - fcd4fadf-5b2b-4204-aa6e-bab4204fafba | app.agent.nodes.add_context:add_context:23 - 添加上下文信息-date_info:{'date': '2026-07-03', 'weekday': 'Friday', 'quarter': 'Q3'},db_info:{'dialect': 'mysql', 'version': '8.0.31'}
2026-07-03 14:32:18.933 | INFO     | request_id - fcd4fadf-5b2b-4204-aa6e-bab4204fafba | app.core.fault_tolerance.langfuse_reporter:_get_client:21 - [langfuse_reporter] 初始化成功
2026-07-03 14:32:21.385 | WARNING  | request_id - fcd4fadf-5b2b-4204-aa6e-bab4204fafba | app.agent.nodes.generate_sql:generate_sql:41 - SQL被拦截: 安全拦截: 检测到多表笛卡尔积，请添加 JOIN 条件
2026-07-03 14:32:21.388 | ERROR    | request_id - fcd4fadf-5b2b-4204-aa6e-bab4204fafba | app.agent.nodes.validate_sql:validate_sql:20 - SQL校验失败: (asyncmy.errors.ProgrammingError) (1064, "You have an error in your SQL syntax; check the manual that corresponds to your MySQL server version for the right syntax to use near '' at line 1")
[SQL: explain ]
(Background on this error at: https://sqlalche.me/e/20/f405)
2026-07-03 14:32:23.090 | INFO     | request_id - fcd4fadf-5b2b-4204-aa6e-bab4204fafba | app.agent.nodes.correct_sql:correct_sql:53 - 校正SQL结果: SELECT 
    dp.category,
    dp.product_name,
    MAX(fo.order_quantity) AS max_quantity,
    fo.order_amount
FROM dim_product dp
JOIN fact_order fo ON dp.product_id = fo.product_id
GROUP BY dp.category, dp.product_name, fo.order_amount
HAVING MAX(fo.order_quantity) = (
    SELECT MAX(fo2.order_quantity)
    FROM fact_order fo2
    JOIN dim_product dp2 ON fo2.product_id = dp2.product_id
    WHERE dp2.category = dp.category
)
2026-07-03 14:32:23.099 | INFO     | request_id - fcd4fadf-5b2b-4204-aa6e-bab4204fafba | app.agent.nodes.validate_sql:validate_sql:17 - SQL校验通过
2026-07-03 14:32:23.112 | INFO     | request_id - fcd4fadf-5b2b-4204-aa6e-bab4204fafba | app.agent.nodes.execute_sql:execute_sql:26 - SQL执行结果: [{'category': '手机数码', 'product_name': 'iPhone 15 Pro', 'max_quantity': 1, 'order_amount': 8999.0}, {'category': '手机数码', 'product_name': 'Mate 60 Pro', 'max_quantity': 1, 'order_amount': 6999.0}, {'category': '鞋靴', 'product_name': '耐克 Air Max 270 运动鞋', 'max_quantity': 1, 'order_amount': 899.0}, {'category': '手机数码', 'product_name': 'Kindle Paperwhite 电子书', 'max_quantity': 1, 'order_amount': 1399.0}, {'category': '手机数码', 'product_name': 'Galaxy S24 Ultra', 'max_quantity': 1, 'order_amount': 9499.0}, {'category': '家用电器', 'product_name': '美的空调 KFR-35GW', 'max_quantity': 1, 'order_amount': 3200.0}, {'category': '鞋靴', 'product_name': '阿迪达斯 Ultraboost 跑鞋', 'max_quantity': 1, 'order_amount': 1299.0}, {'category': '家用电器', 'product_name': '戴森 V15 吸尘器', 'max_quantity': 1, 'order_amount': 5499.0}, {'category': '家用电器', 'product_name': 'Instant Pot 多功能电压力锅', 'max_quantity': 1, 'order_amount': 899.0}, {'category': '食品饮料', 'product_name': '蒙牛纯牛奶 250ml*12', 'max_quantity': 30, 'order_amount': 150.0}, {'category': '休闲零食', 'product_name': '奥利奥巧克力夹心饼干', 'max_quantity': 30, 'order_amount': 105.0}, {'category': '服饰', 'product_name': '优衣库 Heattech 保暖夹克', 'max_quantity': 3, 'order_amount': 597.0}]
2026-07-03 14:47:43.688 | INFO     | request_id - 83a826da-e957-411a-b173-d2cd876f29e4 | app.agent.nodes.classify_intent:classify_intent:75 - LLM分类结果: data_query, query: 给我所有的商品信息
2026-07-03 14:47:43.696 | INFO     | request_id - 83a826da-e957-411a-b173-d2cd876f29e4 | app.agent.nodes.extract_keywords:extract_keywords:44 - 关键词提取: ['给我所有的商品信息', '商品信息']
2026-07-03 14:47:45.417 | INFO     | request_id - 83a826da-e957-411a-b173-d2cd876f29e4 | app.agent.nodes.metric_recall:_do_metric_recall:58 - 召回指标信息: dict_keys(['GMV'])
2026-07-03 14:47:45.879 | INFO     | request_id - 83a826da-e957-411a-b173-d2cd876f29e4 | app.agent.nodes.value_recall:_do_value_recall:56 - 召回字段值: dict_keys([])
2026-07-03 14:47:46.391 | INFO     | request_id - 83a826da-e957-411a-b173-d2cd876f29e4 | app.agent.nodes.column_recall:_do_column_recall:63 - 字段信息召回成功: dict_keys(['dim_product.category', 'dim_product.product_name', 'fact_order.product_id', 'dim_product.product_id'])
2026-07-03 14:47:46.406 | INFO     | request_id - 83a826da-e957-411a-b173-d2cd876f29e4 | app.agent.nodes.merge_retrieved_info:merge_retrieved_info:80 - 召回信息合并成功
2026-07-03 14:47:47.366 | INFO     | request_id - 83a826da-e957-411a-b173-d2cd876f29e4 | app.agent.nodes.filter_metric_info:filter_metric_info:29 - 指标筛选结果: []
2026-07-03 14:47:47.515 | INFO     | request_id - 83a826da-e957-411a-b173-d2cd876f29e4 | app.agent.nodes.filter_table_info:filter_table_info:33 - 表格筛选结果: ['dim_product']
2026-07-03 14:47:47.520 | INFO     | request_id - 83a826da-e957-411a-b173-d2cd876f29e4 | app.agent.nodes.add_context:add_context:23 - 添加上下文信息-date_info:{'date': '2026-07-03', 'weekday': 'Friday', 'quarter': 'Q3'},db_info:{'dialect': 'mysql', 'version': '8.0.31'}
2026-07-03 14:47:50.574 | WARNING  | request_id - 83a826da-e957-411a-b173-d2cd876f29e4 | app.agent.nodes.generate_sql:generate_sql:41 - SQL被拦截: 安全拦截: 缺少 WHERE 条件，禁止全表扫描
2026-07-03 14:47:50.574 | ERROR    | request_id - 83a826da-e957-411a-b173-d2cd876f29e4 | app.agent.nodes.validate_sql:validate_sql:20 - SQL校验失败: (asyncmy.errors.ProgrammingError) (1064, "You have an error in your SQL syntax; check the manual that corresponds to your MySQL server version for the right syntax to use near '' at line 1")
[SQL: explain ]
(Background on this error at: https://sqlalche.me/e/20/f405)
2026-07-03 14:47:51.466 | INFO     | request_id - 83a826da-e957-411a-b173-d2cd876f29e4 | app.agent.nodes.correct_sql:correct_sql:53 - 校正SQL结果: SELECT * FROM dim_product
2026-07-03 14:47:51.473 | INFO     | request_id - 83a826da-e957-411a-b173-d2cd876f29e4 | app.agent.nodes.validate_sql:validate_sql:17 - SQL校验通过
2026-07-03 14:47:51.484 | INFO     | request_id - 83a826da-e957-411a-b173-d2cd876f29e4 | app.agent.nodes.execute_sql:execute_sql:26 - SQL执行结果: [{'product_id': 'P001', 'product_name': 'iPhone 15 Pro', 'category': '手机数码', 'brand': '苹果'}, {'product_id': 'P002', 'product_name': 'Galaxy S24 Ultra', 'category': '手机数码', 'brand': '三星'}, {'product_id': 'P003', 'product_name': 'Mate 60 Pro', 'category': '手机数码', 'brand': '华为'}, {'product_id': 'P004', 'product_name': '戴森 V15 吸尘器', 'category': '家用电器', 'brand': '戴森'}, {'product_id': 'P005', 'product_name': '美的空调 KFR-35GW', 'category': '家用电器', 'brand': '美的'}, {'product_id': 'P006', 'product_name': '耐克 Air Max 270 运动鞋', 'category': '鞋靴', 'brand': '耐克'}, {'product_id': 'P007', 'product_name': '阿迪达斯 Ultraboost 跑鞋', 'category': '鞋靴', 'brand': '阿迪达斯'}, {'product_id': 'P008', 'product_name': '优衣库 Heattech 保暖夹克', 'category': '服饰', 'brand': '优衣库'}, {'product_id': 'P009', 'product_name': '李维斯 501 牛仔裤', 'category': '服饰', 'brand': '李维斯'}, {'product_id': 'P010', 'product_name': '雀巢金牌速溶咖啡', 'category': '食品饮料', 'brand': '雀巢'}, {'product_id': 'P011', 'product_name': '蒙牛纯牛奶 250ml*12', 'category': '食品饮料', 'brand': '蒙牛'}, {'product_id': 'P012', 'product_name': '乐事原味薯片 150g', 'category': '休闲零食', 'brand': '乐事'}, {'product_id': 'P013', 'product_name': '奥利奥巧克力夹心饼干', 'category': '休闲零食', 'brand': '奥利奥'}, {'product_id': 'P014', 'product_name': 'Kindle Paperwhite 电子书', 'category': '手机数码', 'brand': '亚马逊'}, {'product_id': 'P015', 'product_name': 'Instant Pot 多功能电压力锅', 'category': '家用电器', 'brand': 'Instant Pot'}]
2026-07-03 14:48:20.433 | INFO     | request_id - a86c65fb-bdc0-4e2f-8f11-06afcb6453e3 | app.agent.nodes.classify_intent:classify_intent:75 - LLM分类结果: data_query, query: 给我所有的商品信息和它的价格销量
2026-07-03 14:48:20.433 | INFO     | request_id - a86c65fb-bdc0-4e2f-8f11-06afcb6453e3 | app.agent.nodes.extract_keywords:extract_keywords:44 - 关键词提取: ['给我所有的商品信息和它的价格销量', '价格', '商品信息', '销量']
2026-07-03 14:48:22.399 | INFO     | request_id - a86c65fb-bdc0-4e2f-8f11-06afcb6453e3 | app.agent.nodes.value_recall:_do_value_recall:56 - 召回字段值: dict_keys([])
2026-07-03 14:48:22.455 | INFO     | request_id - a86c65fb-bdc0-4e2f-8f11-06afcb6453e3 | app.agent.nodes.metric_recall:_do_metric_recall:58 - 召回指标信息: dict_keys(['AOV', 'GMV'])
2026-07-03 14:48:23.174 | INFO     | request_id - a86c65fb-bdc0-4e2f-8f11-06afcb6453e3 | app.agent.nodes.column_recall:_do_column_recall:63 - 字段信息召回成功: dict_keys(['dim_product.product_name', 'dim_product.brand', 'fact_order.order_amount', 'fact_order.order_quantity', 'dim_product.category'])
2026-07-03 14:48:23.184 | INFO     | request_id - a86c65fb-bdc0-4e2f-8f11-06afcb6453e3 | app.agent.nodes.merge_retrieved_info:merge_retrieved_info:80 - 召回信息合并成功
2026-07-03 14:48:24.146 | INFO     | request_id - a86c65fb-bdc0-4e2f-8f11-06afcb6453e3 | app.agent.nodes.filter_metric_info:filter_metric_info:29 - 指标筛选结果: ['GMV']
2026-07-03 14:48:24.237 | INFO     | request_id - a86c65fb-bdc0-4e2f-8f11-06afcb6453e3 | app.agent.nodes.filter_table_info:filter_table_info:33 - 表格筛选结果: ['dim_product', 'fact_order']
2026-07-03 14:48:24.237 | INFO     | request_id - a86c65fb-bdc0-4e2f-8f11-06afcb6453e3 | app.agent.nodes.add_context:add_context:23 - 添加上下文信息-date_info:{'date': '2026-07-03', 'weekday': 'Friday', 'quarter': 'Q3'},db_info:{'dialect': 'mysql', 'version': '8.0.31'}
2026-07-03 14:48:27.546 | WARNING  | request_id - a86c65fb-bdc0-4e2f-8f11-06afcb6453e3 | app.agent.nodes.generate_sql:generate_sql:41 - SQL被拦截: 安全拦截: 缺少 WHERE 条件，禁止全表扫描
2026-07-03 14:48:27.546 | ERROR    | request_id - a86c65fb-bdc0-4e2f-8f11-06afcb6453e3 | app.agent.nodes.validate_sql:validate_sql:20 - SQL校验失败: (asyncmy.errors.ProgrammingError) (1064, "You have an error in your SQL syntax; check the manual that corresponds to your MySQL server version for the right syntax to use near '' at line 1")
[SQL: explain ]
(Background on this error at: https://sqlalche.me/e/20/f405)
2026-07-03 14:48:28.632 | INFO     | request_id - a86c65fb-bdc0-4e2f-8f11-06afcb6453e3 | app.agent.nodes.correct_sql:correct_sql:53 - 校正SQL结果: SELECT dim_product.product_name, fact_order.order_amount, fact_order.order_quantity FROM dim_product, fact_order
2026-07-03 14:48:28.632 | INFO     | request_id - a86c65fb-bdc0-4e2f-8f11-06afcb6453e3 | app.agent.nodes.validate_sql:validate_sql:17 - SQL校验通过
2026-07-03 14:48:28.669 | INFO     | request_id - a86c65fb-bdc0-4e2f-8f11-06afcb6453e3 | app.agent.nodes.execute_sql:execute_sql:26 - SQL执行结果: [{'product_name': 'Instant Pot 多功能电压力锅', 'order_amount': 8999.0, 'order_quantity': 1}, {'product_name': 'Kindle Paperwhite 电子书', 'order_amount': 8999.0, 'order_quantity': 1}, {'product_name': '奥利奥巧克力夹心饼干', 'order_amount': 8999.0, 'order_quantity': 1}, {'product_name': '乐事原味薯片 150g', 'order_amount': 8999.0, 'order_quantity': 1}, {'product_name': '蒙牛纯牛奶 250ml*12', 'order_amount': 8999.0, 'order_quantity': 1}, {'product_name': '雀巢金牌速溶咖啡', 'order_amount': 8999.0, 'order_quantity': 1}, {'product_name': '李维斯 501 牛仔裤', 'order_amount': 8999.0, 'order_quantity': 1}, {'product_name': '优衣库 Heattech 保暖夹克', 'order_amount': 8999.0, 'order_quantity': 1}, {'product_name': '阿迪达斯 Ultraboost 跑鞋', 'order_amount': 8999.0, 'order_quantity': 1}, {'product_name': '耐克 Air Max 270 运动鞋', 'order_amount': 8999.0, 'order_quantity': 1}, {'product_name': '美的空调 KFR-35GW', 'order_amount': 8999.0, 'order_quantity': 1}, {'product_name': '戴森 V15 吸尘器', 'order_amount': 8999.0, 'order_quantity': 1}, {'product_name': 'Mate 60 Pro', 'order_amount': 8999.0, 'order_quantity': 1}, {'product_name': 'Galaxy S24 Ultra', 'order_amount': 8999.0, 'order_quantity': 1}, {'product_name': 'iPhone 15 Pro', 'order_amount': 8999.0, 'order_quantity': 1}, {'product_name': 'Instant Pot 多功能电压力锅', 'order_amount': 6999.0, 'order_quantity': 1}, {'product_name': 'Kindle Paperwhite 电子书', 'order_amount': 6999.0, 'order_quantity': 1}, {'product_name': '奥利奥巧克力夹心饼干', 'order_amount': 6999.0, 'order_quantity': 1}, {'product_name': '乐事原味薯片 150g', 'order_amount': 6999.0, 'order_quantity': 1}, {'product_name': '蒙牛纯牛奶 250ml*12', 'order_amount': 6999.0, 'order_quantity': 1}, {'product_name': '雀巢金牌速溶咖啡', 'order_amount': 6999.0, 'order_quantity': 1}, {'product_name': '李维斯 501 牛仔裤', 'order_amount': 6999.0, 'order_quantity': 1}, {'product_name': '优衣库 Heattech 保暖夹克', 'order_amount': 6999.0, 'order_quantity': 1}, {'product_name': '阿迪达斯 Ultraboost 跑鞋', 'order_amount': 6999.0, 'order_quantity': 1}, {'product_name': '耐克 Air Max 270 运动鞋', 'order_amount': 6999.0, 'order_quantity': 1}, {'product_name': '美的空调 KFR-35GW', 'order_amount': 6999.0, 'order_quantity': 1}, {'product_name': '戴森 V15 吸尘器', 'order_amount': 6999.0, 'order_quantity': 1}, {'product_name': 'Mate 60 Pro', 'order_amount': 6999.0, 'order_quantity': 1}, {'product_name': 'Galaxy S24 Ultra', 'order_amount': 6999.0, 'order_quantity': 1}, {'product_name': 'iPhone 15 Pro', 'order_amount': 6999.0, 'order_quantity': 1}, {'product_name': 'Instant Pot 多功能电压力锅', 'order_amount': 125.0, 'order_quantity': 5}, {'product_name': 'Kindle Paperwhite 电子书', 'order_amount': 125.0, 'order_quantity': 5}, {'product_name': '奥利奥巧克力夹心饼干', 'order_amount': 125.0, 'order_quantity': 5}, {'product_name': '乐事原味薯片 150g', 'order_amount': 125.0, 'order_quantity': 5}, {'product_name': '蒙牛纯牛奶 250ml*12', 'order_amount': 125.0, 'order_quantity': 5}, {'product_name': '雀巢金牌速溶咖啡', 'order_amount': 125.0, 'order_quantity': 5}, {'product_name': '李维斯 501 牛仔裤', 'order_amount': 125.0, 'order_quantity': 5}, {'product_name': '优衣库 Heattech 保暖夹克', 'order_amount': 125.0, 'order_quantity': 5}, {'product_name': '阿迪达斯 Ultraboost 跑鞋', 'order_amount': 125.0, 'order_quantity': 5}, {'product_name': '耐克 Air Max 270 运动鞋', 'order_amount': 125.0, 'order_quantity': 5}, {'product_name': '美的空调 KFR-35GW', 'order_amount': 125.0, 'order_quantity': 5}, {'product_name': '戴森 V15 吸尘器', 'order_amount': 125.0, 'order_quantity': 5}, {'product_name': 'Mate 60 Pro', 'order_amount': 125.0, 'order_quantity': 5}, {'product_name': 'Galaxy S24 Ultra', 'order_amount': 125.0, 'order_quantity': 5}, {'product_name': 'iPhone 15 Pro', 'order_amount': 125.0, 'order_quantity': 5}, {'product_name': 'Instant Pot 多功能电压力锅', 'order_amount': 899.0, 'order_quantity': 1}, {'product_name': 'Kindle Paperwhite 电子书', 'order_amount': 899.0, 'order_quantity': 1}, {'product_name': '奥利奥巧克力夹心饼干', 'order_amount': 899.0, 'order_quantity': 1}, {'product_name': '乐事原味薯片 150g', 'order_amount': 899.0, 'order_quantity': 1}, {'product_name': '蒙牛纯牛奶 250ml*12', 'order_amount': 899.0, 'order_quantity': 1}, {'product_name': '雀巢金牌速溶咖啡', 'order_amount': 899.0, 'order_quantity': 1}, {'product_name': '李维斯 501 牛仔裤', 'order_amount': 899.0, 'order_quantity': 1}, {'product_name': '优衣库 Heattech 保暖夹克', 'order_amount': 899.0, 'order_quantity': 1}, {'product_name': '阿迪达斯 Ultraboost 跑鞋', 'order_amount': 899.0, 'order_quantity': 1}, {'product_name': '耐克 Air Max 270 运动鞋', 'order_amount': 899.0, 'order_quantity': 1}, {'product_name': '美的空调 KFR-35GW', 'order_amount': 899.0, 'order_quantity': 1}, {'product_name': '戴森 V15 吸尘器', 'order_amount': 899.0, 'order_quantity': 1}, {'product_name': 'Mate 60 Pro', 'order_amount': 899.0, 'order_quantity': 1}, {'product_name': 'Galaxy S24 Ultra', 'order_amount': 899.0, 'order_quantity': 1}, {'product_name': 'iPhone 15 Pro', 'order_amount': 899.0, 'order_quantity': 1}, {'product_name': 'Instant Pot 多功能电压力锅', 'order_amount': 60.0, 'order_quantity': 12}, {'product_name': 'Kindle Paperwhite 电子书', 'order_amount': 60.0, 'order_quantity': 12}, {'product_name': '奥利奥巧克力夹心饼干', 'order_amount': 60.0, 'order_quantity': 12}, {'product_name': '乐事原味薯片 150g', 'order_amount': 60.0, 'order_quantity': 12}, {'product_name': '蒙牛纯牛奶 250ml*12', 'order_amount': 60.0, 'order_quantity': 12}, {'product_name': '雀巢金牌速溶咖啡', 'order_amount': 60.0, 'order_quantity': 12}, {'product_name': '李维斯 501 牛仔裤', 'order_amount': 60.0, 'order_quantity': 12}, {'product_name': '优衣库 Heattech 保暖夹克', 'order_amount': 60.0, 'order_quantity': 12}, {'product_name': '阿迪达斯 Ultraboost 跑鞋', 'order_amount': 60.0, 'order_quantity': 12}, {'product_name': '耐克 Air Max 270 运动鞋', 'order_amount': 60.0, 'order_quantity': 12}, {'product_name': '美的空调 KFR-35GW', 'order_amount': 60.0, 'order_quantity': 12}, {'product_name': '戴森 V15 吸尘器', 'order_amount': 60.0, 'order_quantity': 12}, {'product_name': 'Mate 60 Pro', 'order_amount': 60.0, 'order_quantity': 12}, {'product_name': 'Galaxy S24 Ultra', 'order_amount': 60.0, 'order_quantity': 12}, {'product_name': 'iPhone 15 Pro', 'order_amount': 60.0, 'order_quantity': 12}, {'product_name': 'Instant Pot 多功能电压力锅', 'order_amount': 1399.0, 'order_quantity': 1}, {'product_name': 'Kindle Paperwhite 电子书', 'order_amount': 1399.0, 'order_quantity': 1}, {'product_name': '奥利奥巧克力夹心饼干', 'order_amount': 1399.0, 'order_quantity': 1}, {'product_name': '乐事原味薯片 150g', 'order_amount': 1399.0, 'order_quantity': 1}, {'product_name': '蒙牛纯牛奶 250ml*12', 'order_amount': 1399.0, 'order_quantity': 1}, {'product_name': '雀巢金牌速溶咖啡', 'order_amount': 1399.0, 'order_quantity': 1}, {'product_name': '李维斯 501 牛仔裤', 'order_amount': 1399.0, 'order_quantity': 1}, {'product_name': '优衣库 Heattech 保暖夹克', 'order_amount': 1399.0, 'order_quantity': 1}, {'product_name': '阿迪达斯 Ultraboost 跑鞋', 'order_amount': 1399.0, 'order_quantity': 1}, {'product_name': '耐克 Air Max 270 运动鞋', 'order_amount': 1399.0, 'order_quantity': 1}, {'product_name': '美的空调 KFR-35GW', 'order_amount': 1399.0, 'order_quantity': 1}, {'product_name': '戴森 V15 吸尘器', 'order_amount': 1399.0, 'order_quantity': 1}, {'product_name': 'Mate 60 Pro', 'order_amount': 1399.0, 'order_quantity': 1}, {'product_name': 'Galaxy S24 Ultra', 'order_amount': 1399.0, 'order_quantity': 1}, {'product_name': 'iPhone 15 Pro', 'order_amount': 1399.0, 'order_quantity': 1}, {'product_name': 'Instant Pot 多功能电压力锅', 'order_amount': 40.0, 'order_quantity': 8}, {'product_name': 'Kindle Paperwhite 电子书', 'order_amount': 40.0, 'order_quantity': 8}, {'product_name': '奥利奥巧克力夹心饼干', 'order_amount': 40.0, 'order_quantity': 8}, {'product_name': '乐事原味薯片 150g', 'order_amount': 40.0, 'order_quantity': 8}, {'product_name': '蒙牛纯牛奶 250ml*12', 'order_amount': 40.0, 'order_quantity': 8}, {'product_name': '雀巢金牌速溶咖啡', 'order_amount': 40.0, 'order_quantity': 8}, {'product_name': '李维斯 501 牛仔裤', 'order_amount': 40.0, 'order_quantity': 8}, {'product_name': '优衣库 Heattech 保暖夹克', 'order_amount': 40.0, 'order_quantity': 8}, {'product_name': '阿迪达斯 Ultraboost 跑鞋', 'order_amount': 40.0, 'order_quantity': 8}, {'product_name': '耐克 Air Max 270 运动鞋', 'order_amount': 40.0, 'order_quantity': 8}, {'product_name': '美的空调 KFR-35GW', 'order_amount': 40.0, 'order_quantity': 8}, {'product_name': '戴森 V15 吸尘器', 'order_amount': 40.0, 'order_quantity': 8}, {'product_name': 'Mate 60 Pro', 'order_amount': 40.0, 'order_quantity': 8}, {'product_name': 'Galaxy S24 Ultra', 'order_amount': 40.0, 'order_quantity': 8}, {'product_name': 'iPhone 15 Pro', 'order_amount': 40.0, 'order_quantity': 8}, {'product_name': 'Instant Pot 多功能电压力锅', 'order_amount': 299.0, 'order_quantity': 2}, {'product_name': 'Kindle Paperwhite 电子书', 'order_amount': 299.0, 'order_quantity': 2}, {'product_name': '奥利奥巧克力夹心饼干', 'order_amount': 299.0, 'order_quantity': 2}, {'product_name': '乐事原味薯片 150g', 'order_amount': 299.0, 'order_quantity': 2}, {'product_name': '蒙牛纯牛奶 250ml*12', 'order_amount': 299.0, 'order_quantity': 2}, {'product_name': '雀巢金牌速溶咖啡', 'order_amount': 299.0, 'order_quantity': 2}, {'product_name': '李维斯 501 牛仔裤', 'order_amount': 299.0, 'order_quantity': 2}, {'product_name': '优衣库 Heattech 保暖夹克', 'order_amount': 299.0, 'order_quantity': 2}, {'product_name': '阿迪达斯 Ultraboost 跑鞋', 'order_amount': 299.0, 'order_quantity': 2}, {'product_name': '耐克 Air Max 270 运动鞋', 'order_amount': 299.0, 'order_quantity': 2}, {'product_name': '美的空调 KFR-35GW', 'order_amount': 299.0, 'order_quantity': 2}, {'product_name': '戴森 V15 吸尘器', 'order_amount': 299.0, 'order_quantity': 2}, {'product_name': 'Mate 60 Pro', 'order_amount': 299.0, 'order_quantity': 2}, {'product_name': 'Galaxy S24 Ultra', 'order_amount': 299.0, 'order_quantity': 2}, {'product_name': 'iPhone 15 Pro', 'order_amount': 299.0, 'order_quantity': 2}, {'product_name': 'Instant Pot 多功能电压力锅', 'order_amount': 200.0, 'order_quantity': 8}, {'product_name': 'Kindle Paperwhite 电子书', 'order_amount': 200.0, 'order_quantity': 8}, {'product_name': '奥利奥巧克力夹心饼干', 'order_amount': 200.0, 'order_quantity': 8}, {'product_name': '乐事原味薯片 150g', 'order_amount': 200.0, 'order_quantity': 8}, {'product_name': '蒙牛纯牛奶 250ml*12', 'order_amount': 200.0, 'order_quantity': 8}, {'product_name': '雀巢金牌速溶咖啡', 'order_amount': 200.0, 'order_quantity': 8}, {'product_name': '李维斯 501 牛仔裤', 'order_amount': 200.0, 'order_quantity': 8}, {'product_name': '优衣库 Heattech 保暖夹克', 'order_amount': 200.0, 'order_quantity': 8}, {'product_name': '阿迪达斯 Ultraboost 跑鞋', 'order_amount': 200.0, 'order_quantity': 8}, {'product_name': '耐克 Air Max 270 运动鞋', 'order_amount': 200.0, 'order_quantity': 8}, {'product_name': '美的空调 KFR-35GW', 'order_amount': 200.0, 'order_quantity': 8}, {'product_name': '戴森 V15 吸尘器', 'order_amount': 200.0, 'order_quantity': 8}, {'product_name': 'Mate 60 Pro', 'order_amount': 200.0, 'order_quantity': 8}, {'product_name': 'Galaxy S24 Ultra', 'order_amount': 200.0, 'order_quantity': 8}, {'product_name': 'iPhone 15 Pro', 'order_amount': 200.0, 'order_quantity': 8}, {'product_name': 'Instant Pot 多功能电压力锅', 'order_amount': 9499.0, 'order_quantity': 1}, {'product_name': 'Kindle Paperwhite 电子书', 'order_amount': 9499.0, 'order_quantity': 1}, {'product_name': '奥利奥巧克力夹心饼干', 'order_amount': 9499.0, 'order_quantity': 1}, {'product_name': '乐事原味薯片 150g', 'order_amount': 9499.0, 'order_quantity': 1}, {'product_name': '蒙牛纯牛奶 250ml*12', 'order_amount': 9499.0, 'order_quantity': 1}, {'product_name': '雀巢金牌速溶咖啡', 'order_amount': 9499.0, 'order_quantity': 1}, {'product_name': '李维斯 501 牛仔裤', 'order_amount': 9499.0, 'order_quantity': 1}, {'product_name': '优衣库 Heattech 保暖夹克', 'order_amount': 9499.0, 'order_quantity': 1}, {'product_name': '阿迪达斯 Ultraboost 跑鞋', 'order_amount': 9499.0, 'order_quantity': 1}, {'product_name': '耐克 Air Max 270 运动鞋', 'order_amount': 9499.0, 'order_quantity': 1}, {'product_name': '美的空调 KFR-35GW', 'order_amount': 9499.0, 'order_quantity': 1}, {'product_name': '戴森 V15 吸尘器', 'order_amount': 9499.0, 'order_quantity': 1}, {'product_name': 'Mate 60 Pro', 'order_amount': 9499.0, 'order_quantity': 1}, {'product_name': 'Galaxy S24 Ultra', 'order_amount': 9499.0, 'order_quantity': 1}, {'product_name': 'iPhone 15 Pro', 'order_amount': 9499.0, 'order_quantity': 1}, {'product_name': 'Instant Pot 多功能电压力锅', 'order_amount': 35.0, 'order_quantity': 10}, {'product_name': 'Kindle Paperwhite 电子书', 'order_amount': 35.0, 'order_quantity': 10}, {'product_name': '奥利奥巧克力夹心饼干', 'order_amount': 35.0, 'order_quantity': 10}, {'product_name': '乐事原味薯片 150g', 'order_amount': 35.0, 'order_quantity': 10}, {'product_name': '蒙牛纯牛奶 250ml*12', 'order_amount': 35.0, 'order_quantity': 10}, {'product_name': '雀巢金牌速溶咖啡', 'order_amount': 35.0, 'order_quantity': 10}, {'product_name': '李维斯 501 牛仔裤', 'order_amount': 35.0, 'order_quantity': 10}, {'product_name': '优衣库 Heattech 保暖夹克', 'order_amount': 35.0, 'order_quantity': 10}, {'product_name': '阿迪达斯 Ultraboost 跑鞋', 'order_amount': 35.0, 'order_quantity': 10}, {'product_name': '耐克 Air Max 270 运动鞋', 'order_amount': 35.0, 'order_quantity': 10}, {'product_name': '美的空调 KFR-35GW', 'order_amount': 35.0, 'order_quantity': 10}, {'product_name': '戴森 V15 吸尘器', 'order_amount': 35.0, 'order_quantity': 10}, {'product_name': 'Mate 60 Pro', 'order_amount': 35.0, 'order_quantity': 10}, {'product_name': 'Galaxy S24 Ultra', 'order_amount': 35.0, 'order_quantity': 10}, {'product_name': 'iPhone 15 Pro', 'order_amount': 35.0, 'order_quantity': 10}, {'product_name': 'Instant Pot 多功能电压力锅', 'order_amount': 3200.0, 'order_quantity': 1}, {'product_name': 'Kindle Paperwhite 电子书', 'order_amount': 3200.0, 'order_quantity': 1}, {'product_name': '奥利奥巧克力夹心饼干', 'order_amount': 3200.0, 'order_quantity': 1}, {'product_name': '乐事原味薯片 150g', 'order_amount': 3200.0, 'order_quantity': 1}, {'product_name': '蒙牛纯牛奶 250ml*12', 'order_amount': 3200.0, 'order_quantity': 1}, {'product_name': '雀巢金牌速溶咖啡', 'order_amount': 3200.0, 'order_quantity': 1}, {'product_name': '李维斯 501 牛仔裤', 'order_amount': 3200.0, 'order_quantity': 1}, {'product_name': '优衣库 Heattech 保暖夹克', 'order_amount': 3200.0, 'order_quantity': 1}, {'product_name': '阿迪达斯 Ultraboost 跑鞋', 'order_amount': 3200.0, 'order_quantity': 1}, {'product_name': '耐克 Air Max 270 运动鞋', 'order_amount': 3200.0, 'order_quantity': 1}, {'product_name': '美的空调 KFR-35GW', 'order_amount': 3200.0, 'order_quantity': 1}, {'product_name': '戴森 V15 吸尘器', 'order_amount': 3200.0, 'order_quantity': 1}, {'product_name': 'Mate 60 Pro', 'order_amount': 3200.0, 'order_quantity': 1}, {'product_name': 'Galaxy S24 Ultra', 'order_amount': 3200.0, 'order_quantity': 1}, {'product_name': 'iPhone 15 Pro', 'order_amount': 3200.0, 'order_quantity': 1}, {'product_name': 'Instant Pot 多功能电压力锅', 'order_amount': 3200.0, 'order_quantity': 1}, {'product_name': 'Kindle Paperwhite 电子书', 'order_amount': 3200.0, 'order_quantity': 1}, {'product_name': '奥利奥巧克力夹心饼干', 'order_amount': 3200.0, 'order_quantity': 1}, {'product_name': '乐事原味薯片 150g', 'order_amount': 3200.0, 'order_quantity': 1}, {'product_name': '蒙牛纯牛奶 250ml*12', 'order_amount': 3200.0, 'order_quantity': 1}, {'product_name': '雀巢金牌速溶咖啡', 'order_amount': 3200.0, 'order_quantity': 1}, {'product_name': '李维斯 501 牛仔裤', 'order_amount': 3200.0, 'order_quantity': 1}, {'product_name': '优衣库 Heattech 保暖夹克', 'order_amount': 3200.0, 'order_quantity': 1}, {'product_name': '阿迪达斯 Ultraboost 跑鞋', 'order_amount': 3200.0, 'order_quantity': 1}, {'product_name': '耐克 Air Max 270 运动鞋', 'order_amount': 3200.0, 'order_quantity': 1}, {'product_name': '美的空调 KFR-35GW', 'order_amount': 3200.0, 'order_quantity': 1}, {'product_name': '戴森 V15 吸尘器', 'order_amount': 3200.0, 'order_quantity': 1}, {'product_name': 'Mate 60 Pro', 'order_amount': 3200.0, 'order_quantity': 1}, {'product_name': 'Galaxy S24 Ultra', 'order_amount': 3200.0, 'order_quantity': 1}, {'product_name': 'iPhone 15 Pro', 'order_amount': 3200.0, 'order_quantity': 1}, {'product_name': 'Instant Pot 多功能电压力锅', 'order_amount': 599.0, 'order_quantity': 1}, {'product_name': 'Kindle Paperwhite 电子书', 'order_amount': 599.0, 'order_quantity': 1}, {'product_name': '奥利奥巧克力夹心饼干', 'order_amount': 599.0, 'order_quantity': 1}, {'product_name': '乐事原味薯片 150g', 'order_amount': 599.0, 'order_quantity': 1}, {'product_name': '蒙牛纯牛奶 250ml*12', 'order_amount': 599.0, 'order_quantity': 1}, {'product_name': '雀巢金牌速溶咖啡', 'order_amount': 599.0, 'order_quantity': 1}, {'product_name': '李维斯 501 牛仔裤', 'order_amount': 599.0, 'order_quantity': 1}, {'product_name': '优衣库 Heattech 保暖夹克', 'order_amount': 599.0, 'order_quantity': 1}, {'product_name': '阿迪达斯 Ultraboost 跑鞋', 'order_amount': 599.0, 'order_quantity': 1}, {'product_name': '耐克 Air Max 270 运动鞋', 'order_amount': 599.0, 'order_quantity': 1}, {'product_name': '美的空调 KFR-35GW', 'order_amount': 599.0, 'order_quantity': 1}, {'product_name': '戴森 V15 吸尘器', 'order_amount': 599.0, 'order_quantity': 1}, {'product_name': 'Mate 60 Pro', 'order_amount': 599.0, 'order_quantity': 1}, {'product_name': 'Galaxy S24 Ultra', 'order_amount': 599.0, 'order_quantity': 1}, {'product_name': 'iPhone 15 Pro', 'order_amount': 599.0, 'order_quantity': 1}, {'product_name': 'Instant Pot 多功能电压力锅', 'order_amount': 1299.0, 'order_quantity': 1}, {'product_name': 'Kindle Paperwhite 电子书', 'order_amount': 1299.0, 'order_quantity': 1}, {'product_name': '奥利奥巧克力夹心饼干', 'order_amount': 1299.0, 'order_quantity': 1}, {'product_name': '乐事原味薯片 150g', 'order_amount': 1299.0, 'order_quantity': 1}, {'product_name': '蒙牛纯牛奶 250ml*12', 'order_amount': 1299.0, 'order_quantity': 1}, {'product_name': '雀巢金牌速溶咖啡', 'order_amount': 1299.0, 'order_quantity': 1}, {'product_name': '李维斯 501 牛仔裤', 'order_amount': 1299.0, 'order_quantity': 1}, {'product_name': '优衣库 Heattech 保暖夹克', 'order_amount': 1299.0, 'order_quantity': 1}, {'product_name': '阿迪达斯 Ultraboost 跑鞋', 'order_amount': 1299.0, 'order_quantity': 1}, {'product_name': '耐克 Air Max 270 运动鞋', 'order_amount': 1299.0, 'order_quantity': 1}, {'product_name': '美的空调 KFR-35GW', 'order_amount': 1299.0, 'order_quantity': 1}, {'product_name': '戴森 V15 吸尘器', 'order_amount': 1299.0, 'order_quantity': 1}, {'product_name': 'Mate 60 Pro', 'order_amount': 1299.0, 'order_quantity': 1}, {'product_name': 'Galaxy S24 Ultra', 'order_amount': 1299.0, 'order_quantity': 1}, {'product_name': 'iPhone 15 Pro', 'order_amount': 1299.0, 'order_quantity': 1}, {'product_name': 'Instant Pot 多功能电压力锅', 'order_amount': 125.0, 'order_quantity': 5}, {'product_name': 'Kindle Paperwhite 电子书', 'order_amount': 125.0, 'order_quantity': 5}, {'product_name': '奥利奥巧克力夹心饼干', 'order_amount': 125.0, 'order_quantity': 5}, {'product_name': '乐事原味薯片 150g', 'order_amount': 125.0, 'order_quantity': 5}, {'product_name': '蒙牛纯牛奶 250ml*12', 'order_amount': 125.0, 'order_quantity': 5}, {'product_name': '雀巢金牌速溶咖啡', 'order_amount': 125.0, 'order_quantity': 5}, {'product_name': '李维斯 501 牛仔裤', 'order_amount': 125.0, 'order_quantity': 5}, {'product_name': '优衣库 Heattech 保暖夹克', 'order_amount': 125.0, 'order_quantity': 5}, {'product_name': '阿迪达斯 Ultraboost 跑鞋', 'order_amount': 125.0, 'order_quantity': 5}, {'product_name': '耐克 Air Max 270 运动鞋', 'order_amount': 125.0, 'order_quantity': 5}, {'product_name': '美的空调 KFR-35GW', 'order_amount': 125.0, 'order_quantity': 5}, {'product_name': '戴森 V15 吸尘器', 'order_amount': 125.0, 'order_quantity': 5}, {'product_name': 'Mate 60 Pro', 'order_amount': 125.0, 'order_quantity': 5}, {'product_name': 'Galaxy S24 Ultra', 'order_amount': 125.0, 'order_quantity': 5}, {'product_name': 'iPhone 15 Pro', 'order_amount': 125.0, 'order_quantity': 5}, {'product_name': 'Instant Pot 多功能电压力锅', 'order_amount': 5499.0, 'order_quantity': 1}, {'product_name': 'Kindle Paperwhite 电子书', 'order_amount': 5499.0, 'order_quantity': 1}, {'product_name': '奥利奥巧克力夹心饼干', 'order_amount': 5499.0, 'order_quantity': 1}, {'product_name': '乐事原味薯片 150g', 'order_amount': 5499.0, 'order_quantity': 1}, {'product_name': '蒙牛纯牛奶 250ml*12', 'order_amount': 5499.0, 'order_quantity': 1}, {'product_name': '雀巢金牌速溶咖啡', 'order_amount': 5499.0, 'order_quantity': 1}, {'product_name': '李维斯 501 牛仔裤', 'order_amount': 5499.0, 'order_quantity': 1}, {'product_name': '优衣库 Heattech 保暖夹克', 'order_amount': 5499.0, 'order_quantity': 1}, {'product_name': '阿迪达斯 Ultraboost 跑鞋', 'order_amount': 5499.0, 'order_quantity': 1}, {'product_name': '耐克 Air Max 270 运动鞋', 'order_amount': 5499.0, 'order_quantity': 1}, {'product_name': '美的空调 KFR-35GW', 'order_amount': 5499.0, 'order_quantity': 1}, {'product_name': '戴森 V15 吸尘器', 'order_amount': 5499.0, 'order_quantity': 1}, {'product_name': 'Mate 60 Pro', 'order_amount': 5499.0, 'order_quantity': 1}, {'product_name': 'Galaxy S24 Ultra', 'order_amount': 5499.0, 'order_quantity': 1}, {'product_name': 'iPhone 15 Pro', 'order_amount': 5499.0, 'order_quantity': 1}, {'product_name': 'Instant Pot 多功能电压力锅', 'order_amount': 899.0, 'order_quantity': 1}, {'product_name': 'Kindle Paperwhite 电子书', 'order_amount': 899.0, 'order_quantity': 1}, {'product_name': '奥利奥巧克力夹心饼干', 'order_amount': 899.0, 'order_quantity': 1}, {'product_name': '乐事原味薯片 150g', 'order_amount': 899.0, 'order_quantity': 1}, {'product_name': '蒙牛纯牛奶 250ml*12', 'order_amount': 899.0, 'order_quantity': 1}, {'product_name': '雀巢金牌速溶咖啡', 'order_amount': 899.0, 'order_quantity': 1}, {'product_name': '李维斯 501 牛仔裤', 'order_amount': 899.0, 'order_quantity': 1}, {'product_name': '优衣库 Heattech 保暖夹克', 'order_amount': 899.0, 'order_quantity': 1}, {'product_name': '阿迪达斯 Ultraboost 跑鞋', 'order_amount': 899.0, 'order_quantity': 1}, {'product_name': '耐克 Air Max 270 运动鞋', 'order_amount': 899.0, 'order_quantity': 1}, {'product_name': '美的空调 KFR-35GW', 'order_amount': 899.0, 'order_quantity': 1}, {'product_name': '戴森 V15 吸尘器', 'order_amount': 899.0, 'order_quantity': 1}, {'product_name': 'Mate 60 Pro', 'order_amount': 899.0, 'order_quantity': 1}, {'product_name': 'Galaxy S24 Ultra', 'order_amount': 899.0, 'order_quantity': 1}, {'product_name': 'iPhone 15 Pro', 'order_amount': 899.0, 'order_quantity': 1}, {'product_name': 'Instant Pot 多功能电压力锅', 'order_amount': 8999.0, 'order_quantity': 1}, {'product_name': 'Kindle Paperwhite 电子书', 'order_amount': 8999.0, 'order_quantity': 1}, {'product_name': '奥利奥巧克力夹心饼干', 'order_amount': 8999.0, 'order_quantity': 1}, {'product_name': '乐事原味薯片 150g', 'order_amount': 8999.0, 'order_quantity': 1}, {'product_name': '蒙牛纯牛奶 250ml*12', 'order_amount': 8999.0, 'order_quantity': 1}, {'product_name': '雀巢金牌速溶咖啡', 'order_amount': 8999.0, 'order_quantity': 1}, {'product_name': '李维斯 501 牛仔裤', 'order_amount': 8999.0, 'order_quantity': 1}, {'product_name': '优衣库 Heattech 保暖夹克', 'order_amount': 8999.0, 'order_quantity': 1}, {'product_name': '阿迪达斯 Ultraboost 跑鞋', 'order_amount': 8999.0, 'order_quantity': 1}, {'product_name': '耐克 Air Max 270 运动鞋', 'order_amount': 8999.0, 'order_quantity': 1}, {'product_name': '美的空调 KFR-35GW', 'order_amount': 8999.0, 'order_quantity': 1}, {'product_name': '戴森 V15 吸尘器', 'order_amount': 8999.0, 'order_quantity': 1}, {'product_name': 'Mate 60 Pro', 'order_amount': 8999.0, 'order_quantity': 1}, {'product_name': 'Galaxy S24 Ultra', 'order_amount': 8999.0, 'order_quantity': 1}, {'product_name': 'iPhone 15 Pro', 'order_amount': 8999.0, 'order_quantity': 1}, {'product_name': 'Instant Pot 多功能电压力锅', 'order_amount': 75.0, 'order_quantity': 3}, {'product_name': 'Kindle Paperwhite 电子书', 'order_amount': 75.0, 'order_quantity': 3}, {'product_name': '奥利奥巧克力夹心饼干', 'order_amount': 75.0, 'order_quantity': 3}, {'product_name': '乐事原味薯片 150g', 'order_amount': 75.0, 'order_quantity': 3}, {'product_name': '蒙牛纯牛奶 250ml*12', 'order_amount': 75.0, 'order_quantity': 3}, {'product_name': '雀巢金牌速溶咖啡', 'order_amount': 75.0, 'order_quantity': 3}, {'product_name': '李维斯 501 牛仔裤', 'order_amount': 75.0, 'order_quantity': 3}, {'product_name': '优衣库 Heattech 保暖夹克', 'order_amount': 75.0, 'order_quantity': 3}, {'product_name': '阿迪达斯 Ultraboost 跑鞋', 'order_amount': 75.0, 'order_quantity': 3}, {'product_name': '耐克 Air Max 270 运动鞋', 'order_amount': 75.0, 'order_quantity': 3}, {'product_name': '美的空调 KFR-35GW', 'order_amount': 75.0, 'order_quantity': 3}, {'product_name': '戴森 V15 吸尘器', 'order_amount': 75.0, 'order_quantity': 3}, {'product_name': 'Mate 60 Pro', 'order_amount': 75.0, 'order_quantity': 3}, {'product_name': 'Galaxy S24 Ultra', 'order_amount': 75.0, 'order_quantity': 3}, {'product_name': 'iPhone 15 Pro', 'order_amount': 75.0, 'order_quantity': 3}, {'product_name': 'Instant Pot 多功能电压力锅', 'order_amount': 6999.0, 'order_quantity': 1}, {'product_name': 'Kindle Paperwhite 电子书', 'order_amount': 6999.0, 'order_quantity': 1}, {'product_name': '奥利奥巧克力夹心饼干', 'order_amount': 6999.0, 'order_quantity': 1}, {'product_name': '乐事原味薯片 150g', 'order_amount': 6999.0, 'order_quantity': 1}, {'product_name': '蒙牛纯牛奶 250ml*12', 'order_amount': 6999.0, 'order_quantity': 1}, {'product_name': '雀巢金牌速溶咖啡', 'order_amount': 6999.0, 'order_quantity': 1}, {'product_name': '李维斯 501 牛仔裤', 'order_amount': 6999.0, 'order_quantity': 1}, {'product_name': '优衣库 Heattech 保暖夹克', 'order_amount': 6999.0, 'order_quantity': 1}, {'product_name': '阿迪达斯 Ultraboost 跑鞋', 'order_amount': 6999.0, 'order_quantity': 1}, {'product_name': '耐克 Air Max 270 运动鞋', 'order_amount': 6999.0, 'order_quantity': 1}, {'product_name': '美的空调 KFR-35GW', 'order_amount': 6999.0, 'order_quantity': 1}, {'product_name': '戴森 V15 吸尘器', 'order_amount': 6999.0, 'order_quantity': 1}, {'product_name': 'Mate 60 Pro', 'order_amount': 6999.0, 'order_quantity': 1}, {'product_name': 'Galaxy S24 Ultra', 'order_amount': 6999.0, 'order_quantity': 1}, {'product_name': 'iPhone 15 Pro', 'order_amount': 6999.0, 'order_quantity': 1}, {'product_name': 'Instant Pot 多功能电压力锅', 'order_amount': 30.0, 'order_quantity': 6}, {'product_name': 'Kindle Paperwhite 电子书', 'order_amount': 30.0, 'order_quantity': 6}, {'product_name': '奥利奥巧克力夹心饼干', 'order_amount': 30.0, 'order_quantity': 6}, {'product_name': '乐事原味薯片 150g', 'order_amount': 30.0, 'order_quantity': 6}, {'product_name': '蒙牛纯牛奶 250ml*12', 'order_amount': 30.0, 'order_quantity': 6}, {'product_name': '雀巢金牌速溶咖啡', 'order_amount': 30.0, 'order_quantity': 6}, {'product_name': '李维斯 501 牛仔裤', 'order_amount': 30.0, 'order_quantity': 6}, {'product_name': '优衣库 Heattech 保暖夹克', 'order_amount': 30.0, 'order_quantity': 6}, {'product_name': '阿迪达斯 Ultraboost 跑鞋', 'order_amount': 30.0, 'order_quantity': 6}, {'product_name': '耐克 Air Max 270 运动鞋', 'order_amount': 30.0, 'order_quantity': 6}, {'product_name': '美的空调 KFR-35GW', 'order_amount': 30.0, 'order_quantity': 6}, {'product_name': '戴森 V15 吸尘器', 'order_amount': 30.0, 'order_quantity': 6}, {'product_name': 'Mate 60 Pro', 'order_amount': 30.0, 'order_quantity': 6}, {'product_name': 'Galaxy S24 Ultra', 'order_amount': 30.0, 'order_quantity': 6}, {'product_name': 'iPhone 15 Pro', 'order_amount': 30.0, 'order_quantity': 6}, {'product_name': 'Instant Pot 多功能电压力锅', 'order_amount': 899.0, 'order_quantity': 1}, {'product_name': 'Kindle Paperwhite 电子书', 'order_amount': 899.0, 'order_quantity': 1}, {'product_name': '奥利奥巧克力夹心饼干', 'order_amount': 899.0, 'order_quantity': 1}, {'product_name': '乐事原味薯片 150g', 'order_amount': 899.0, 'order_quantity': 1}, {'product_name': '蒙牛纯牛奶 250ml*12', 'order_amount': 899.0, 'order_quantity': 1}, {'product_name': '雀巢金牌速溶咖啡', 'order_amount': 899.0, 'order_quantity': 1}, {'product_name': '李维斯 501 牛仔裤', 'order_amount': 899.0, 'order_quantity': 1}, {'product_name': '优衣库 Heattech 保暖夹克', 'order_amount': 899.0, 'order_quantity': 1}, {'product_name': '阿迪达斯 Ultraboost 跑鞋', 'order_amount': 899.0, 'order_quantity': 1}, {'product_name': '耐克 Air Max 270 运动鞋', 'order_amount': 899.0, 'order_quantity': 1}, {'product_name': '美的空调 KFR-35GW', 'order_amount': 899.0, 'order_quantity': 1}, {'product_name': '戴森 V15 吸尘器', 'order_amount': 899.0, 'order_quantity': 1}, {'product_name': 'Mate 60 Pro', 'order_amount': 899.0, 'order_quantity': 1}, {'product_name': 'Galaxy S24 Ultra', 'order_amount': 899.0, 'order_quantity': 1}, {'product_name': 'iPhone 15 Pro', 'order_amount': 899.0, 'order_quantity': 1}, {'product_name': 'Instant Pot 多功能电压力锅', 'order_amount': 50.0, 'order_quantity': 10}, {'product_name': 'Kindle Paperwhite 电子书', 'order_amount': 50.0, 'order_quantity': 10}, {'product_name': '奥利奥巧克力夹心饼干', 'order_amount': 50.0, 'order_quantity': 10}, {'product_name': '乐事原味薯片 150g', 'order_amount': 50.0, 'order_quantity': 10}, {'product_name': '蒙牛纯牛奶 250ml*12', 'order_amount': 50.0, 'order_quantity': 10}, {'product_name': '雀巢金牌速溶咖啡', 'order_amount': 50.0, 'order_quantity': 10}, {'product_name': '李维斯 501 牛仔裤', 'order_amount': 50.0, 'order_quantity': 10}, {'product_name': '优衣库 Heattech 保暖夹克', 'order_amount': 50.0, 'order_quantity': 10}, {'product_name': '阿迪达斯 Ultraboost 跑鞋', 'order_amount': 50.0, 'order_quantity': 10}, {'product_name': '耐克 Air Max 270 运动鞋', 'order_amount': 50.0, 'order_quantity': 10}, {'product_name': '美的空调 KFR-35GW', 'order_amount': 50.0, 'order_quantity': 10}, {'product_name': '戴森 V15 吸尘器', 'order_amount': 50.0, 'order_quantity': 10}, {'product_name': 'Mate 60 Pro', 'order_amount': 50.0, 'order_quantity': 10}, {'product_name': 'Galaxy S24 Ultra', 'order_amount': 50.0, 'order_quantity': 10}, {'product_name': 'iPhone 15 Pro', 'order_amount': 50.0, 'order_quantity': 10}, {'product_name': 'Instant Pot 多功能电压力锅', 'order_amount': 1399.0, 'order_quantity': 1}, {'product_name': 'Kindle Paperwhite 电子书', 'order_amount': 1399.0, 'order_quantity': 1}, {'product_name': '奥利奥巧克力夹心饼干', 'order_amount': 1399.0, 'order_quantity': 1}, {'product_name': '乐事原味薯片 150g', 'order_amount': 1399.0, 'order_quantity': 1}, {'product_name': '蒙牛纯牛奶 250ml*12', 'order_amount': 1399.0, 'order_quantity': 1}, {'product_name': '雀巢金牌速溶咖啡', 'order_amount': 1399.0, 'order_quantity': 1}, {'product_name': '李维斯 501 牛仔裤', 'order_amount': 1399.0, 'order_quantity': 1}, {'product_name': '优衣库 Heattech 保暖夹克', 'order_amount': 1399.0, 'order_quantity': 1}, {'product_name': '阿迪达斯 Ultraboost 跑鞋', 'order_amount': 1399.0, 'order_quantity': 1}, {'product_name': '耐克 Air Max 270 运动鞋', 'order_amount': 1399.0, 'order_quantity': 1}, {'product_name': '美的空调 KFR-35GW', 'order_amount': 1399.0, 'order_quantity': 1}, {'product_name': '戴森 V15 吸尘器', 'order_amount': 1399.0, 'order_quantity': 1}, {'product_name': 'Mate 60 Pro', 'order_amount': 1399.0, 'order_quantity': 1}, {'product_name': 'Galaxy S24 Ultra', 'order_amount': 1399.0, 'order_quantity': 1}, {'product_name': 'iPhone 15 Pro', 'order_amount': 1399.0, 'order_quantity': 1}, {'product_name': 'Instant Pot 多功能电压力锅', 'order_amount': 199.0, 'order_quantity': 1}, {'product_name': 'Kindle Paperwhite 电子书', 'order_amount': 199.0, 'order_quantity': 1}, {'product_name': '奥利奥巧克力夹心饼干', 'order_amount': 199.0, 'order_quantity': 1}, {'product_name': '乐事原味薯片 150g', 'order_amount': 199.0, 'order_quantity': 1}, {'product_name': '蒙牛纯牛奶 250ml*12', 'order_amount': 199.0, 'order_quantity': 1}, {'product_name': '雀巢金牌速溶咖啡', 'order_amount': 199.0, 'order_quantity': 1}, {'product_name': '李维斯 501 牛仔裤', 'order_amount': 199.0, 'order_quantity': 1}, {'product_name': '优衣库 Heattech 保暖夹克', 'order_amount': 199.0, 'order_quantity': 1}, {'product_name': '阿迪达斯 Ultraboost 跑鞋', 'order_amount': 199.0, 'order_quantity': 1}, {'product_name': '耐克 Air Max 270 运动鞋', 'order_amount': 199.0, 'order_quantity': 1}, {'product_name': '美的空调 KFR-35GW', 'order_amount': 199.0, 'order_quantity': 1}, {'product_name': '戴森 V15 吸尘器', 'order_amount': 199.0, 'order_quantity': 1}, {'product_name': 'Mate 60 Pro', 'order_amount': 199.0, 'order_quantity': 1}, {'product_name': 'Galaxy S24 Ultra', 'order_amount': 199.0, 'order_quantity': 1}, {'product_name': 'iPhone 15 Pro', 'order_amount': 199.0, 'order_quantity': 1}, {'product_name': 'Instant Pot 多功能电压力锅', 'order_amount': 87.5, 'order_quantity': 25}, {'product_name': 'Kindle Paperwhite 电子书', 'order_amount': 87.5, 'order_quantity': 25}, {'product_name': '奥利奥巧克力夹心饼干', 'order_amount': 87.5, 'order_quantity': 25}, {'product_name': '乐事原味薯片 150g', 'order_amount': 87.5, 'order_quantity': 25}, {'product_name': '蒙牛纯牛奶 250ml*12', 'order_amount': 87.5, 'order_quantity': 25}, {'product_name': '雀巢金牌速溶咖啡', 'order_amount': 87.5, 'order_quantity': 25}, {'product_name': '李维斯 501 牛仔裤', 'order_amount': 87.5, 'order_quantity': 25}, {'product_name': '优衣库 Heattech 保暖夹克', 'order_amount': 87.5, 'order_quantity': 25}, {'product_name': '阿迪达斯 Ultraboost 跑鞋', 'order_amount': 87.5, 'order_quantity': 25}, {'product_name': '耐克 Air Max 270 运动鞋', 'order_amount': 87.5, 'order_quantity': 25}, {'product_name': '美的空调 KFR-35GW', 'order_amount': 87.5, 'order_quantity': 25}, {'product_name': '戴森 V15 吸尘器', 'order_amount': 87.5, 'order_quantity': 25}, {'product_name': 'Mate 60 Pro', 'order_amount': 87.5, 'order_quantity': 25}, {'product_name': 'Galaxy S24 Ultra', 'order_amount': 87.5, 'order_quantity': 25}, {'product_name': 'iPhone 15 Pro', 'order_amount': 87.5, 'order_quantity': 25}, {'product_name': 'Instant Pot 多功能电压力锅', 'order_amount': 9499.0, 'order_quantity': 1}, {'product_name': 'Kindle Paperwhite 电子书', 'order_amount': 9499.0, 'order_quantity': 1}, {'product_name': '奥利奥巧克力夹心饼干', 'order_amount': 9499.0, 'order_quantity': 1}, {'product_name': '乐事原味薯片 150g', 'order_amount': 9499.0, 'order_quantity': 1}, {'product_name': '蒙牛纯牛奶 250ml*12', 'order_amount': 9499.0, 'order_quantity': 1}, {'product_name': '雀巢金牌速溶咖啡', 'order_amount': 9499.0, 'order_quantity': 1}, {'product_name': '李维斯 501 牛仔裤', 'order_amount': 9499.0, 'order_quantity': 1}, {'product_name': '优衣库 Heattech 保暖夹克', 'order_amount': 9499.0, 'order_quantity': 1}, {'product_name': '阿迪达斯 Ultraboost 跑鞋', 'order_amount': 9499.0, 'order_quantity': 1}, {'product_name': '耐克 Air Max 270 运动鞋', 'order_amount': 9499.0, 'order_quantity': 1}, {'product_name': '美的空调 KFR-35GW', 'order_amount': 9499.0, 'order_quantity': 1}, {'product_name': '戴森 V15 吸尘器', 'order_amount': 9499.0, 'order_quantity': 1}, {'product_name': 'Mate 60 Pro', 'order_amount': 9499.0, 'order_quantity': 1}, {'product_name': 'Galaxy S24 Ultra', 'order_amount': 9499.0, 'order_quantity': 1}, {'product_name': 'iPhone 15 Pro', 'order_amount': 9499.0, 'order_quantity': 1}, {'product_name': 'Instant Pot 多功能电压力锅', 'order_amount': 42.0, 'order_quantity': 12}, {'product_name': 'Kindle Paperwhite 电子书', 'order_amount': 42.0, 'order_quantity': 12}, {'product_name': '奥利奥巧克力夹心饼干', 'order_amount': 42.0, 'order_quantity': 12}, {'product_name': '乐事原味薯片 150g', 'order_amount': 42.0, 'order_quantity': 12}, {'product_name': '蒙牛纯牛奶 250ml*12', 'order_amount': 42.0, 'order_quantity': 12}, {'product_name': '雀巢金牌速溶咖啡', 'order_amount': 42.0, 'order_quantity': 12}, {'product_name': '李维斯 501 牛仔裤', 'order_amount': 42.0, 'order_quantity': 12}, {'product_name': '优衣库 Heattech 保暖夹克', 'order_amount': 42.0, 'order_quantity': 12}, {'product_name': '阿迪达斯 Ultraboost 跑鞋', 'order_amount': 42.0, 'order_quantity': 12}, {'product_name': '耐克 Air Max 270 运动鞋', 'order_amount': 42.0, 'order_quantity': 12}, {'product_name': '美的空调 KFR-35GW', 'order_amount': 42.0, 'order_quantity': 12}, {'product_name': '戴森 V15 吸尘器', 'order_amount': 42.0, 'order_quantity': 12}, {'product_name': 'Mate 60 Pro', 'order_amount': 42.0, 'order_quantity': 12}, {'product_name': 'Galaxy S24 Ultra', 'order_amount': 42.0, 'order_quantity': 12}, {'product_name': 'iPhone 15 Pro', 'order_amount': 42.0, 'order_quantity': 12}, {'product_name': 'Instant Pot 多功能电压力锅', 'order_amount': 3200.0, 'order_quantity': 1}, {'product_name': 'Kindle Paperwhite 电子书', 'order_amount': 3200.0, 'order_quantity': 1}, {'product_name': '奥利奥巧克力夹心饼干', 'order_amount': 3200.0, 'order_quantity': 1}, {'product_name': '乐事原味薯片 150g', 'order_amount': 3200.0, 'order_quantity': 1}, {'product_name': '蒙牛纯牛奶 250ml*12', 'order_amount': 3200.0, 'order_quantity': 1}, {'product_name': '雀巢金牌速溶咖啡', 'order_amount': 3200.0, 'order_quantity': 1}, {'product_name': '李维斯 501 牛仔裤', 'order_amount': 3200.0, 'order_quantity': 1}, {'product_name': '优衣库 Heattech 保暖夹克', 'order_amount': 3200.0, 'order_quantity': 1}, {'product_name': '阿迪达斯 Ultraboost 跑鞋', 'order_amount': 3200.0, 'order_quantity': 1}, {'product_name': '耐克 Air Max 270 运动鞋', 'order_amount': 3200.0, 'order_quantity': 1}, {'product_name': '美的空调 KFR-35GW', 'order_amount': 3200.0, 'order_quantity': 1}, {'product_name': '戴森 V15 吸尘器', 'order_amount': 3200.0, 'order_quantity': 1}, {'product_name': 'Mate 60 Pro', 'order_amount': 3200.0, 'order_quantity': 1}, {'product_name': 'Galaxy S24 Ultra', 'order_amount': 3200.0, 'order_quantity': 1}, {'product_name': 'iPhone 15 Pro', 'order_amount': 3200.0, 'order_quantity': 1}, {'product_name': 'Instant Pot 多功能电压力锅', 'order_amount': 1198.0, 'order_quantity': 2}, {'product_name': 'Kindle Paperwhite 电子书', 'order_amount': 1198.0, 'order_quantity': 2}, {'product_name': '奥利奥巧克力夹心饼干', 'order_amount': 1198.0, 'order_quantity': 2}, {'product_name': '乐事原味薯片 150g', 'order_amount': 1198.0, 'order_quantity': 2}, {'product_name': '蒙牛纯牛奶 250ml*12', 'order_amount': 1198.0, 'order_quantity': 2}, {'product_name': '雀巢金牌速溶咖啡', 'order_amount': 1198.0, 'order_quantity': 2}, {'product_name': '李维斯 501 牛仔裤', 'order_amount': 1198.0, 'order_quantity': 2}, {'product_name': '优衣库 Heattech 保暖夹克', 'order_amount': 1198.0, 'order_quantity': 2}, {'product_name': '阿迪达斯 Ultraboost 跑鞋', 'order_amount': 1198.0, 'order_quantity': 2}, {'product_name': '耐克 Air Max 270 运动鞋', 'order_amount': 1198.0, 'order_quantity': 2}, {'product_name': '美的空调 KFR-35GW', 'order_amount': 1198.0, 'order_quantity': 2}, {'product_name': '戴森 V15 吸尘器', 'order_amount': 1198.0, 'order_quantity': 2}, {'product_name': 'Mate 60 Pro', 'order_amount': 1198.0, 'order_quantity': 2}, {'product_name': 'Galaxy S24 Ultra', 'order_amount': 1198.0, 'order_quantity': 2}, {'product_name': 'iPhone 15 Pro', 'order_amount': 1198.0, 'order_quantity': 2}, {'product_name': 'Instant Pot 多功能电压力锅', 'order_amount': 1299.0, 'order_quantity': 1}, {'product_name': 'Kindle Paperwhite 电子书', 'order_amount': 1299.0, 'order_quantity': 1}, {'product_name': '奥利奥巧克力夹心饼干', 'order_amount': 1299.0, 'order_quantity': 1}, {'product_name': '乐事原味薯片 150g', 'order_amount': 1299.0, 'order_quantity': 1}, {'product_name': '蒙牛纯牛奶 250ml*12', 'order_amount': 1299.0, 'order_quantity': 1}, {'product_name': '雀巢金牌速溶咖啡', 'order_amount': 1299.0, 'order_quantity': 1}, {'product_name': '李维斯 501 牛仔裤', 'order_amount': 1299.0, 'order_quantity': 1}, {'product_name': '优衣库 Heattech 保暖夹克', 'order_amount': 1299.0, 'order_quantity': 1}, {'product_name': '阿迪达斯 Ultraboost 跑鞋', 'order_amount': 1299.0, 'order_quantity': 1}, {'product_name': '耐克 Air Max 270 运动鞋', 'order_amount': 1299.0, 'order_quantity': 1}, {'product_name': '美的空调 KFR-35GW', 'order_amount': 1299.0, 'order_quantity': 1}, {'product_name': '戴森 V15 吸尘器', 'order_amount': 1299.0, 'order_quantity': 1}, {'product_name': 'Mate 60 Pro', 'order_amount': 1299.0, 'order_quantity': 1}, {'product_name': 'Galaxy S24 Ultra', 'order_amount': 1299.0, 'order_quantity': 1}, {'product_name': 'iPhone 15 Pro', 'order_amount': 1299.0, 'order_quantity': 1}, {'product_name': 'Instant Pot 多功能电压力锅', 'order_amount': 8999.0, 'order_quantity': 1}, {'product_name': 'Kindle Paperwhite 电子书', 'order_amount': 8999.0, 'order_quantity': 1}, {'product_name': '奥利奥巧克力夹心饼干', 'order_amount': 8999.0, 'order_quantity': 1}, {'product_name': '乐事原味薯片 150g', 'order_amount': 8999.0, 'order_quantity': 1}, {'product_name': '蒙牛纯牛奶 250ml*12', 'order_amount': 8999.0, 'order_quantity': 1}, {'product_name': '雀巢金牌速溶咖啡', 'order_amount': 8999.0, 'order_quantity': 1}, {'product_name': '李维斯 501 牛仔裤', 'order_amount': 8999.0, 'order_quantity': 1}, {'product_name': '优衣库 Heattech 保暖夹克', 'order_amount': 8999.0, 'order_quantity': 1}, {'product_name': '阿迪达斯 Ultraboost 跑鞋', 'order_amount': 8999.0, 'order_quantity': 1}, {'product_name': '耐克 Air Max 270 运动鞋', 'order_amount': 8999.0, 'order_quantity': 1}, {'product_name': '美的空调 KFR-35GW', 'order_amount': 8999.0, 'order_quantity': 1}, {'product_name': '戴森 V15 吸尘器', 'order_amount': 8999.0, 'order_quantity': 1}, {'product_name': 'Mate 60 Pro', 'order_amount': 8999.0, 'order_quantity': 1}, {'product_name': 'Galaxy S24 Ultra', 'order_amount': 8999.0, 'order_quantity': 1}, {'product_name': 'iPhone 15 Pro', 'order_amount': 8999.0, 'order_quantity': 1}, {'product_name': 'Instant Pot 多功能电压力锅', 'order_amount': 5499.0, 'order_quantity': 1}, {'product_name': 'Kindle Paperwhite 电子书', 'order_amount': 5499.0, 'order_quantity': 1}, {'product_name': '奥利奥巧克力夹心饼干', 'order_amount': 5499.0, 'order_quantity': 1}, {'product_name': '乐事原味薯片 150g', 'order_amount': 5499.0, 'order_quantity': 1}, {'product_name': '蒙牛纯牛奶 250ml*12', 'order_amount': 5499.0, 'order_quantity': 1}, {'product_name': '雀巢金牌速溶咖啡', 'order_amount': 5499.0, 'order_quantity': 1}, {'product_name': '李维斯 501 牛仔裤', 'order_amount': 5499.0, 'order_quantity': 1}, {'product_name': '优衣库 Heattech 保暖夹克', 'order_amount': 5499.0, 'order_quantity': 1}, {'product_name': '阿迪达斯 Ultraboost 跑鞋', 'order_amount': 5499.0, 'order_quantity': 1}, {'product_name': '耐克 Air Max 270 运动鞋', 'order_amount': 5499.0, 'order_quantity': 1}, {'product_name': '美的空调 KFR-35GW', 'order_amount': 5499.0, 'order_quantity': 1}, {'product_name': '戴森 V15 吸尘器', 'order_amount': 5499.0, 'order_quantity': 1}, {'product_name': 'Mate 60 Pro', 'order_amount': 5499.0, 'order_quantity': 1}, {'product_name': 'Galaxy S24 Ultra', 'order_amount': 5499.0, 'order_quantity': 1}, {'product_name': 'iPhone 15 Pro', 'order_amount': 5499.0, 'order_quantity': 1}, {'product_name': 'Instant Pot 多功能电压力锅', 'order_amount': 899.0, 'order_quantity': 1}, {'product_name': 'Kindle Paperwhite 电子书', 'order_amount': 899.0, 'order_quantity': 1}, {'product_name': '奥利奥巧克力夹心饼干', 'order_amount': 899.0, 'order_quantity': 1}, {'product_name': '乐事原味薯片 150g', 'order_amount': 899.0, 'order_quantity': 1}, {'product_name': '蒙牛纯牛奶 250ml*12', 'order_amount': 899.0, 'order_quantity': 1}, {'product_name': '雀巢金牌速溶咖啡', 'order_amount': 899.0, 'order_quantity': 1}, {'product_name': '李维斯 501 牛仔裤', 'order_amount': 899.0, 'order_quantity': 1}, {'product_name': '优衣库 Heattech 保暖夹克', 'order_amount': 899.0, 'order_quantity': 1}, {'product_name': '阿迪达斯 Ultraboost 跑鞋', 'order_amount': 899.0, 'order_quantity': 1}, {'product_name': '耐克 Air Max 270 运动鞋', 'order_amount': 899.0, 'order_quantity': 1}, {'product_name': '美的空调 KFR-35GW', 'order_amount': 899.0, 'order_quantity': 1}, {'product_name': '戴森 V15 吸尘器', 'order_amount': 899.0, 'order_quantity': 1}, {'product_name': 'Mate 60 Pro', 'order_amount': 899.0, 'order_quantity': 1}, {'product_name': 'Galaxy S24 Ultra', 'order_amount': 899.0, 'order_quantity': 1}, {'product_name': 'iPhone 15 Pro', 'order_amount': 899.0, 'order_quantity': 1}, {'product_name': 'Instant Pot 多功能电压力锅', 'order_amount': 8999.0, 'order_quantity': 1}, {'product_name': 'Kindle Paperwhite 电子书', 'order_amount': 8999.0, 'order_quantity': 1}, {'product_name': '奥利奥巧克力夹心饼干', 'order_amount': 8999.0, 'order_quantity': 1}, {'product_name': '乐事原味薯片 150g', 'order_amount': 8999.0, 'order_quantity': 1}, {'product_name': '蒙牛纯牛奶 250ml*12', 'order_amount': 8999.0, 'order_quantity': 1}, {'product_name': '雀巢金牌速溶咖啡', 'order_amount': 8999.0, 'order_quantity': 1}, {'product_name': '李维斯 501 牛仔裤', 'order_amount': 8999.0, 'order_quantity': 1}, {'product_name': '优衣库 Heattech 保暖夹克', 'order_amount': 8999.0, 'order_quantity': 1}, {'product_name': '阿迪达斯 Ultraboost 跑鞋', 'order_amount': 8999.0, 'order_quantity': 1}, {'product_name': '耐克 Air Max 270 运动鞋', 'order_amount': 8999.0, 'order_quantity': 1}, {'product_name': '美的空调 KFR-35GW', 'order_amount': 8999.0, 'order_quantity': 1}, {'product_name': '戴森 V15 吸尘器', 'order_amount': 8999.0, 'order_quantity': 1}, {'product_name': 'Mate 60 Pro', 'order_amount': 8999.0, 'order_quantity': 1}, {'product_name': 'Galaxy S24 Ultra', 'order_amount': 8999.0, 'order_quantity': 1}, {'product_name': 'iPhone 15 Pro', 'order_amount': 8999.0, 'order_quantity': 1}, {'product_name': 'Instant Pot 多功能电压力锅', 'order_amount': 100.0, 'order_quantity': 4}, {'product_name': 'Kindle Paperwhite 电子书', 'order_amount': 100.0, 'order_quantity': 4}, {'product_name': '奥利奥巧克力夹心饼干', 'order_amount': 100.0, 'order_quantity': 4}, {'product_name': '乐事原味薯片 150g', 'order_amount': 100.0, 'order_quantity': 4}, {'product_name': '蒙牛纯牛奶 250ml*12', 'order_amount': 100.0, 'order_quantity': 4}, {'product_name': '雀巢金牌速溶咖啡', 'order_amount': 100.0, 'order_quantity': 4}, {'product_name': '李维斯 501 牛仔裤', 'order_amount': 100.0, 'order_quantity': 4}, {'product_name': '优衣库 Heattech 保暖夹克', 'order_amount': 100.0, 'order_quantity': 4}, {'product_name': '阿迪达斯 Ultraboost 跑鞋', 'order_amount': 100.0, 'order_quantity': 4}, {'product_name': '耐克 Air Max 270 运动鞋', 'order_amount': 100.0, 'order_quantity': 4}, {'product_name': '美的空调 KFR-35GW', 'order_amount': 100.0, 'order_quantity': 4}, {'product_name': '戴森 V15 吸尘器', 'order_amount': 100.0, 'order_quantity': 4}, {'product_name': 'Mate 60 Pro', 'order_amount': 100.0, 'order_quantity': 4}, {'product_name': 'Galaxy S24 Ultra', 'order_amount': 100.0, 'order_quantity': 4}, {'product_name': 'iPhone 15 Pro', 'order_amount': 100.0, 'order_quantity': 4}, {'product_name': 'Instant Pot 多功能电压力锅', 'order_amount': 6999.0, 'order_quantity': 1}, {'product_name': 'Kindle Paperwhite 电子书', 'order_amount': 6999.0, 'order_quantity': 1}, {'product_name': '奥利奥巧克力夹心饼干', 'order_amount': 6999.0, 'order_quantity': 1}, {'product_name': '乐事原味薯片 150g', 'order_amount': 6999.0, 'order_quantity': 1}, {'product_name': '蒙牛纯牛奶 250ml*12', 'order_amount': 6999.0, 'order_quantity': 1}, {'product_name': '雀巢金牌速溶咖啡', 'order_amount': 6999.0, 'order_quantity': 1}, {'product_name': '李维斯 501 牛仔裤', 'order_amount': 6999.0, 'order_quantity': 1}, {'product_name': '优衣库 Heattech 保暖夹克', 'order_amount': 6999.0, 'order_quantity': 1}, {'product_name': '阿迪达斯 Ultraboost 跑鞋', 'order_amount': 6999.0, 'order_quantity': 1}, {'product_name': '耐克 Air Max 270 运动鞋', 'order_amount': 6999.0, 'order_quantity': 1}, {'product_name': '美的空调 KFR-35GW', 'order_amount': 6999.0, 'order_quantity': 1}, {'product_name': '戴森 V15 吸尘器', 'order_amount': 6999.0, 'order_quantity': 1}, {'product_name': 'Mate 60 Pro', 'order_amount': 6999.0, 'order_quantity': 1}, {'product_name': 'Galaxy S24 Ultra', 'order_amount': 6999.0, 'order_quantity': 1}, {'product_name': 'iPhone 15 Pro', 'order_amount': 6999.0, 'order_quantity': 1}, {'product_name': 'Instant Pot 多功能电压力锅', 'order_amount': 150.0, 'order_quantity': 6}, {'product_name': 'Kindle Paperwhite 电子书', 'order_amount': 150.0, 'order_quantity': 6}, {'product_name': '奥利奥巧克力夹心饼干', 'order_amount': 150.0, 'order_quantity': 6}, {'product_name': '乐事原味薯片 150g', 'order_amount': 150.0, 'order_quantity': 6}, {'product_name': '蒙牛纯牛奶 250ml*12', 'order_amount': 150.0, 'order_quantity': 6}, {'product_name': '雀巢金牌速溶咖啡', 'order_amount': 150.0, 'order_quantity': 6}, {'product_name': '李维斯 501 牛仔裤', 'order_amount': 150.0, 'order_quantity': 6}, {'product_name': '优衣库 Heattech 保暖夹克', 'order_amount': 150.0, 'order_quantity': 6}, {'product_name': '阿迪达斯 Ultraboost 跑鞋', 'order_amount': 150.0, 'order_quantity': 6}, {'product_name': '耐克 Air Max 270 运动鞋', 'order_amount': 150.0, 'order_quantity': 6}, {'product_name': '美的空调 KFR-35GW', 'order_amount': 150.0, 'order_quantity': 6}, {'product_name': '戴森 V15 吸尘器', 'order_amount': 150.0, 'order_quantity': 6}, {'product_name': 'Mate 60 Pro', 'order_amount': 150.0, 'order_quantity': 6}, {'product_name': 'Galaxy S24 Ultra', 'order_amount': 150.0, 'order_quantity': 6}, {'product_name': 'iPhone 15 Pro', 'order_amount': 150.0, 'order_quantity': 6}, {'product_name': 'Instant Pot 多功能电压力锅', 'order_amount': 35.0, 'order_quantity': 7}, {'product_name': 'Kindle Paperwhite 电子书', 'order_amount': 35.0, 'order_quantity': 7}, {'product_name': '奥利奥巧克力夹心饼干', 'order_amount': 35.0, 'order_quantity': 7}, {'product_name': '乐事原味薯片 150g', 'order_amount': 35.0, 'order_quantity': 7}, {'product_name': '蒙牛纯牛奶 250ml*12', 'order_amount': 35.0, 'order_quantity': 7}, {'product_name': '雀巢金牌速溶咖啡', 'order_amount': 35.0, 'order_quantity': 7}, {'product_name': '李维斯 501 牛仔裤', 'order_amount': 35.0, 'order_quantity': 7}, {'product_name': '优衣库 Heattech 保暖夹克', 'order_amount': 35.0, 'order_quantity': 7}, {'product_name': '阿迪达斯 Ultraboost 跑鞋', 'order_amount': 35.0, 'order_quantity': 7}, {'product_name': '耐克 Air Max 270 运动鞋', 'order_amount': 35.0, 'order_quantity': 7}, {'product_name': '美的空调 KFR-35GW', 'order_amount': 35.0, 'order_quantity': 7}, {'product_name': '戴森 V15 吸尘器', 'order_amount': 35.0, 'order_quantity': 7}, {'product_name': 'Mate 60 Pro', 'order_amount': 35.0, 'order_quantity': 7}, {'product_name': 'Galaxy S24 Ultra', 'order_amount': 35.0, 'order_quantity': 7}, {'product_name': 'iPhone 15 Pro', 'order_amount': 35.0, 'order_quantity': 7}, {'product_name': 'Instant Pot 多功能电压力锅', 'order_amount': 40.0, 'order_quantity': 8}, {'product_name': 'Kindle Paperwhite 电子书', 'order_amount': 40.0, 'order_quantity': 8}, {'product_name': '奥利奥巧克力夹心饼干', 'order_amount': 40.0, 'order_quantity': 8}, {'product_name': '乐事原味薯片 150g', 'order_amount': 40.0, 'order_quantity': 8}, {'product_name': '蒙牛纯牛奶 250ml*12', 'order_amount': 40.0, 'order_quantity': 8}, {'product_name': '雀巢金牌速溶咖啡', 'order_amount': 40.0, 'order_quantity': 8}, {'product_name': '李维斯 501 牛仔裤', 'order_amount': 40.0, 'order_quantity': 8}, {'product_name': '优衣库 Heattech 保暖夹克', 'order_amount': 40.0, 'order_quantity': 8}, {'product_name': '阿迪达斯 Ultraboost 跑鞋', 'order_amount': 40.0, 'order_quantity': 8}, {'product_name': '耐克 Air Max 270 运动鞋', 'order_amount': 40.0, 'order_quantity': 8}, {'product_name': '美的空调 KFR-35GW', 'order_amount': 40.0, 'order_quantity': 8}, {'product_name': '戴森 V15 吸尘器', 'order_amount': 40.0, 'order_quantity': 8}, {'product_name': 'Mate 60 Pro', 'order_amount': 40.0, 'order_quantity': 8}, {'product_name': 'Galaxy S24 Ultra', 'order_amount': 40.0, 'order_quantity': 8}, {'product_name': 'iPhone 15 Pro', 'order_amount': 40.0, 'order_quantity': 8}, {'product_name': 'Instant Pot 多功能电压力锅', 'order_amount': 899.0, 'order_quantity': 1}, {'product_name': 'Kindle Paperwhite 电子书', 'order_amount': 899.0, 'order_quantity': 1}, {'product_name': '奥利奥巧克力夹心饼干', 'order_amount': 899.0, 'order_quantity': 1}, {'product_name': '乐事原味薯片 150g', 'order_amount': 899.0, 'order_quantity': 1}, {'product_name': '蒙牛纯牛奶 250ml*12', 'order_amount': 899.0, 'order_quantity': 1}, {'product_name': '雀巢金牌速溶咖啡', 'order_amount': 899.0, 'order_quantity': 1}, {'product_name': '李维斯 501 牛仔裤', 'order_amount': 899.0, 'order_quantity': 1}, {'product_name': '优衣库 Heattech 保暖夹克', 'order_amount': 899.0, 'order_quantity': 1}, {'product_name': '阿迪达斯 Ultraboost 跑鞋', 'order_amount': 899.0, 'order_quantity': 1}, {'product_name': '耐克 Air Max 270 运动鞋', 'order_amount': 899.0, 'order_quantity': 1}, {'product_name': '美的空调 KFR-35GW', 'order_amount': 899.0, 'order_quantity': 1}, {'product_name': '戴森 V15 吸尘器', 'order_amount': 899.0, 'order_quantity': 1}, {'product_name': 'Mate 60 Pro', 'order_amount': 899.0, 'order_quantity': 1}, {'product_name': 'Galaxy S24 Ultra', 'order_amount': 899.0, 'order_quantity': 1}, {'product_name': 'iPhone 15 Pro', 'order_amount': 899.0, 'order_quantity': 1}, {'product_name': 'Instant Pot 多功能电压力锅', 'order_amount': 1399.0, 'order_quantity': 1}, {'product_name': 'Kindle Paperwhite 电子书', 'order_amount': 1399.0, 'order_quantity': 1}, {'product_name': '奥利奥巧克力夹心饼干', 'order_amount': 1399.0, 'order_quantity': 1}, {'product_name': '乐事原味薯片 150g', 'order_amount': 1399.0, 'order_quantity': 1}, {'product_name': '蒙牛纯牛奶 250ml*12', 'order_amount': 1399.0, 'order_quantity': 1}, {'product_name': '雀巢金牌速溶咖啡', 'order_amount': 1399.0, 'order_quantity': 1}, {'product_name': '李维斯 501 牛仔裤', 'order_amount': 1399.0, 'order_quantity': 1}, {'product_name': '优衣库 Heattech 保暖夹克', 'order_amount': 1399.0, 'order_quantity': 1}, {'product_name': '阿迪达斯 Ultraboost 跑鞋', 'order_amount': 1399.0, 'order_quantity': 1}, {'product_name': '耐克 Air Max 270 运动鞋', 'order_amount': 1399.0, 'order_quantity': 1}, {'product_name': '美的空调 KFR-35GW', 'order_amount': 1399.0, 'order_quantity': 1}, {'product_name': '戴森 V15 吸尘器', 'order_amount': 1399.0, 'order_quantity': 1}, {'product_name': 'Mate 60 Pro', 'order_amount': 1399.0, 'order_quantity': 1}, {'product_name': 'Galaxy S24 Ultra', 'order_amount': 1399.0, 'order_quantity': 1}, {'product_name': 'iPhone 15 Pro', 'order_amount': 1399.0, 'order_quantity': 1}, {'product_name': 'Instant Pot 多功能电压力锅', 'order_amount': 199.0, 'order_quantity': 1}, {'product_name': 'Kindle Paperwhite 电子书', 'order_amount': 199.0, 'order_quantity': 1}, {'product_name': '奥利奥巧克力夹心饼干', 'order_amount': 199.0, 'order_quantity': 1}, {'product_name': '乐事原味薯片 150g', 'order_amount': 199.0, 'order_quantity': 1}, {'product_name': '蒙牛纯牛奶 250ml*12', 'order_amount': 199.0, 'order_quantity': 1}, {'product_name': '雀巢金牌速溶咖啡', 'order_amount': 199.0, 'order_quantity': 1}, {'product_name': '李维斯 501 牛仔裤', 'order_amount': 199.0, 'order_quantity': 1}, {'product_name': '优衣库 Heattech 保暖夹克', 'order_amount': 199.0, 'order_quantity': 1}, {'product_name': '阿迪达斯 Ultraboost 跑鞋', 'order_amount': 199.0, 'order_quantity': 1}, {'product_name': '耐克 Air Max 270 运动鞋', 'order_amount': 199.0, 'order_quantity': 1}, {'product_name': '美的空调 KFR-35GW', 'order_amount': 199.0, 'order_quantity': 1}, {'product_name': '戴森 V15 吸尘器', 'order_amount': 199.0, 'order_quantity': 1}, {'product_name': 'Mate 60 Pro', 'order_amount': 199.0, 'order_quantity': 1}, {'product_name': 'Galaxy S24 Ultra', 'order_amount': 199.0, 'order_quantity': 1}, {'product_name': 'iPhone 15 Pro', 'order_amount': 199.0, 'order_quantity': 1}, {'product_name': 'Instant Pot 多功能电压力锅', 'order_amount': 9499.0, 'order_quantity': 1}, {'product_name': 'Kindle Paperwhite 电子书', 'order_amount': 9499.0, 'order_quantity': 1}, {'product_name': '奥利奥巧克力夹心饼干', 'order_amount': 9499.0, 'order_quantity': 1}, {'product_name': '乐事原味薯片 150g', 'order_amount': 9499.0, 'order_quantity': 1}, {'product_name': '蒙牛纯牛奶 250ml*12', 'order_amount': 9499.0, 'order_quantity': 1}, {'product_name': '雀巢金牌速溶咖啡', 'order_amount': 9499.0, 'order_quantity': 1}, {'product_name': '李维斯 501 牛仔裤', 'order_amount': 9499.0, 'order_quantity': 1}, {'product_name': '优衣库 Heattech 保暖夹克', 'order_amount': 9499.0, 'order_quantity': 1}, {'product_name': '阿迪达斯 Ultraboost 跑鞋', 'order_amount': 9499.0, 'order_quantity': 1}, {'product_name': '耐克 Air Max 270 运动鞋', 'order_amount': 9499.0, 'order_quantity': 1}, {'product_name': '美的空调 KFR-35GW', 'order_amount': 9499.0, 'order_quantity': 1}, {'product_name': '戴森 V15 吸尘器', 'order_amount': 9499.0, 'order_quantity': 1}, {'product_name': 'Mate 60 Pro', 'order_amount': 9499.0, 'order_quantity': 1}, {'product_name': 'Galaxy S24 Ultra', 'order_amount': 9499.0, 'order_quantity': 1}, {'product_name': 'iPhone 15 Pro', 'order_amount': 9499.0, 'order_quantity': 1}, {'product_name': 'Instant Pot 多功能电压力锅', 'order_amount': 60.0, 'order_quantity': 12}, {'product_name': 'Kindle Paperwhite 电子书', 'order_amount': 60.0, 'order_quantity': 12}, {'product_name': '奥利奥巧克力夹心饼干', 'order_amount': 60.0, 'order_quantity': 12}, {'product_name': '乐事原味薯片 150g', 'order_amount': 60.0, 'order_quantity': 12}, {'product_name': '蒙牛纯牛奶 250ml*12', 'order_amount': 60.0, 'order_quantity': 12}, {'product_name': '雀巢金牌速溶咖啡', 'order_amount': 60.0, 'order_quantity': 12}, {'product_name': '李维斯 501 牛仔裤', 'order_amount': 60.0, 'order_quantity': 12}, {'product_name': '优衣库 Heattech 保暖夹克', 'order_amount': 60.0, 'order_quantity': 12}, {'product_name': '阿迪达斯 Ultraboost 跑鞋', 'order_amount': 60.0, 'order_quantity': 12}, {'product_name': '耐克 Air Max 270 运动鞋', 'order_amount': 60.0, 'order_quantity': 12}, {'product_name': '美的空调 KFR-35GW', 'order_amount': 60.0, 'order_quantity': 12}, {'product_name': '戴森 V15 吸尘器', 'order_amount': 60.0, 'order_quantity': 12}, {'product_name': 'Mate 60 Pro', 'order_amount': 60.0, 'order_quantity': 12}, {'product_name': 'Galaxy S24 Ultra', 'order_amount': 60.0, 'order_quantity': 12}, {'product_name': 'iPhone 15 Pro', 'order_amount': 60.0, 'order_quantity': 12}, {'product_name': 'Instant Pot 多功能电压力锅', 'order_amount': 31.5, 'order_quantity': 9}, {'product_name': 'Kindle Paperwhite 电子书', 'order_amount': 31.5, 'order_quantity': 9}, {'product_name': '奥利奥巧克力夹心饼干', 'order_amount': 31.5, 'order_quantity': 9}, {'product_name': '乐事原味薯片 150g', 'order_amount': 31.5, 'order_quantity': 9}, {'product_name': '蒙牛纯牛奶 250ml*12', 'order_amount': 31.5, 'order_quantity': 9}, {'product_name': '雀巢金牌速溶咖啡', 'order_amount': 31.5, 'order_quantity': 9}, {'product_name': '李维斯 501 牛仔裤', 'order_amount': 31.5, 'order_quantity': 9}, {'product_name': '优衣库 Heattech 保暖夹克', 'order_amount': 31.5, 'order_quantity': 9}, {'product_name': '阿迪达斯 Ultraboost 跑鞋', 'order_amount': 31.5, 'order_quantity': 9}, {'product_name': '耐克 Air Max 270 运动鞋', 'order_amount': 31.5, 'order_quantity': 9}, {'product_name': '美的空调 KFR-35GW', 'order_amount': 31.5, 'order_quantity': 9}, {'product_name': '戴森 V15 吸尘器', 'order_amount': 31.5, 'order_quantity': 9}, {'product_name': 'Mate 60 Pro', 'order_amount': 31.5, 'order_quantity': 9}, {'product_name': 'Galaxy S24 Ultra', 'order_amount': 31.5, 'order_quantity': 9}, {'product_name': 'iPhone 15 Pro', 'order_amount': 31.5, 'order_quantity': 9}, {'product_name': 'Instant Pot 多功能电压力锅', 'order_amount': 3200.0, 'order_quantity': 1}, {'product_name': 'Kindle Paperwhite 电子书', 'order_amount': 3200.0, 'order_quantity': 1}, {'product_name': '奥利奥巧克力夹心饼干', 'order_amount': 3200.0, 'order_quantity': 1}, {'product_name': '乐事原味薯片 150g', 'order_amount': 3200.0, 'order_quantity': 1}, {'product_name': '蒙牛纯牛奶 250ml*12', 'order_amount': 3200.0, 'order_quantity': 1}, {'product_name': '雀巢金牌速溶咖啡', 'order_amount': 3200.0, 'order_quantity': 1}, {'product_name': '李维斯 501 牛仔裤', 'order_amount': 3200.0, 'order_quantity': 1}, {'product_name': '优衣库 Heattech 保暖夹克', 'order_amount': 3200.0, 'order_quantity': 1}, {'product_name': '阿迪达斯 Ultraboost 跑鞋', 'order_amount': 3200.0, 'order_quantity': 1}, {'product_name': '耐克 Air Max 270 运动鞋', 'order_amount': 3200.0, 'order_quantity': 1}, {'product_name': '美的空调 KFR-35GW', 'order_amount': 3200.0, 'order_quantity': 1}, {'product_name': '戴森 V15 吸尘器', 'order_amount': 3200.0, 'order_quantity': 1}, {'product_name': 'Mate 60 Pro', 'order_amount': 3200.0, 'order_quantity': 1}, {'product_name': 'Galaxy S24 Ultra', 'order_amount': 3200.0, 'order_quantity': 1}, {'product_name': 'iPhone 15 Pro', 'order_amount': 3200.0, 'order_quantity': 1}, {'product_name': 'Instant Pot 多功能电压力锅', 'order_amount': 599.0, 'order_quantity': 1}, {'product_name': 'Kindle Paperwhite 电子书', 'order_amount': 599.0, 'order_quantity': 1}, {'product_name': '奥利奥巧克力夹心饼干', 'order_amount': 599.0, 'order_quantity': 1}, {'product_name': '乐事原味薯片 150g', 'order_amount': 599.0, 'order_quantity': 1}, {'product_name': '蒙牛纯牛奶 250ml*12', 'order_amount': 599.0, 'order_quantity': 1}, {'product_name': '雀巢金牌速溶咖啡', 'order_amount': 599.0, 'order_quantity': 1}, {'product_name': '李维斯 501 牛仔裤', 'order_amount': 599.0, 'order_quantity': 1}, {'product_name': '优衣库 Heattech 保暖夹克', 'order_amount': 599.0, 'order_quantity': 1}, {'product_name': '阿迪达斯 Ultraboost 跑鞋', 'order_amount': 599.0, 'order_quantity': 1}, {'product_name': '耐克 Air Max 270 运动鞋', 'order_amount': 599.0, 'order_quantity': 1}, {'product_name': '美的空调 KFR-35GW', 'order_amount': 599.0, 'order_quantity': 1}, {'product_name': '戴森 V15 吸尘器', 'order_amount': 599.0, 'order_quantity': 1}, {'product_name': 'Mate 60 Pro', 'order_amount': 599.0, 'order_quantity': 1}, {'product_name': 'Galaxy S24 Ultra', 'order_amount': 599.0, 'order_quantity': 1}, {'product_name': 'iPhone 15 Pro', 'order_amount': 599.0, 'order_quantity': 1}, {'product_name': 'Instant Pot 多功能电压力锅', 'order_amount': 1299.0, 'order_quantity': 1}, {'product_name': 'Kindle Paperwhite 电子书', 'order_amount': 1299.0, 'order_quantity': 1}, {'product_name': '奥利奥巧克力夹心饼干', 'order_amount': 1299.0, 'order_quantity': 1}, {'product_name': '乐事原味薯片 150g', 'order_amount': 1299.0, 'order_quantity': 1}, {'product_name': '蒙牛纯牛奶 250ml*12', 'order_amount': 1299.0, 'order_quantity': 1}, {'product_name': '雀巢金牌速溶咖啡', 'order_amount': 1299.0, 'order_quantity': 1}, {'product_name': '李维斯 501 牛仔裤', 'order_amount': 1299.0, 'order_quantity': 1}, {'product_name': '优衣库 Heattech 保暖夹克', 'order_amount': 1299.0, 'order_quantity': 1}, {'product_name': '阿迪达斯 Ultraboost 跑鞋', 'order_amount': 1299.0, 'order_quantity': 1}, {'product_name': '耐克 Air Max 270 运动鞋', 'order_amount': 1299.0, 'order_quantity': 1}, {'product_name': '美的空调 KFR-35GW', 'order_amount': 1299.0, 'order_quantity': 1}, {'product_name': '戴森 V15 吸尘器', 'order_amount': 1299.0, 'order_quantity': 1}, {'product_name': 'Mate 60 Pro', 'order_amount': 1299.0, 'order_quantity': 1}, {'product_name': 'Galaxy S24 Ultra', 'order_amount': 1299.0, 'order_quantity': 1}, {'product_name': 'iPhone 15 Pro', 'order_amount': 1299.0, 'order_quantity': 1}, {'product_name': 'Instant Pot 多功能电压力锅', 'order_amount': 5499.0, 'order_quantity': 1}, {'product_name': 'Kindle Paperwhite 电子书', 'order_amount': 5499.0, 'order_quantity': 1}, {'product_name': '奥利奥巧克力夹心饼干', 'order_amount': 5499.0, 'order_quantity': 1}, {'product_name': '乐事原味薯片 150g', 'order_amount': 5499.0, 'order_quantity': 1}, {'product_name': '蒙牛纯牛奶 250ml*12', 'order_amount': 5499.0, 'order_quantity': 1}, {'product_name': '雀巢金牌速溶咖啡', 'order_amount': 5499.0, 'order_quantity': 1}, {'product_name': '李维斯 501 牛仔裤', 'order_amount': 5499.0, 'order_quantity': 1}, {'product_name': '优衣库 Heattech 保暖夹克', 'order_amount': 5499.0, 'order_quantity': 1}, {'product_name': '阿迪达斯 Ultraboost 跑鞋', 'order_amount': 5499.0, 'order_quantity': 1}, {'product_name': '耐克 Air Max 270 运动鞋', 'order_amount': 5499.0, 'order_quantity': 1}, {'product_name': '美的空调 KFR-35GW', 'order_amount': 5499.0, 'order_quantity': 1}, {'product_name': '戴森 V15 吸尘器', 'order_amount': 5499.0, 'order_quantity': 1}, {'product_name': 'Mate 60 Pro', 'order_amount': 5499.0, 'order_quantity': 1}, {'product_name': 'Galaxy S24 Ultra', 'order_amount': 5499.0, 'order_quantity': 1}, {'product_name': 'iPhone 15 Pro', 'order_amount': 5499.0, 'order_quantity': 1}, {'product_name': 'Instant Pot 多功能电压力锅', 'order_amount': 100.0, 'order_quantity': 20}, {'product_name': 'Kindle Paperwhite 电子书', 'order_amount': 100.0, 'order_quantity': 20}, {'product_name': '奥利奥巧克力夹心饼干', 'order_amount': 100.0, 'order_quantity': 20}, {'product_name': '乐事原味薯片 150g', 'order_amount': 100.0, 'order_quantity': 20}, {'product_name': '蒙牛纯牛奶 250ml*12', 'order_amount': 100.0, 'order_quantity': 20}, {'product_name': '雀巢金牌速溶咖啡', 'order_amount': 100.0, 'order_quantity': 20}, {'product_name': '李维斯 501 牛仔裤', 'order_amount': 100.0, 'order_quantity': 20}, {'product_name': '优衣库 Heattech 保暖夹克', 'order_amount': 100.0, 'order_quantity': 20}, {'product_name': '阿迪达斯 Ultraboost 跑鞋', 'order_amount': 100.0, 'order_quantity': 20}, {'product_name': '耐克 Air Max 270 运动鞋', 'order_amount': 100.0, 'order_quantity': 20}, {'product_name': '美的空调 KFR-35GW', 'order_amount': 100.0, 'order_quantity': 20}, {'product_name': '戴森 V15 吸尘器', 'order_amount': 100.0, 'order_quantity': 20}, {'product_name': 'Mate 60 Pro', 'order_amount': 100.0, 'order_quantity': 20}, {'product_name': 'Galaxy S24 Ultra', 'order_amount': 100.0, 'order_quantity': 20}, {'product_name': 'iPhone 15 Pro', 'order_amount': 100.0, 'order_quantity': 20}, {'product_name': 'Instant Pot 多功能电压力锅', 'order_amount': 899.0, 'order_quantity': 1}, {'product_name': 'Kindle Paperwhite 电子书', 'order_amount': 899.0, 'order_quantity': 1}, {'product_name': '奥利奥巧克力夹心饼干', 'order_amount': 899.0, 'order_quantity': 1}, {'product_name': '乐事原味薯片 150g', 'order_amount': 899.0, 'order_quantity': 1}, {'product_name': '蒙牛纯牛奶 250ml*12', 'order_amount': 899.0, 'order_quantity': 1}, {'product_name': '雀巢金牌速溶咖啡', 'order_amount': 899.0, 'order_quantity': 1}, {'product_name': '李维斯 501 牛仔裤', 'order_amount': 899.0, 'order_quantity': 1}, {'product_name': '优衣库 Heattech 保暖夹克', 'order_amount': 899.0, 'order_quantity': 1}, {'product_name': '阿迪达斯 Ultraboost 跑鞋', 'order_amount': 899.0, 'order_quantity': 1}, {'product_name': '耐克 Air Max 270 运动鞋', 'order_amount': 899.0, 'order_quantity': 1}, {'product_name': '美的空调 KFR-35GW', 'order_amount': 899.0, 'order_quantity': 1}, {'product_name': '戴森 V15 吸尘器', 'order_amount': 899.0, 'order_quantity': 1}, {'product_name': 'Mate 60 Pro', 'order_amount': 899.0, 'order_quantity': 1}, {'product_name': 'Galaxy S24 Ultra', 'order_amount': 899.0, 'order_quantity': 1}, {'product_name': 'iPhone 15 Pro', 'order_amount': 899.0, 'order_quantity': 1}, {'product_name': 'Instant Pot 多功能电压力锅', 'order_amount': 8999.0, 'order_quantity': 1}, {'product_name': 'Kindle Paperwhite 电子书', 'order_amount': 8999.0, 'order_quantity': 1}, {'product_name': '奥利奥巧克力夹心饼干', 'order_amount': 8999.0, 'order_quantity': 1}, {'product_name': '乐事原味薯片 150g', 'order_amount': 8999.0, 'order_quantity': 1}, {'product_name': '蒙牛纯牛奶 250ml*12', 'order_amount': 8999.0, 'order_quantity': 1}, {'product_name': '雀巢金牌速溶咖啡', 'order_amount': 8999.0, 'order_quantity': 1}, {'product_name': '李维斯 501 牛仔裤', 'order_amount': 8999.0, 'order_quantity': 1}, {'product_name': '优衣库 Heattech 保暖夹克', 'order_amount': 8999.0, 'order_quantity': 1}, {'product_name': '阿迪达斯 Ultraboost 跑鞋', 'order_amount': 8999.0, 'order_quantity': 1}, {'product_name': '耐克 Air Max 270 运动鞋', 'order_amount': 8999.0, 'order_quantity': 1}, {'product_name': '美的空调 KFR-35GW', 'order_amount': 8999.0, 'order_quantity': 1}, {'product_name': '戴森 V15 吸尘器', 'order_amount': 8999.0, 'order_quantity': 1}, {'product_name': 'Mate 60 Pro', 'order_amount': 8999.0, 'order_quantity': 1}, {'product_name': 'Galaxy S24 Ultra', 'order_amount': 8999.0, 'order_quantity': 1}, {'product_name': 'iPhone 15 Pro', 'order_amount': 8999.0, 'order_quantity': 1}, {'product_name': 'Instant Pot 多功能电压力锅', 'order_amount': 150.0, 'order_quantity': 6}, {'product_name': 'Kindle Paperwhite 电子书', 'order_amount': 150.0, 'order_quantity': 6}, {'product_name': '奥利奥巧克力夹心饼干', 'order_amount': 150.0, 'order_quantity': 6}, {'product_name': '乐事原味薯片 150g', 'order_amount': 150.0, 'order_quantity': 6}, {'product_name': '蒙牛纯牛奶 250ml*12', 'order_amount': 150.0, 'order_quantity': 6}, {'product_name': '雀巢金牌速溶咖啡', 'order_amount': 150.0, 'order_quantity': 6}, {'product_name': '李维斯 501 牛仔裤', 'order_amount': 150.0, 'order_quantity': 6}, {'product_name': '优衣库 Heattech 保暖夹克', 'order_amount': 150.0, 'order_quantity': 6}, {'product_name': '阿迪达斯 Ultraboost 跑鞋', 'order_amount': 150.0, 'order_quantity': 6}, {'product_name': '耐克 Air Max 270 运动鞋', 'order_amount': 150.0, 'order_quantity': 6}, {'product_name': '美的空调 KFR-35GW', 'order_amount': 150.0, 'order_quantity': 6}, {'product_name': '戴森 V15 吸尘器', 'order_amount': 150.0, 'order_quantity': 6}, {'product_name': 'Mate 60 Pro', 'order_amount': 150.0, 'order_quantity': 6}, {'product_name': 'Galaxy S24 Ultra', 'order_amount': 150.0, 'order_quantity': 6}, {'product_name': 'iPhone 15 Pro', 'order_amount': 150.0, 'order_quantity': 6}, {'product_name': 'Instant Pot 多功能电压力锅', 'order_amount': 6999.0, 'order_quantity': 1}, {'product_name': 'Kindle Paperwhite 电子书', 'order_amount': 6999.0, 'order_quantity': 1}, {'product_name': '奥利奥巧克力夹心饼干', 'order_amount': 6999.0, 'order_quantity': 1}, {'product_name': '乐事原味薯片 150g', 'order_amount': 6999.0, 'order_quantity': 1}, {'product_name': '蒙牛纯牛奶 250ml*12', 'order_amount': 6999.0, 'order_quantity': 1}, {'product_name': '雀巢金牌速溶咖啡', 'order_amount': 6999.0, 'order_quantity': 1}, {'product_name': '李维斯 501 牛仔裤', 'order_amount': 6999.0, 'order_quantity': 1}, {'product_name': '优衣库 Heattech 保暖夹克', 'order_amount': 6999.0, 'order_quantity': 1}, {'product_name': '阿迪达斯 Ultraboost 跑鞋', 'order_amount': 6999.0, 'order_quantity': 1}, {'product_name': '耐克 Air Max 270 运动鞋', 'order_amount': 6999.0, 'order_quantity': 1}, {'product_name': '美的空调 KFR-35GW', 'order_amount': 6999.0, 'order_quantity': 1}, {'product_name': '戴森 V15 吸尘器', 'order_amount': 6999.0, 'order_quantity': 1}, {'product_name': 'Mate 60 Pro', 'order_amount': 6999.0, 'order_quantity': 1}, {'product_name': 'Galaxy S24 Ultra', 'order_amount': 6999.0, 'order_quantity': 1}, {'product_name': 'iPhone 15 Pro', 'order_amount': 6999.0, 'order_quantity': 1}, {'product_name': 'Instant Pot 多功能电压力锅', 'order_amount': 50.0, 'order_quantity': 10}, {'product_name': 'Kindle Paperwhite 电子书', 'order_amount': 50.0, 'order_quantity': 10}, {'product_name': '奥利奥巧克力夹心饼干', 'order_amount': 50.0, 'order_quantity': 10}, {'product_name': '乐事原味薯片 150g', 'order_amount': 50.0, 'order_quantity': 10}, {'product_name': '蒙牛纯牛奶 250ml*12', 'order_amount': 50.0, 'order_quantity': 10}, {'product_name': '雀巢金牌速溶咖啡', 'order_amount': 50.0, 'order_quantity': 10}, {'product_name': '李维斯 501 牛仔裤', 'order_amount': 50.0, 'order_quantity': 10}, {'product_name': '优衣库 Heattech 保暖夹克', 'order_amount': 50.0, 'order_quantity': 10}, {'product_name': '阿迪达斯 Ultraboost 跑鞋', 'order_amount': 50.0, 'order_quantity': 10}, {'product_name': '耐克 Air Max 270 运动鞋', 'order_amount': 50.0, 'order_quantity': 10}, {'product_name': '美的空调 KFR-35GW', 'order_amount': 50.0, 'order_quantity': 10}, {'product_name': '戴森 V15 吸尘器', 'order_amount': 50.0, 'order_quantity': 10}, {'product_name': 'Mate 60 Pro', 'order_amount': 50.0, 'order_quantity': 10}, {'product_name': 'Galaxy S24 Ultra', 'order_amount': 50.0, 'order_quantity': 10}, {'product_name': 'iPhone 15 Pro', 'order_amount': 50.0, 'order_quantity': 10}, {'product_name': 'Instant Pot 多功能电压力锅', 'order_amount': 6999.0, 'order_quantity': 1}, {'product_name': 'Kindle Paperwhite 电子书', 'order_amount': 6999.0, 'order_quantity': 1}, {'product_name': '奥利奥巧克力夹心饼干', 'order_amount': 6999.0, 'order_quantity': 1}, {'product_name': '乐事原味薯片 150g', 'order_amount': 6999.0, 'order_quantity': 1}, {'product_name': '蒙牛纯牛奶 250ml*12', 'order_amount': 6999.0, 'order_quantity': 1}, {'product_name': '雀巢金牌速溶咖啡', 'order_amount': 6999.0, 'order_quantity': 1}, {'product_name': '李维斯 501 牛仔裤', 'order_amount': 6999.0, 'order_quantity': 1}, {'product_name': '优衣库 Heattech 保暖夹克', 'order_amount': 6999.0, 'order_quantity': 1}, {'product_name': '阿迪达斯 Ultraboost 跑鞋', 'order_amount': 6999.0, 'order_quantity': 1}, {'product_name': '耐克 Air Max 270 运动鞋', 'order_amount': 6999.0, 'order_quantity': 1}, {'product_name': '美的空调 KFR-35GW', 'order_amount': 6999.0, 'order_quantity': 1}, {'product_name': '戴森 V15 吸尘器', 'order_amount': 6999.0, 'order_quantity': 1}, {'product_name': 'Mate 60 Pro', 'order_amount': 6999.0, 'order_quantity': 1}, {'product_name': 'Galaxy S24 Ultra', 'order_amount': 6999.0, 'order_quantity': 1}, {'product_name': 'iPhone 15 Pro', 'order_amount': 6999.0, 'order_quantity': 1}, {'product_name': 'Instant Pot 多功能电压力锅', 'order_amount': 75.0, 'order_quantity': 15}, {'product_name': 'Kindle Paperwhite 电子书', 'order_amount': 75.0, 'order_quantity': 15}, {'product_name': '奥利奥巧克力夹心饼干', 'order_amount': 75.0, 'order_quantity': 15}, {'product_name': '乐事原味薯片 150g', 'order_amount': 75.0, 'order_quantity': 15}, {'product_name': '蒙牛纯牛奶 250ml*12', 'order_amount': 75.0, 'order_quantity': 15}, {'product_name': '雀巢金牌速溶咖啡', 'order_amount': 75.0, 'order_quantity': 15}, {'product_name': '李维斯 501 牛仔裤', 'order_amount': 75.0, 'order_quantity': 15}, {'product_name': '优衣库 Heattech 保暖夹克', 'order_amount': 75.0, 'order_quantity': 15}, {'product_name': '阿迪达斯 Ultraboost 跑鞋', 'order_amount': 75.0, 'order_quantity': 15}, {'product_name': '耐克 Air Max 270 运动鞋', 'order_amount': 75.0, 'order_quantity': 15}, {'product_name': '美的空调 KFR-35GW', 'order_amount': 75.0, 'order_quantity': 15}, {'product_name': '戴森 V15 吸尘器', 'order_amount': 75.0, 'order_quantity': 15}, {'product_name': 'Mate 60 Pro', 'order_amount': 75.0, 'order_quantity': 15}, {'product_name': 'Galaxy S24 Ultra', 'order_amount': 75.0, 'order_quantity': 15}, {'product_name': 'iPhone 15 Pro', 'order_amount': 75.0, 'order_quantity': 15}, {'product_name': 'Instant Pot 多功能电压力锅', 'order_amount': 899.0, 'order_quantity': 1}, {'product_name': 'Kindle Paperwhite 电子书', 'order_amount': 899.0, 'order_quantity': 1}, {'product_name': '奥利奥巧克力夹心饼干', 'order_amount': 899.0, 'order_quantity': 1}, {'product_name': '乐事原味薯片 150g', 'order_amount': 899.0, 'order_quantity': 1}, {'product_name': '蒙牛纯牛奶 250ml*12', 'order_amount': 899.0, 'order_quantity': 1}, {'product_name': '雀巢金牌速溶咖啡', 'order_amount': 899.0, 'order_quantity': 1}, {'product_name': '李维斯 501 牛仔裤', 'order_amount': 899.0, 'order_quantity': 1}, {'product_name': '优衣库 Heattech 保暖夹克', 'order_amount': 899.0, 'order_quantity': 1}, {'product_name': '阿迪达斯 Ultraboost 跑鞋', 'order_amount': 899.0, 'order_quantity': 1}, {'product_name': '耐克 Air Max 270 运动鞋', 'order_amount': 899.0, 'order_quantity': 1}, {'product_name': '美的空调 KFR-35GW', 'order_amount': 899.0, 'order_quantity': 1}, {'product_name': '戴森 V15 吸尘器', 'order_amount': 899.0, 'order_quantity': 1}, {'product_name': 'Mate 60 Pro', 'order_amount': 899.0, 'order_quantity': 1}, {'product_name': 'Galaxy S24 Ultra', 'order_amount': 899.0, 'order_quantity': 1}, {'product_name': 'iPhone 15 Pro', 'order_amount': 899.0, 'order_quantity': 1}, {'product_name': 'Instant Pot 多功能电压力锅', 'order_amount': 1399.0, 'order_quantity': 1}, {'product_name': 'Kindle Paperwhite 电子书', 'order_amount': 1399.0, 'order_quantity': 1}, {'product_name': '奥利奥巧克力夹心饼干', 'order_amount': 1399.0, 'order_quantity': 1}, {'product_name': '乐事原味薯片 150g', 'order_amount': 1399.0, 'order_quantity': 1}, {'product_name': '蒙牛纯牛奶 250ml*12', 'order_amount': 1399.0, 'order_quantity': 1}, {'product_name': '雀巢金牌速溶咖啡', 'order_amount': 1399.0, 'order_quantity': 1}, {'product_name': '李维斯 501 牛仔裤', 'order_amount': 1399.0, 'order_quantity': 1}, {'product_name': '优衣库 Heattech 保暖夹克', 'order_amount': 1399.0, 'order_quantity': 1}, {'product_name': '阿迪达斯 Ultraboost 跑鞋', 'order_amount': 1399.0, 'order_quantity': 1}, {'product_name': '耐克 Air Max 270 运动鞋', 'order_amount': 1399.0, 'order_quantity': 1}, {'product_name': '美的空调 KFR-35GW', 'order_amount': 1399.0, 'order_quantity': 1}, {'product_name': '戴森 V15 吸尘器', 'order_amount': 1399.0, 'order_quantity': 1}, {'product_name': 'Mate 60 Pro', 'order_amount': 1399.0, 'order_quantity': 1}, {'product_name': 'Galaxy S24 Ultra', 'order_amount': 1399.0, 'order_quantity': 1}, {'product_name': 'iPhone 15 Pro', 'order_amount': 1399.0, 'order_quantity': 1}, {'product_name': 'Instant Pot 多功能电压力锅', 'order_amount': 398.0, 'order_quantity': 2}, {'product_name': 'Kindle Paperwhite 电子书', 'order_amount': 398.0, 'order_quantity': 2}, {'product_name': '奥利奥巧克力夹心饼干', 'order_amount': 398.0, 'order_quantity': 2}, {'product_name': '乐事原味薯片 150g', 'order_amount': 398.0, 'order_quantity': 2}, {'product_name': '蒙牛纯牛奶 250ml*12', 'order_amount': 398.0, 'order_quantity': 2}, {'product_name': '雀巢金牌速溶咖啡', 'order_amount': 398.0, 'order_quantity': 2}, {'product_name': '李维斯 501 牛仔裤', 'order_amount': 398.0, 'order_quantity': 2}, {'product_name': '优衣库 Heattech 保暖夹克', 'order_amount': 398.0, 'order_quantity': 2}, {'product_name': '阿迪达斯 Ultraboost 跑鞋', 'order_amount': 398.0, 'order_quantity': 2}, {'product_name': '耐克 Air Max 270 运动鞋', 'order_amount': 398.0, 'order_quantity': 2}, {'product_name': '美的空调 KFR-35GW', 'order_amount': 398.0, 'order_quantity': 2}, {'product_name': '戴森 V15 吸尘器', 'order_amount': 398.0, 'order_quantity': 2}, {'product_name': 'Mate 60 Pro', 'order_amount': 398.0, 'order_quantity': 2}, {'product_name': 'Galaxy S24 Ultra', 'order_amount': 398.0, 'order_quantity': 2}, {'product_name': 'iPhone 15 Pro', 'order_amount': 398.0, 'order_quantity': 2}, {'product_name': 'Instant Pot 多功能电压力锅', 'order_amount': 9499.0, 'order_quantity': 1}, {'product_name': 'Kindle Paperwhite 电子书', 'order_amount': 9499.0, 'order_quantity': 1}, {'product_name': '奥利奥巧克力夹心饼干', 'order_amount': 9499.0, 'order_quantity': 1}, {'product_name': '乐事原味薯片 150g', 'order_amount': 9499.0, 'order_quantity': 1}, {'product_name': '蒙牛纯牛奶 250ml*12', 'order_amount': 9499.0, 'order_quantity': 1}, {'product_name': '雀巢金牌速溶咖啡', 'order_amount': 9499.0, 'order_quantity': 1}, {'product_name': '李维斯 501 牛仔裤', 'order_amount': 9499.0, 'order_quantity': 1}, {'product_name': '优衣库 Heattech 保暖夹克', 'order_amount': 9499.0, 'order_quantity': 1}, {'product_name': '阿迪达斯 Ultraboost 跑鞋', 'order_amount': 9499.0, 'order_quantity': 1}, {'product_name': '耐克 Air Max 270 运动鞋', 'order_amount': 9499.0, 'order_quantity': 1}, {'product_name': '美的空调 KFR-35GW', 'order_amount': 9499.0, 'order_quantity': 1}, {'product_name': '戴森 V15 吸尘器', 'order_amount': 9499.0, 'order_quantity': 1}, {'product_name': 'Mate 60 Pro', 'order_amount': 9499.0, 'order_quantity': 1}, {'product_name': 'Galaxy S24 Ultra', 'order_amount': 9499.0, 'order_quantity': 1}, {'product_name': 'iPhone 15 Pro', 'order_amount': 9499.0, 'order_quantity': 1}, {'product_name': 'Instant Pot 多功能电压力锅', 'order_amount': 90.0, 'order_quantity': 18}, {'product_name': 'Kindle Paperwhite 电子书', 'order_amount': 90.0, 'order_quantity': 18}, {'product_name': '奥利奥巧克力夹心饼干', 'order_amount': 90.0, 'order_quantity': 18}, {'product_name': '乐事原味薯片 150g', 'order_amount': 90.0, 'order_quantity': 18}, {'product_name': '蒙牛纯牛奶 250ml*12', 'order_amount': 90.0, 'order_quantity': 18}, {'product_name': '雀巢金牌速溶咖啡', 'order_amount': 90.0, 'order_quantity': 18}, {'product_name': '李维斯 501 牛仔裤', 'order_amount': 90.0, 'order_quantity': 18}, {'product_name': '优衣库 Heattech 保暖夹克', 'order_amount': 90.0, 'order_quantity': 18}, {'product_name': '阿迪达斯 Ultraboost 跑鞋', 'order_amount': 90.0, 'order_quantity': 18}, {'product_name': '耐克 Air Max 270 运动鞋', 'order_amount': 90.0, 'order_quantity': 18}, {'product_name': '美的空调 KFR-35GW', 'order_amount': 90.0, 'order_quantity': 18}, {'product_name': '戴森 V15 吸尘器', 'order_amount': 90.0, 'order_quantity': 18}, {'product_name': 'Mate 60 Pro', 'order_amount': 90.0, 'order_quantity': 18}, {'product_name': 'Galaxy S24 Ultra', 'order_amount': 90.0, 'order_quantity': 18}, {'product_name': 'iPhone 15 Pro', 'order_amount': 90.0, 'order_quantity': 18}, {'product_name': 'Instant Pot 多功能电压力锅', 'order_amount': 38.5, 'order_quantity': 11}, {'product_name': 'Kindle Paperwhite 电子书', 'order_amount': 38.5, 'order_quantity': 11}, {'product_name': '奥利奥巧克力夹心饼干', 'order_amount': 38.5, 'order_quantity': 11}, {'product_name': '乐事原味薯片 150g', 'order_amount': 38.5, 'order_quantity': 11}, {'product_name': '蒙牛纯牛奶 250ml*12', 'order_amount': 38.5, 'order_quantity': 11}, {'product_name': '雀巢金牌速溶咖啡', 'order_amount': 38.5, 'order_quantity': 11}, {'product_name': '李维斯 501 牛仔裤', 'order_amount': 38.5, 'order_quantity': 11}, {'product_name': '优衣库 Heattech 保暖夹克', 'order_amount': 38.5, 'order_quantity': 11}, {'product_name': '阿迪达斯 Ultraboost 跑鞋', 'order_amount': 38.5, 'order_quantity': 11}, {'product_name': '耐克 Air Max 270 运动鞋', 'order_amount': 38.5, 'order_quantity': 11}, {'product_name': '美的空调 KFR-35GW', 'order_amount': 38.5, 'order_quantity': 11}, {'product_name': '戴森 V15 吸尘器', 'order_amount': 38.5, 'order_quantity': 11}, {'product_name': 'Mate 60 Pro', 'order_amount': 38.5, 'order_quantity': 11}, {'product_name': 'Galaxy S24 Ultra', 'order_amount': 38.5, 'order_quantity': 11}, {'product_name': 'iPhone 15 Pro', 'order_amount': 38.5, 'order_quantity': 11}, {'product_name': 'Instant Pot 多功能电压力锅', 'order_amount': 3200.0, 'order_quantity': 1}, {'product_name': 'Kindle Paperwhite 电子书', 'order_amount': 3200.0, 'order_quantity': 1}, {'product_name': '奥利奥巧克力夹心饼干', 'order_amount': 3200.0, 'order_quantity': 1}, {'product_name': '乐事原味薯片 150g', 'order_amount': 3200.0, 'order_quantity': 1}, {'product_name': '蒙牛纯牛奶 250ml*12', 'order_amount': 3200.0, 'order_quantity': 1}, {'product_name': '雀巢金牌速溶咖啡', 'order_amount': 3200.0, 'order_quantity': 1}, {'product_name': '李维斯 501 牛仔裤', 'order_amount': 3200.0, 'order_quantity': 1}, {'product_name': '优衣库 Heattech 保暖夹克', 'order_amount': 3200.0, 'order_quantity': 1}, {'product_name': '阿迪达斯 Ultraboost 跑鞋', 'order_amount': 3200.0, 'order_quantity': 1}, {'product_name': '耐克 Air Max 270 运动鞋', 'order_amount': 3200.0, 'order_quantity': 1}, {'product_name': '美的空调 KFR-35GW', 'order_amount': 3200.0, 'order_quantity': 1}, {'product_name': '戴森 V15 吸尘器', 'order_amount': 3200.0, 'order_quantity': 1}, {'product_name': 'Mate 60 Pro', 'order_amount': 3200.0, 'order_quantity': 1}, {'product_name': 'Galaxy S24 Ultra', 'order_amount': 3200.0, 'order_quantity': 1}, {'product_name': 'iPhone 15 Pro', 'order_amount': 3200.0, 'order_quantity': 1}, {'product_name': 'Instant Pot 多功能电压力锅', 'order_amount': 599.0, 'order_quantity': 1}, {'product_name': 'Kindle Paperwhite 电子书', 'order_amount': 599.0, 'order_quantity': 1}, {'product_name': '奥利奥巧克力夹心饼干', 'order_amount': 599.0, 'order_quantity': 1}, {'product_name': '乐事原味薯片 150g', 'order_amount': 599.0, 'order_quantity': 1}, {'product_name': '蒙牛纯牛奶 250ml*12', 'order_amount': 599.0, 'order_quantity': 1}, {'product_name': '雀巢金牌速溶咖啡', 'order_amount': 599.0, 'order_quantity': 1}, {'product_name': '李维斯 501 牛仔裤', 'order_amount': 599.0, 'order_quantity': 1}, {'product_name': '优衣库 Heattech 保暖夹克', 'order_amount': 599.0, 'order_quantity': 1}, {'product_name': '阿迪达斯 Ultraboost 跑鞋', 'order_amount': 599.0, 'order_quantity': 1}, {'product_name': '耐克 Air Max 270 运动鞋', 'order_amount': 599.0, 'order_quantity': 1}, {'product_name': '美的空调 KFR-35GW', 'order_amount': 599.0, 'order_quantity': 1}, {'product_name': '戴森 V15 吸尘器', 'order_amount': 599.0, 'order_quantity': 1}, {'product_name': 'Mate 60 Pro', 'order_amount': 599.0, 'order_quantity': 1}, {'product_name': 'Galaxy S24 Ultra', 'order_amount': 599.0, 'order_quantity': 1}, {'product_name': 'iPhone 15 Pro', 'order_amount': 599.0, 'order_quantity': 1}, {'product_name': 'Instant Pot 多功能电压力锅', 'order_amount': 1299.0, 'order_quantity': 1}, {'product_name': 'Kindle Paperwhite 电子书', 'order_amount': 1299.0, 'order_quantity': 1}, {'product_name': '奥利奥巧克力夹心饼干', 'order_amount': 1299.0, 'order_quantity': 1}, {'product_name': '乐事原味薯片 150g', 'order_amount': 1299.0, 'order_quantity': 1}, {'product_name': '蒙牛纯牛奶 250ml*12', 'order_amount': 1299.0, 'order_quantity': 1}, {'product_name': '雀巢金牌速溶咖啡', 'order_amount': 1299.0, 'order_quantity': 1}, {'product_name': '李维斯 501 牛仔裤', 'order_amount': 1299.0, 'order_quantity': 1}, {'product_name': '优衣库 Heattech 保暖夹克', 'order_amount': 1299.0, 'order_quantity': 1}, {'product_name': '阿迪达斯 Ultraboost 跑鞋', 'order_amount': 1299.0, 'order_quantity': 1}, {'product_name': '耐克 Air Max 270 运动鞋', 'order_amount': 1299.0, 'order_quantity': 1}, {'product_name': '美的空调 KFR-35GW', 'order_amount': 1299.0, 'order_quantity': 1}, {'product_name': '戴森 V15 吸尘器', 'order_amount': 1299.0, 'order_quantity': 1}, {'product_name': 'Mate 60 Pro', 'order_amount': 1299.0, 'order_quantity': 1}, {'product_name': 'Galaxy S24 Ultra', 'order_amount': 1299.0, 'order_quantity': 1}, {'product_name': 'iPhone 15 Pro', 'order_amount': 1299.0, 'order_quantity': 1}, {'product_name': 'Instant Pot 多功能电压力锅', 'order_amount': 5499.0, 'order_quantity': 1}, {'product_name': 'Kindle Paperwhite 电子书', 'order_amount': 5499.0, 'order_quantity': 1}, {'product_name': '奥利奥巧克力夹心饼干', 'order_amount': 5499.0, 'order_quantity': 1}, {'product_name': '乐事原味薯片 150g', 'order_amount': 5499.0, 'order_quantity': 1}, {'product_name': '蒙牛纯牛奶 250ml*12', 'order_amount': 5499.0, 'order_quantity': 1}, {'product_name': '雀巢金牌速溶咖啡', 'order_amount': 5499.0, 'order_quantity': 1}, {'product_name': '李维斯 501 牛仔裤', 'order_amount': 5499.0, 'order_quantity': 1}, {'product_name': '优衣库 Heattech 保暖夹克', 'order_amount': 5499.0, 'order_quantity': 1}, {'product_name': '阿迪达斯 Ultraboost 跑鞋', 'order_amount': 5499.0, 'order_quantity': 1}, {'product_name': '耐克 Air Max 270 运动鞋', 'order_amount': 5499.0, 'order_quantity': 1}, {'product_name': '美的空调 KFR-35GW', 'order_amount': 5499.0, 'order_quantity': 1}, {'product_name': '戴森 V15 吸尘器', 'order_amount': 5499.0, 'order_quantity': 1}, {'product_name': 'Mate 60 Pro', 'order_amount': 5499.0, 'order_quantity': 1}, {'product_name': 'Galaxy S24 Ultra', 'order_amount': 5499.0, 'order_quantity': 1}, {'product_name': 'iPhone 15 Pro', 'order_amount': 5499.0, 'order_quantity': 1}, {'product_name': 'Instant Pot 多功能电压力锅', 'order_amount': 899.0, 'order_quantity': 1}, {'product_name': 'Kindle Paperwhite 电子书', 'order_amount': 899.0, 'order_quantity': 1}, {'product_name': '奥利奥巧克力夹心饼干', 'order_amount': 899.0, 'order_quantity': 1}, {'product_name': '乐事原味薯片 150g', 'order_amount': 899.0, 'order_quantity': 1}, {'product_name': '蒙牛纯牛奶 250ml*12', 'order_amount': 899.0, 'order_quantity': 1}, {'product_name': '雀巢金牌速溶咖啡', 'order_amount': 899.0, 'order_quantity': 1}, {'product_name': '李维斯 501 牛仔裤', 'order_amount': 899.0, 'order_quantity': 1}, {'product_name': '优衣库 Heattech 保暖夹克', 'order_amount': 899.0, 'order_quantity': 1}, {'product_name': '阿迪达斯 Ultraboost 跑鞋', 'order_amount': 899.0, 'order_quantity': 1}, {'product_name': '耐克 Air Max 270 运动鞋', 'order_amount': 899.0, 'order_quantity': 1}, {'product_name': '美的空调 KFR-35GW', 'order_amount': 899.0, 'order_quantity': 1}, {'product_name': '戴森 V15 吸尘器', 'order_amount': 899.0, 'order_quantity': 1}, {'product_name': 'Mate 60 Pro', 'order_amount': 899.0, 'order_quantity': 1}, {'product_name': 'Galaxy S24 Ultra', 'order_amount': 899.0, 'order_quantity': 1}, {'product_name': 'iPhone 15 Pro', 'order_amount': 899.0, 'order_quantity': 1}, {'product_name': 'Instant Pot 多功能电压力锅', 'order_amount': 8999.0, 'order_quantity': 1}, {'product_name': 'Kindle Paperwhite 电子书', 'order_amount': 8999.0, 'order_quantity': 1}, {'product_name': '奥利奥巧克力夹心饼干', 'order_amount': 8999.0, 'order_quantity': 1}, {'product_name': '乐事原味薯片 150g', 'order_amount': 8999.0, 'order_quantity': 1}, {'product_name': '蒙牛纯牛奶 250ml*12', 'order_amount': 8999.0, 'order_quantity': 1}, {'product_name': '雀巢金牌速溶咖啡', 'order_amount': 8999.0, 'order_quantity': 1}, {'product_name': '李维斯 501 牛仔裤', 'order_amount': 8999.0, 'order_quantity': 1}, {'product_name': '优衣库 Heattech 保暖夹克', 'order_amount': 8999.0, 'order_quantity': 1}, {'product_name': '阿迪达斯 Ultraboost 跑鞋', 'order_amount': 8999.0, 'order_quantity': 1}, {'product_name': '耐克 Air Max 270 运动鞋', 'order_amount': 8999.0, 'order_quantity': 1}, {'product_name': '美的空调 KFR-35GW', 'order_amount': 8999.0, 'order_quantity': 1}, {'product_name': '戴森 V15 吸尘器', 'order_amount': 8999.0, 'order_quantity': 1}, {'product_name': 'Mate 60 Pro', 'order_amount': 8999.0, 'order_quantity': 1}, {'product_name': 'Galaxy S24 Ultra', 'order_amount': 8999.0, 'order_quantity': 1}, {'product_name': 'iPhone 15 Pro', 'order_amount': 8999.0, 'order_quantity': 1}, {'product_name': 'Instant Pot 多功能电压力锅', 'order_amount': 125.0, 'order_quantity': 5}, {'product_name': 'Kindle Paperwhite 电子书', 'order_amount': 125.0, 'order_quantity': 5}, {'product_name': '奥利奥巧克力夹心饼干', 'order_amount': 125.0, 'order_quantity': 5}, {'product_name': '乐事原味薯片 150g', 'order_amount': 125.0, 'order_quantity': 5}, {'product_name': '蒙牛纯牛奶 250ml*12', 'order_amount': 125.0, 'order_quantity': 5}, {'product_name': '雀巢金牌速溶咖啡', 'order_amount': 125.0, 'order_quantity': 5}, {'product_name': '李维斯 501 牛仔裤', 'order_amount': 125.0, 'order_quantity': 5}, {'product_name': '优衣库 Heattech 保暖夹克', 'order_amount': 125.0, 'order_quantity': 5}, {'product_name': '阿迪达斯 Ultraboost 跑鞋', 'order_amount': 125.0, 'order_quantity': 5}, {'product_name': '耐克 Air Max 270 运动鞋', 'order_amount': 125.0, 'order_quantity': 5}, {'product_name': '美的空调 KFR-35GW', 'order_amount': 125.0, 'order_quantity': 5}, {'product_name': '戴森 V15 吸尘器', 'order_amount': 125.0, 'order_quantity': 5}, {'product_name': 'Mate 60 Pro', 'order_amount': 125.0, 'order_quantity': 5}, {'product_name': 'Galaxy S24 Ultra', 'order_amount': 125.0, 'order_quantity': 5}, {'product_name': 'iPhone 15 Pro', 'order_amount': 125.0, 'order_quantity': 5}, {'product_name': 'Instant Pot 多功能电压力锅', 'order_amount': 70.0, 'order_quantity': 14}, {'product_name': 'Kindle Paperwhite 电子书', 'order_amount': 70.0, 'order_quantity': 14}, {'product_name': '奥利奥巧克力夹心饼干', 'order_amount': 70.0, 'order_quantity': 14}, {'product_name': '乐事原味薯片 150g', 'order_amount': 70.0, 'order_quantity': 14}, {'product_name': '蒙牛纯牛奶 250ml*12', 'order_amount': 70.0, 'order_quantity': 14}, {'product_name': '雀巢金牌速溶咖啡', 'order_amount': 70.0, 'order_quantity': 14}, {'product_name': '李维斯 501 牛仔裤', 'order_amount': 70.0, 'order_quantity': 14}, {'product_name': '优衣库 Heattech 保暖夹克', 'order_amount': 70.0, 'order_quantity': 14}, {'product_name': '阿迪达斯 Ultraboost 跑鞋', 'order_amount': 70.0, 'order_quantity': 14}, {'product_name': '耐克 Air Max 270 运动鞋', 'order_amount': 70.0, 'order_quantity': 14}, {'product_name': '美的空调 KFR-35GW', 'order_amount': 70.0, 'order_quantity': 14}, {'product_name': '戴森 V15 吸尘器', 'order_amount': 70.0, 'order_quantity': 14}, {'product_name': 'Mate 60 Pro', 'order_amount': 70.0, 'order_quantity': 14}, {'product_name': 'Galaxy S24 Ultra', 'order_amount': 70.0, 'order_quantity': 14}, {'product_name': 'iPhone 15 Pro', 'order_amount': 70.0, 'order_quantity': 14}, {'product_name': 'Instant Pot 多功能电压力锅', 'order_amount': 6999.0, 'order_quantity': 1}, {'product_name': 'Kindle Paperwhite 电子书', 'order_amount': 6999.0, 'order_quantity': 1}, {'product_name': '奥利奥巧克力夹心饼干', 'order_amount': 6999.0, 'order_quantity': 1}, {'product_name': '乐事原味薯片 150g', 'order_amount': 6999.0, 'order_quantity': 1}, {'product_name': '蒙牛纯牛奶 250ml*12', 'order_amount': 6999.0, 'order_quantity': 1}, {'product_name': '雀巢金牌速溶咖啡', 'order_amount': 6999.0, 'order_quantity': 1}, {'product_name': '李维斯 501 牛仔裤', 'order_amount': 6999.0, 'order_quantity': 1}, {'product_name': '优衣库 Heattech 保暖夹克', 'order_amount': 6999.0, 'order_quantity': 1}, {'product_name': '阿迪达斯 Ultraboost 跑鞋', 'order_amount': 6999.0, 'order_quantity': 1}, {'product_name': '耐克 Air Max 270 运动鞋', 'order_amount': 6999.0, 'order_quantity': 1}, {'product_name': '美的空调 KFR-35GW', 'order_amount': 6999.0, 'order_quantity': 1}, {'product_name': '戴森 V15 吸尘器', 'order_amount': 6999.0, 'order_quantity': 1}, {'product_name': 'Mate 60 Pro', 'order_amount': 6999.0, 'order_quantity': 1}, {'product_name': 'Galaxy S24 Ultra', 'order_amount': 6999.0, 'order_quantity': 1}, {'product_name': 'iPhone 15 Pro', 'order_amount': 6999.0, 'order_quantity': 1}, {'product_name': 'Instant Pot 多功能电压力锅', 'order_amount': 150.0, 'order_quantity': 30}, {'product_name': 'Kindle Paperwhite 电子书', 'order_amount': 150.0, 'order_quantity': 30}, {'product_name': '奥利奥巧克力夹心饼干', 'order_amount': 150.0, 'order_quantity': 30}, {'product_name': '乐事原味薯片 150g', 'order_amount': 150.0, 'order_quantity': 30}, {'product_name': '蒙牛纯牛奶 250ml*12', 'order_amount': 150.0, 'order_quantity': 30}, {'product_name': '雀巢金牌速溶咖啡', 'order_amount': 150.0, 'order_quantity': 30}, {'product_name': '李维斯 501 牛仔裤', 'order_amount': 150.0, 'order_quantity': 30}, {'product_name': '优衣库 Heattech 保暖夹克', 'order_amount': 150.0, 'order_quantity': 30}, {'product_name': '阿迪达斯 Ultraboost 跑鞋', 'order_amount': 150.0, 'order_quantity': 30}, {'product_name': '耐克 Air Max 270 运动鞋', 'order_amount': 150.0, 'order_quantity': 30}, {'product_name': '美的空调 KFR-35GW', 'order_amount': 150.0, 'order_quantity': 30}, {'product_name': '戴森 V15 吸尘器', 'order_amount': 150.0, 'order_quantity': 30}, {'product_name': 'Mate 60 Pro', 'order_amount': 150.0, 'order_quantity': 30}, {'product_name': 'Galaxy S24 Ultra', 'order_amount': 150.0, 'order_quantity': 30}, {'product_name': 'iPhone 15 Pro', 'order_amount': 150.0, 'order_quantity': 30}, {'product_name': 'Instant Pot 多功能电压力锅', 'order_amount': 45.0, 'order_quantity': 9}, {'product_name': 'Kindle Paperwhite 电子书', 'order_amount': 45.0, 'order_quantity': 9}, {'product_name': '奥利奥巧克力夹心饼干', 'order_amount': 45.0, 'order_quantity': 9}, {'product_name': '乐事原味薯片 150g', 'order_amount': 45.0, 'order_quantity': 9}, {'product_name': '蒙牛纯牛奶 250ml*12', 'order_amount': 45.0, 'order_quantity': 9}, {'product_name': '雀巢金牌速溶咖啡', 'order_amount': 45.0, 'order_quantity': 9}, {'product_name': '李维斯 501 牛仔裤', 'order_amount': 45.0, 'order_quantity': 9}, {'product_name': '优衣库 Heattech 保暖夹克', 'order_amount': 45.0, 'order_quantity': 9}, {'product_name': '阿迪达斯 Ultraboost 跑鞋', 'order_amount': 45.0, 'order_quantity': 9}, {'product_name': '耐克 Air Max 270 运动鞋', 'order_amount': 45.0, 'order_quantity': 9}, {'product_name': '美的空调 KFR-35GW', 'order_amount': 45.0, 'order_quantity': 9}, {'product_name': '戴森 V15 吸尘器', 'order_amount': 45.0, 'order_quantity': 9}, {'product_name': 'Mate 60 Pro', 'order_amount': 45.0, 'order_quantity': 9}, {'product_name': 'Galaxy S24 Ultra', 'order_amount': 45.0, 'order_quantity': 9}, {'product_name': 'iPhone 15 Pro', 'order_amount': 45.0, 'order_quantity': 9}, {'product_name': 'Instant Pot 多功能电压力锅', 'order_amount': 50.0, 'order_quantity': 10}, {'product_name': 'Kindle Paperwhite 电子书', 'order_amount': 50.0, 'order_quantity': 10}, {'product_name': '奥利奥巧克力夹心饼干', 'order_amount': 50.0, 'order_quantity': 10}, {'product_name': '乐事原味薯片 150g', 'order_amount': 50.0, 'order_quantity': 10}, {'product_name': '蒙牛纯牛奶 250ml*12', 'order_amount': 50.0, 'order_quantity': 10}, {'product_name': '雀巢金牌速溶咖啡', 'order_amount': 50.0, 'order_quantity': 10}, {'product_name': '李维斯 501 牛仔裤', 'order_amount': 50.0, 'order_quantity': 10}, {'product_name': '优衣库 Heattech 保暖夹克', 'order_amount': 50.0, 'order_quantity': 10}, {'product_name': '阿迪达斯 Ultraboost 跑鞋', 'order_amount': 50.0, 'order_quantity': 10}, {'product_name': '耐克 Air Max 270 运动鞋', 'order_amount': 50.0, 'order_quantity': 10}, {'product_name': '美的空调 KFR-35GW', 'order_amount': 50.0, 'order_quantity': 10}, {'product_name': '戴森 V15 吸尘器', 'order_amount': 50.0, 'order_quantity': 10}, {'product_name': 'Mate 60 Pro', 'order_amount': 50.0, 'order_quantity': 10}, {'product_name': 'Galaxy S24 Ultra', 'order_amount': 50.0, 'order_quantity': 10}, {'product_name': 'iPhone 15 Pro', 'order_amount': 50.0, 'order_quantity': 10}, {'product_name': 'Instant Pot 多功能电压力锅', 'order_amount': 899.0, 'order_quantity': 1}, {'product_name': 'Kindle Paperwhite 电子书', 'order_amount': 899.0, 'order_quantity': 1}, {'product_name': '奥利奥巧克力夹心饼干', 'order_amount': 899.0, 'order_quantity': 1}, {'product_name': '乐事原味薯片 150g', 'order_amount': 899.0, 'order_quantity': 1}, {'product_name': '蒙牛纯牛奶 250ml*12', 'order_amount': 899.0, 'order_quantity': 1}, {'product_name': '雀巢金牌速溶咖啡', 'order_amount': 899.0, 'order_quantity': 1}, {'product_name': '李维斯 501 牛仔裤', 'order_amount': 899.0, 'order_quantity': 1}, {'product_name': '优衣库 Heattech 保暖夹克', 'order_amount': 899.0, 'order_quantity': 1}, {'product_name': '阿迪达斯 Ultraboost 跑鞋', 'order_amount': 899.0, 'order_quantity': 1}, {'product_name': '耐克 Air Max 270 运动鞋', 'order_amount': 899.0, 'order_quantity': 1}, {'product_name': '美的空调 KFR-35GW', 'order_amount': 899.0, 'order_quantity': 1}, {'product_name': '戴森 V15 吸尘器', 'order_amount': 899.0, 'order_quantity': 1}, {'product_name': 'Mate 60 Pro', 'order_amount': 899.0, 'order_quantity': 1}, {'product_name': 'Galaxy S24 Ultra', 'order_amount': 899.0, 'order_quantity': 1}, {'product_name': 'iPhone 15 Pro', 'order_amount': 899.0, 'order_quantity': 1}, {'product_name': 'Instant Pot 多功能电压力锅', 'order_amount': 1399.0, 'order_quantity': 1}, {'product_name': 'Kindle Paperwhite 电子书', 'order_amount': 1399.0, 'order_quantity': 1}, {'product_name': '奥利奥巧克力夹心饼干', 'order_amount': 1399.0, 'order_quantity': 1}, {'product_name': '乐事原味薯片 150g', 'order_amount': 1399.0, 'order_quantity': 1}, {'product_name': '蒙牛纯牛奶 250ml*12', 'order_amount': 1399.0, 'order_quantity': 1}, {'product_name': '雀巢金牌速溶咖啡', 'order_amount': 1399.0, 'order_quantity': 1}, {'product_name': '李维斯 501 牛仔裤', 'order_amount': 1399.0, 'order_quantity': 1}, {'product_name': '优衣库 Heattech 保暖夹克', 'order_amount': 1399.0, 'order_quantity': 1}, {'product_name': '阿迪达斯 Ultraboost 跑鞋', 'order_amount': 1399.0, 'order_quantity': 1}, {'product_name': '耐克 Air Max 270 运动鞋', 'order_amount': 1399.0, 'order_quantity': 1}, {'product_name': '美的空调 KFR-35GW', 'order_amount': 1399.0, 'order_quantity': 1}, {'product_name': '戴森 V15 吸尘器', 'order_amount': 1399.0, 'order_quantity': 1}, {'product_name': 'Mate 60 Pro', 'order_amount': 1399.0, 'order_quantity': 1}, {'product_name': 'Galaxy S24 Ultra', 'order_amount': 1399.0, 'order_quantity': 1}, {'product_name': 'iPhone 15 Pro', 'order_amount': 1399.0, 'order_quantity': 1}, {'product_name': 'Instant Pot 多功能电压力锅', 'order_amount': 100.0, 'order_quantity': 20}, {'product_name': 'Kindle Paperwhite 电子书', 'order_amount': 100.0, 'order_quantity': 20}, {'product_name': '奥利奥巧克力夹心饼干', 'order_amount': 100.0, 'order_quantity': 20}, {'product_name': '乐事原味薯片 150g', 'order_amount': 100.0, 'order_quantity': 20}, {'product_name': '蒙牛纯牛奶 250ml*12', 'order_amount': 100.0, 'order_quantity': 20}, {'product_name': '雀巢金牌速溶咖啡', 'order_amount': 100.0, 'order_quantity': 20}, {'product_name': '李维斯 501 牛仔裤', 'order_amount': 100.0, 'order_quantity': 20}, {'product_name': '优衣库 Heattech 保暖夹克', 'order_amount': 100.0, 'order_quantity': 20}, {'product_name': '阿迪达斯 Ultraboost 跑鞋', 'order_amount': 100.0, 'order_quantity': 20}, {'product_name': '耐克 Air Max 270 运动鞋', 'order_amount': 100.0, 'order_quantity': 20}, {'product_name': '美的空调 KFR-35GW', 'order_amount': 100.0, 'order_quantity': 20}, {'product_name': '戴森 V15 吸尘器', 'order_amount': 100.0, 'order_quantity': 20}, {'product_name': 'Mate 60 Pro', 'order_amount': 100.0, 'order_quantity': 20}, {'product_name': 'Galaxy S24 Ultra', 'order_amount': 100.0, 'order_quantity': 20}, {'product_name': 'iPhone 15 Pro', 'order_amount': 100.0, 'order_quantity': 20}, {'product_name': 'Instant Pot 多功能电压力锅', 'order_amount': 199.0, 'order_quantity': 1}, {'product_name': 'Kindle Paperwhite 电子书', 'order_amount': 199.0, 'order_quantity': 1}, {'product_name': '奥利奥巧克力夹心饼干', 'order_amount': 199.0, 'order_quantity': 1}, {'product_name': '乐事原味薯片 150g', 'order_amount': 199.0, 'order_quantity': 1}, {'product_name': '蒙牛纯牛奶 250ml*12', 'order_amount': 199.0, 'order_quantity': 1}, {'product_name': '雀巢金牌速溶咖啡', 'order_amount': 199.0, 'order_quantity': 1}, {'product_name': '李维斯 501 牛仔裤', 'order_amount': 199.0, 'order_quantity': 1}, {'product_name': '优衣库 Heattech 保暖夹克', 'order_amount': 199.0, 'order_quantity': 1}, {'product_name': '阿迪达斯 Ultraboost 跑鞋', 'order_amount': 199.0, 'order_quantity': 1}, {'product_name': '耐克 Air Max 270 运动鞋', 'order_amount': 199.0, 'order_quantity': 1}, {'product_name': '美的空调 KFR-35GW', 'order_amount': 199.0, 'order_quantity': 1}, {'product_name': '戴森 V15 吸尘器', 'order_amount': 199.0, 'order_quantity': 1}, {'product_name': 'Mate 60 Pro', 'order_amount': 199.0, 'order_quantity': 1}, {'product_name': 'Galaxy S24 Ultra', 'order_amount': 199.0, 'order_quantity': 1}, {'product_name': 'iPhone 15 Pro', 'order_amount': 199.0, 'order_quantity': 1}, {'product_name': 'Instant Pot 多功能电压力锅', 'order_amount': 9499.0, 'order_quantity': 1}, {'product_name': 'Kindle Paperwhite 电子书', 'order_amount': 9499.0, 'order_quantity': 1}, {'product_name': '奥利奥巧克力夹心饼干', 'order_amount': 9499.0, 'order_quantity': 1}, {'product_name': '乐事原味薯片 150g', 'order_amount': 9499.0, 'order_quantity': 1}, {'product_name': '蒙牛纯牛奶 250ml*12', 'order_amount': 9499.0, 'order_quantity': 1}, {'product_name': '雀巢金牌速溶咖啡', 'order_amount': 9499.0, 'order_quantity': 1}, {'product_name': '李维斯 501 牛仔裤', 'order_amount': 9499.0, 'order_quantity': 1}, {'product_name': '优衣库 Heattech 保暖夹克', 'order_amount': 9499.0, 'order_quantity': 1}, {'product_name': '阿迪达斯 Ultraboost 跑鞋', 'order_amount': 9499.0, 'order_quantity': 1}, {'product_name': '耐克 Air Max 270 运动鞋', 'order_amount': 9499.0, 'order_quantity': 1}, {'product_name': '美的空调 KFR-35GW', 'order_amount': 9499.0, 'order_quantity': 1}, {'product_name': '戴森 V15 吸尘器', 'order_amount': 9499.0, 'order_quantity': 1}, {'product_name': 'Mate 60 Pro', 'order_amount': 9499.0, 'order_quantity': 1}, {'product_name': 'Galaxy S24 Ultra', 'order_amount': 9499.0, 'order_quantity': 1}, {'product_name': 'iPhone 15 Pro', 'order_amount': 9499.0, 'order_quantity': 1}, {'product_name': 'Instant Pot 多功能电压力锅', 'order_amount': 49.0, 'order_quantity': 14}, {'product_name': 'Kindle Paperwhite 电子书', 'order_amount': 49.0, 'order_quantity': 14}, {'product_name': '奥利奥巧克力夹心饼干', 'order_amount': 49.0, 'order_quantity': 14}, {'product_name': '乐事原味薯片 150g', 'order_amount': 49.0, 'order_quantity': 14}, {'product_name': '蒙牛纯牛奶 250ml*12', 'order_amount': 49.0, 'order_quantity': 14}, {'product_name': '雀巢金牌速溶咖啡', 'order_amount': 49.0, 'order_quantity': 14}, {'product_name': '李维斯 501 牛仔裤', 'order_amount': 49.0, 'order_quantity': 14}, {'product_name': '优衣库 Heattech 保暖夹克', 'order_amount': 49.0, 'order_quantity': 14}, {'product_name': '阿迪达斯 Ultraboost 跑鞋', 'order_amount': 49.0, 'order_quantity': 14}, {'product_name': '耐克 Air Max 270 运动鞋', 'order_amount': 49.0, 'order_quantity': 14}, {'product_name': '美的空调 KFR-35GW', 'order_amount': 49.0, 'order_quantity': 14}, {'product_name': '戴森 V15 吸尘器', 'order_amount': 49.0, 'order_quantity': 14}, {'product_name': 'Mate 60 Pro', 'order_amount': 49.0, 'order_quantity': 14}, {'product_name': 'Galaxy S24 Ultra', 'order_amount': 49.0, 'order_quantity': 14}, {'product_name': 'iPhone 15 Pro', 'order_amount': 49.0, 'order_quantity': 14}, {'product_name': 'Instant Pot 多功能电压力锅', 'order_amount': 3200.0, 'order_quantity': 1}, {'product_name': 'Kindle Paperwhite 电子书', 'order_amount': 3200.0, 'order_quantity': 1}, {'product_name': '奥利奥巧克力夹心饼干', 'order_amount': 3200.0, 'order_quantity': 1}, {'product_name': '乐事原味薯片 150g', 'order_amount': 3200.0, 'order_quantity': 1}, {'product_name': '蒙牛纯牛奶 250ml*12', 'order_amount': 3200.0, 'order_quantity': 1}, {'product_name': '雀巢金牌速溶咖啡', 'order_amount': 3200.0, 'order_quantity': 1}, {'product_name': '李维斯 501 牛仔裤', 'order_amount': 3200.0, 'order_quantity': 1}, {'product_name': '优衣库 Heattech 保暖夹克', 'order_amount': 3200.0, 'order_quantity': 1}, {'product_name': '阿迪达斯 Ultraboost 跑鞋', 'order_amount': 3200.0, 'order_quantity': 1}, {'product_name': '耐克 Air Max 270 运动鞋', 'order_amount': 3200.0, 'order_quantity': 1}, {'product_name': '美的空调 KFR-35GW', 'order_amount': 3200.0, 'order_quantity': 1}, {'product_name': '戴森 V15 吸尘器', 'order_amount': 3200.0, 'order_quantity': 1}, {'product_name': 'Mate 60 Pro', 'order_amount': 3200.0, 'order_quantity': 1}, {'product_name': 'Galaxy S24 Ultra', 'order_amount': 3200.0, 'order_quantity': 1}, {'product_name': 'iPhone 15 Pro', 'order_amount': 3200.0, 'order_quantity': 1}, {'product_name': 'Instant Pot 多功能电压力锅', 'order_amount': 599.0, 'order_quantity': 1}, {'product_name': 'Kindle Paperwhite 电子书', 'order_amount': 599.0, 'order_quantity': 1}, {'product_name': '奥利奥巧克力夹心饼干', 'order_amount': 599.0, 'order_quantity': 1}, {'product_name': '乐事原味薯片 150g', 'order_amount': 599.0, 'order_quantity': 1}, {'product_name': '蒙牛纯牛奶 250ml*12', 'order_amount': 599.0, 'order_quantity': 1}, {'product_name': '雀巢金牌速溶咖啡', 'order_amount': 599.0, 'order_quantity': 1}, {'product_name': '李维斯 501 牛仔裤', 'order_amount': 599.0, 'order_quantity': 1}, {'product_name': '优衣库 Heattech 保暖夹克', 'order_amount': 599.0, 'order_quantity': 1}, {'product_name': '阿迪达斯 Ultraboost 跑鞋', 'order_amount': 599.0, 'order_quantity': 1}, {'product_name': '耐克 Air Max 270 运动鞋', 'order_amount': 599.0, 'order_quantity': 1}, {'product_name': '美的空调 KFR-35GW', 'order_amount': 599.0, 'order_quantity': 1}, {'product_name': '戴森 V15 吸尘器', 'order_amount': 599.0, 'order_quantity': 1}, {'product_name': 'Mate 60 Pro', 'order_amount': 599.0, 'order_quantity': 1}, {'product_name': 'Galaxy S24 Ultra', 'order_amount': 599.0, 'order_quantity': 1}, {'product_name': 'iPhone 15 Pro', 'order_amount': 599.0, 'order_quantity': 1}, {'product_name': 'Instant Pot 多功能电压力锅', 'order_amount': 100.0, 'order_quantity': 20}, {'product_name': 'Kindle Paperwhite 电子书', 'order_amount': 100.0, 'order_quantity': 20}, {'product_name': '奥利奥巧克力夹心饼干', 'order_amount': 100.0, 'order_quantity': 20}, {'product_name': '乐事原味薯片 150g', 'order_amount': 100.0, 'order_quantity': 20}, {'product_name': '蒙牛纯牛奶 250ml*12', 'order_amount': 100.0, 'order_quantity': 20}, {'product_name': '雀巢金牌速溶咖啡', 'order_amount': 100.0, 'order_quantity': 20}, {'product_name': '李维斯 501 牛仔裤', 'order_amount': 100.0, 'order_quantity': 20}, {'product_name': '优衣库 Heattech 保暖夹克', 'order_amount': 100.0, 'order_quantity': 20}, {'product_name': '阿迪达斯 Ultraboost 跑鞋', 'order_amount': 100.0, 'order_quantity': 20}, {'product_name': '耐克 Air Max 270 运动鞋', 'order_amount': 100.0, 'order_quantity': 20}, {'product_name': '美的空调 KFR-35GW', 'order_amount': 100.0, 'order_quantity': 20}, {'product_name': '戴森 V15 吸尘器', 'order_amount': 100.0, 'order_quantity': 20}, {'product_name': 'Mate 60 Pro', 'order_amount': 100.0, 'order_quantity': 20}, {'product_name': 'Galaxy S24 Ultra', 'order_amount': 100.0, 'order_quantity': 20}, {'product_name': 'iPhone 15 Pro', 'order_amount': 100.0, 'order_quantity': 20}, {'product_name': 'Instant Pot 多功能电压力锅', 'order_amount': 1299.0, 'order_quantity': 1}, {'product_name': 'Kindle Paperwhite 电子书', 'order_amount': 1299.0, 'order_quantity': 1}, {'product_name': '奥利奥巧克力夹心饼干', 'order_amount': 1299.0, 'order_quantity': 1}, {'product_name': '乐事原味薯片 150g', 'order_amount': 1299.0, 'order_quantity': 1}, {'product_name': '蒙牛纯牛奶 250ml*12', 'order_amount': 1299.0, 'order_quantity': 1}, {'product_name': '雀巢金牌速溶咖啡', 'order_amount': 1299.0, 'order_quantity': 1}, {'product_name': '李维斯 501 牛仔裤', 'order_amount': 1299.0, 'order_quantity': 1}, {'product_name': '优衣库 Heattech 保暖夹克', 'order_amount': 1299.0, 'order_quantity': 1}, {'product_name': '阿迪达斯 Ultraboost 跑鞋', 'order_amount': 1299.0, 'order_quantity': 1}, {'product_name': '耐克 Air Max 270 运动鞋', 'order_amount': 1299.0, 'order_quantity': 1}, {'product_name': '美的空调 KFR-35GW', 'order_amount': 1299.0, 'order_quantity': 1}, {'product_name': '戴森 V15 吸尘器', 'order_amount': 1299.0, 'order_quantity': 1}, {'product_name': 'Mate 60 Pro', 'order_amount': 1299.0, 'order_quantity': 1}, {'product_name': 'Galaxy S24 Ultra', 'order_amount': 1299.0, 'order_quantity': 1}, {'product_name': 'iPhone 15 Pro', 'order_amount': 1299.0, 'order_quantity': 1}, {'product_name': 'Instant Pot 多功能电压力锅', 'order_amount': 5499.0, 'order_quantity': 1}, {'product_name': 'Kindle Paperwhite 电子书', 'order_amount': 5499.0, 'order_quantity': 1}, {'product_name': '奥利奥巧克力夹心饼干', 'order_amount': 5499.0, 'order_quantity': 1}, {'product_name': '乐事原味薯片 150g', 'order_amount': 5499.0, 'order_quantity': 1}, {'product_name': '蒙牛纯牛奶 250ml*12', 'order_amount': 5499.0, 'order_quantity': 1}, {'product_name': '雀巢金牌速溶咖啡', 'order_amount': 5499.0, 'order_quantity': 1}, {'product_name': '李维斯 501 牛仔裤', 'order_amount': 5499.0, 'order_quantity': 1}, {'product_name': '优衣库 Heattech 保暖夹克', 'order_amount': 5499.0, 'order_quantity': 1}, {'product_name': '阿迪达斯 Ultraboost 跑鞋', 'order_amount': 5499.0, 'order_quantity': 1}, {'product_name': '耐克 Air Max 270 运动鞋', 'order_amount': 5499.0, 'order_quantity': 1}, {'product_name': '美的空调 KFR-35GW', 'order_amount': 5499.0, 'order_quantity': 1}, {'product_name': '戴森 V15 吸尘器', 'order_amount': 5499.0, 'order_quantity': 1}, {'product_name': 'Mate 60 Pro', 'order_amount': 5499.0, 'order_quantity': 1}, {'product_name': 'Galaxy S24 Ultra', 'order_amount': 5499.0, 'order_quantity': 1}, {'product_name': 'iPhone 15 Pro', 'order_amount': 5499.0, 'order_quantity': 1}, {'product_name': 'Instant Pot 多功能电压力锅', 'order_amount': 120.0, 'order_quantity': 24}, {'product_name': 'Kindle Paperwhite 电子书', 'order_amount': 120.0, 'order_quantity': 24}, {'product_name': '奥利奥巧克力夹心饼干', 'order_amount': 120.0, 'order_quantity': 24}, {'product_name': '乐事原味薯片 150g', 'order_amount': 120.0, 'order_quantity': 24}, {'product_name': '蒙牛纯牛奶 250ml*12', 'order_amount': 120.0, 'order_quantity': 24}, {'product_name': '雀巢金牌速溶咖啡', 'order_amount': 120.0, 'order_quantity': 24}, {'product_name': '李维斯 501 牛仔裤', 'order_amount': 120.0, 'order_quantity': 24}, {'product_name': '优衣库 Heattech 保暖夹克', 'order_amount': 120.0, 'order_quantity': 24}, {'product_name': '阿迪达斯 Ultraboost 跑鞋', 'order_amount': 120.0, 'order_quantity': 24}, {'product_name': '耐克 Air Max 270 运动鞋', 'order_amount': 120.0, 'order_quantity': 24}, {'product_name': '美的空调 KFR-35GW', 'order_amount': 120.0, 'order_quantity': 24}, {'product_name': '戴森 V15 吸尘器', 'order_amount': 120.0, 'order_quantity': 24}, {'product_name': 'Mate 60 Pro', 'order_amount': 120.0, 'order_quantity': 24}, {'product_name': 'Galaxy S24 Ultra', 'order_amount': 120.0, 'order_quantity': 24}, {'product_name': 'iPhone 15 Pro', 'order_amount': 120.0, 'order_quantity': 24}, {'product_name': 'Instant Pot 多功能电压力锅', 'order_amount': 899.0, 'order_quantity': 1}, {'product_name': 'Kindle Paperwhite 电子书', 'order_amount': 899.0, 'order_quantity': 1}, {'product_name': '奥利奥巧克力夹心饼干', 'order_amount': 899.0, 'order_quantity': 1}, {'product_name': '乐事原味薯片 150g', 'order_amount': 899.0, 'order_quantity': 1}, {'product_name': '蒙牛纯牛奶 250ml*12', 'order_amount': 899.0, 'order_quantity': 1}, {'product_name': '雀巢金牌速溶咖啡', 'order_amount': 899.0, 'order_quantity': 1}, {'product_name': '李维斯 501 牛仔裤', 'order_amount': 899.0, 'order_quantity': 1}, {'product_name': '优衣库 Heattech 保暖夹克', 'order_amount': 899.0, 'order_quantity': 1}, {'product_name': '阿迪达斯 Ultraboost 跑鞋', 'order_amount': 899.0, 'order_quantity': 1}, {'product_name': '耐克 Air Max 270 运动鞋', 'order_amount': 899.0, 'order_quantity': 1}, {'product_name': '美的空调 KFR-35GW', 'order_amount': 899.0, 'order_quantity': 1}, {'product_name': '戴森 V15 吸尘器', 'order_amount': 899.0, 'order_quantity': 1}, {'product_name': 'Mate 60 Pro', 'order_amount': 899.0, 'order_quantity': 1}, {'product_name': 'Galaxy S24 Ultra', 'order_amount': 899.0, 'order_quantity': 1}, {'product_name': 'iPhone 15 Pro', 'order_amount': 899.0, 'order_quantity': 1}, {'product_name': 'Instant Pot 多功能电压力锅', 'order_amount': 8999.0, 'order_quantity': 1}, {'product_name': 'Kindle Paperwhite 电子书', 'order_amount': 8999.0, 'order_quantity': 1}, {'product_name': '奥利奥巧克力夹心饼干', 'order_amount': 8999.0, 'order_quantity': 1}, {'product_name': '乐事原味薯片 150g', 'order_amount': 8999.0, 'order_quantity': 1}, {'product_name': '蒙牛纯牛奶 250ml*12', 'order_amount': 8999.0, 'order_quantity': 1}, {'product_name': '雀巢金牌速溶咖啡', 'order_amount': 8999.0, 'order_quantity': 1}, {'product_name': '李维斯 501 牛仔裤', 'order_amount': 8999.0, 'order_quantity': 1}, {'product_name': '优衣库 Heattech 保暖夹克', 'order_amount': 8999.0, 'order_quantity': 1}, {'product_name': '阿迪达斯 Ultraboost 跑鞋', 'order_amount': 8999.0, 'order_quantity': 1}, {'product_name': '耐克 Air Max 270 运动鞋', 'order_amount': 8999.0, 'order_quantity': 1}, {'product_name': '美的空调 KFR-35GW', 'order_amount': 8999.0, 'order_quantity': 1}, {'product_name': '戴森 V15 吸尘器', 'order_amount': 8999.0, 'order_quantity': 1}, {'product_name': 'Mate 60 Pro', 'order_amount': 8999.0, 'order_quantity': 1}, {'product_name': 'Galaxy S24 Ultra', 'order_amount': 8999.0, 'order_quantity': 1}, {'product_name': 'iPhone 15 Pro', 'order_amount': 8999.0, 'order_quantity': 1}, {'product_name': 'Instant Pot 多功能电压力锅', 'order_amount': 175.0, 'order_quantity': 7}, {'product_name': 'Kindle Paperwhite 电子书', 'order_amount': 175.0, 'order_quantity': 7}, {'product_name': '奥利奥巧克力夹心饼干', 'order_amount': 175.0, 'order_quantity': 7}, {'product_name': '乐事原味薯片 150g', 'order_amount': 175.0, 'order_quantity': 7}, {'product_name': '蒙牛纯牛奶 250ml*12', 'order_amount': 175.0, 'order_quantity': 7}, {'product_name': '雀巢金牌速溶咖啡', 'order_amount': 175.0, 'order_quantity': 7}, {'product_name': '李维斯 501 牛仔裤', 'order_amount': 175.0, 'order_quantity': 7}, {'product_name': '优衣库 Heattech 保暖夹克', 'order_amount': 175.0, 'order_quantity': 7}, {'product_name': '阿迪达斯 Ultraboost 跑鞋', 'order_amount': 175.0, 'order_quantity': 7}, {'product_name': '耐克 Air Max 270 运动鞋', 'order_amount': 175.0, 'order_quantity': 7}, {'product_name': '美的空调 KFR-35GW', 'order_amount': 175.0, 'order_quantity': 7}, {'product_name': '戴森 V15 吸尘器', 'order_amount': 175.0, 'order_quantity': 7}, {'product_name': 'Mate 60 Pro', 'order_amount': 175.0, 'order_quantity': 7}, {'product_name': 'Galaxy S24 Ultra', 'order_amount': 175.0, 'order_quantity': 7}, {'product_name': 'iPhone 15 Pro', 'order_amount': 175.0, 'order_quantity': 7}, {'product_name': 'Instant Pot 多功能电压力锅', 'order_amount': 77.0, 'order_quantity': 22}, {'product_name': 'Kindle Paperwhite 电子书', 'order_amount': 77.0, 'order_quantity': 22}, {'product_name': '奥利奥巧克力夹心饼干', 'order_amount': 77.0, 'order_quantity': 22}, {'product_name': '乐事原味薯片 150g', 'order_amount': 77.0, 'order_quantity': 22}, {'product_name': '蒙牛纯牛奶 250ml*12', 'order_amount': 77.0, 'order_quantity': 22}, {'product_name': '雀巢金牌速溶咖啡', 'order_amount': 77.0, 'order_quantity': 22}, {'product_name': '李维斯 501 牛仔裤', 'order_amount': 77.0, 'order_quantity': 22}, {'product_name': '优衣库 Heattech 保暖夹克', 'order_amount': 77.0, 'order_quantity': 22}, {'product_name': '阿迪达斯 Ultraboost 跑鞋', 'order_amount': 77.0, 'order_quantity': 22}, {'product_name': '耐克 Air Max 270 运动鞋', 'order_amount': 77.0, 'order_quantity': 22}, {'product_name': '美的空调 KFR-35GW', 'order_amount': 77.0, 'order_quantity': 22}, {'product_name': '戴森 V15 吸尘器', 'order_amount': 77.0, 'order_quantity': 22}, {'product_name': 'Mate 60 Pro', 'order_amount': 77.0, 'order_quantity': 22}, {'product_name': 'Galaxy S24 Ultra', 'order_amount': 77.0, 'order_quantity': 22}, {'product_name': 'iPhone 15 Pro', 'order_amount': 77.0, 'order_quantity': 22}, {'product_name': 'Instant Pot 多功能电压力锅', 'order_amount': 6999.0, 'order_quantity': 1}, {'product_name': 'Kindle Paperwhite 电子书', 'order_amount': 6999.0, 'order_quantity': 1}, {'product_name': '奥利奥巧克力夹心饼干', 'order_amount': 6999.0, 'order_quantity': 1}, {'product_name': '乐事原味薯片 150g', 'order_amount': 6999.0, 'order_quantity': 1}, {'product_name': '蒙牛纯牛奶 250ml*12', 'order_amount': 6999.0, 'order_quantity': 1}, {'product_name': '雀巢金牌速溶咖啡', 'order_amount': 6999.0, 'order_quantity': 1}, {'product_name': '李维斯 501 牛仔裤', 'order_amount': 6999.0, 'order_quantity': 1}, {'product_name': '优衣库 Heattech 保暖夹克', 'order_amount': 6999.0, 'order_quantity': 1}, {'product_name': '阿迪达斯 Ultraboost 跑鞋', 'order_amount': 6999.0, 'order_quantity': 1}, {'product_name': '耐克 Air Max 270 运动鞋', 'order_amount': 6999.0, 'order_quantity': 1}, {'product_name': '美的空调 KFR-35GW', 'order_amount': 6999.0, 'order_quantity': 1}, {'product_name': '戴森 V15 吸尘器', 'order_amount': 6999.0, 'order_quantity': 1}, {'product_name': 'Mate 60 Pro', 'order_amount': 6999.0, 'order_quantity': 1}, {'product_name': 'Galaxy S24 Ultra', 'order_amount': 6999.0, 'order_quantity': 1}, {'product_name': 'iPhone 15 Pro', 'order_amount': 6999.0, 'order_quantity': 1}, {'product_name': 'Instant Pot 多功能电压力锅', 'order_amount': 60.0, 'order_quantity': 12}, {'product_name': 'Kindle Paperwhite 电子书', 'order_amount': 60.0, 'order_quantity': 12}, {'product_name': '奥利奥巧克力夹心饼干', 'order_amount': 60.0, 'order_quantity': 12}, {'product_name': '乐事原味薯片 150g', 'order_amount': 60.0, 'order_quantity': 12}, {'product_name': '蒙牛纯牛奶 250ml*12', 'order_amount': 60.0, 'order_quantity': 12}, {'product_name': '雀巢金牌速溶咖啡', 'order_amount': 60.0, 'order_quantity': 12}, {'product_name': '李维斯 501 牛仔裤', 'order_amount': 60.0, 'order_quantity': 12}, {'product_name': '优衣库 Heattech 保暖夹克', 'order_amount': 60.0, 'order_quantity': 12}, {'product_name': '阿迪达斯 Ultraboost 跑鞋', 'order_amount': 60.0, 'order_quantity': 12}, {'product_name': '耐克 Air Max 270 运动鞋', 'order_amount': 60.0, 'order_quantity': 12}, {'product_name': '美的空调 KFR-35GW', 'order_amount': 60.0, 'order_quantity': 12}, {'product_name': '戴森 V15 吸尘器', 'order_amount': 60.0, 'order_quantity': 12}, {'product_name': 'Mate 60 Pro', 'order_amount': 60.0, 'order_quantity': 12}, {'product_name': 'Galaxy S24 Ultra', 'order_amount': 60.0, 'order_quantity': 12}, {'product_name': 'iPhone 15 Pro', 'order_amount': 60.0, 'order_quantity': 12}, {'product_name': 'Instant Pot 多功能电压力锅', 'order_amount': 90.0, 'order_quantity': 18}, {'product_name': 'Kindle Paperwhite 电子书', 'order_amount': 90.0, 'order_quantity': 18}, {'product_name': '奥利奥巧克力夹心饼干', 'order_amount': 90.0, 'order_quantity': 18}, {'product_name': '乐事原味薯片 150g', 'order_amount': 90.0, 'order_quantity': 18}, {'product_name': '蒙牛纯牛奶 250ml*12', 'order_amount': 90.0, 'order_quantity': 18}, {'product_name': '雀巢金牌速溶咖啡', 'order_amount': 90.0, 'order_quantity': 18}, {'product_name': '李维斯 501 牛仔裤', 'order_amount': 90.0, 'order_quantity': 18}, {'product_name': '优衣库 Heattech 保暖夹克', 'order_amount': 90.0, 'order_quantity': 18}, {'product_name': '阿迪达斯 Ultraboost 跑鞋', 'order_amount': 90.0, 'order_quantity': 18}, {'product_name': '耐克 Air Max 270 运动鞋', 'order_amount': 90.0, 'order_quantity': 18}, {'product_name': '美的空调 KFR-35GW', 'order_amount': 90.0, 'order_quantity': 18}, {'product_name': '戴森 V15 吸尘器', 'order_amount': 90.0, 'order_quantity': 18}, {'product_name': 'Mate 60 Pro', 'order_amount': 90.0, 'order_quantity': 18}, {'product_name': 'Galaxy S24 Ultra', 'order_amount': 90.0, 'order_quantity': 18}, {'product_name': 'iPhone 15 Pro', 'order_amount': 90.0, 'order_quantity': 18}, {'product_name': 'Instant Pot 多功能电压力锅', 'order_amount': 105.0, 'order_quantity': 30}, {'product_name': 'Kindle Paperwhite 电子书', 'order_amount': 105.0, 'order_quantity': 30}, {'product_name': '奥利奥巧克力夹心饼干', 'order_amount': 105.0, 'order_quantity': 30}, {'product_name': '乐事原味薯片 150g', 'order_amount': 105.0, 'order_quantity': 30}, {'product_name': '蒙牛纯牛奶 250ml*12', 'order_amount': 105.0, 'order_quantity': 30}, {'product_name': '雀巢金牌速溶咖啡', 'order_amount': 105.0, 'order_quantity': 30}, {'product_name': '李维斯 501 牛仔裤', 'order_amount': 105.0, 'order_quantity': 30}, {'product_name': '优衣库 Heattech 保暖夹克', 'order_amount': 105.0, 'order_quantity': 30}, {'product_name': '阿迪达斯 Ultraboost 跑鞋', 'order_amount': 105.0, 'order_quantity': 30}, {'product_name': '耐克 Air Max 270 运动鞋', 'order_amount': 105.0, 'order_quantity': 30}, {'product_name': '美的空调 KFR-35GW', 'order_amount': 105.0, 'order_quantity': 30}, {'product_name': '戴森 V15 吸尘器', 'order_amount': 105.0, 'order_quantity': 30}, {'product_name': 'Mate 60 Pro', 'order_amount': 105.0, 'order_quantity': 30}, {'product_name': 'Galaxy S24 Ultra', 'order_amount': 105.0, 'order_quantity': 30}, {'product_name': 'iPhone 15 Pro', 'order_amount': 105.0, 'order_quantity': 30}, {'product_name': 'Instant Pot 多功能电压力锅', 'order_amount': 899.0, 'order_quantity': 1}, {'product_name': 'Kindle Paperwhite 电子书', 'order_amount': 899.0, 'order_quantity': 1}, {'product_name': '奥利奥巧克力夹心饼干', 'order_amount': 899.0, 'order_quantity': 1}, {'product_name': '乐事原味薯片 150g', 'order_amount': 899.0, 'order_quantity': 1}, {'product_name': '蒙牛纯牛奶 250ml*12', 'order_amount': 899.0, 'order_quantity': 1}, {'product_name': '雀巢金牌速溶咖啡', 'order_amount': 899.0, 'order_quantity': 1}, {'product_name': '李维斯 501 牛仔裤', 'order_amount': 899.0, 'order_quantity': 1}, {'product_name': '优衣库 Heattech 保暖夹克', 'order_amount': 899.0, 'order_quantity': 1}, {'product_name': '阿迪达斯 Ultraboost 跑鞋', 'order_amount': 899.0, 'order_quantity': 1}, {'product_name': '耐克 Air Max 270 运动鞋', 'order_amount': 899.0, 'order_quantity': 1}, {'product_name': '美的空调 KFR-35GW', 'order_amount': 899.0, 'order_quantity': 1}, {'product_name': '戴森 V15 吸尘器', 'order_amount': 899.0, 'order_quantity': 1}, {'product_name': 'Mate 60 Pro', 'order_amount': 899.0, 'order_quantity': 1}, {'product_name': 'Galaxy S24 Ultra', 'order_amount': 899.0, 'order_quantity': 1}, {'product_name': 'iPhone 15 Pro', 'order_amount': 899.0, 'order_quantity': 1}, {'product_name': 'Instant Pot 多功能电压力锅', 'order_amount': 1399.0, 'order_quantity': 1}, {'product_name': 'Kindle Paperwhite 电子书', 'order_amount': 1399.0, 'order_quantity': 1}, {'product_name': '奥利奥巧克力夹心饼干', 'order_amount': 1399.0, 'order_quantity': 1}, {'product_name': '乐事原味薯片 150g', 'order_amount': 1399.0, 'order_quantity': 1}, {'product_name': '蒙牛纯牛奶 250ml*12', 'order_amount': 1399.0, 'order_quantity': 1}, {'product_name': '雀巢金牌速溶咖啡', 'order_amount': 1399.0, 'order_quantity': 1}, {'product_name': '李维斯 501 牛仔裤', 'order_amount': 1399.0, 'order_quantity': 1}, {'product_name': '优衣库 Heattech 保暖夹克', 'order_amount': 1399.0, 'order_quantity': 1}, {'product_name': '阿迪达斯 Ultraboost 跑鞋', 'order_amount': 1399.0, 'order_quantity': 1}, {'product_name': '耐克 Air Max 270 运动鞋', 'order_amount': 1399.0, 'order_quantity': 1}, {'product_name': '美的空调 KFR-35GW', 'order_amount': 1399.0, 'order_quantity': 1}, {'product_name': '戴森 V15 吸尘器', 'order_amount': 1399.0, 'order_quantity': 1}, {'product_name': 'Mate 60 Pro', 'order_amount': 1399.0, 'order_quantity': 1}, {'product_name': 'Galaxy S24 Ultra', 'order_amount': 1399.0, 'order_quantity': 1}, {'product_name': 'iPhone 15 Pro', 'order_amount': 1399.0, 'order_quantity': 1}, {'product_name': 'Instant Pot 多功能电压力锅', 'order_amount': 1399.0, 'order_quantity': 1}, {'product_name': 'Kindle Paperwhite 电子书', 'order_amount': 1399.0, 'order_quantity': 1}, {'product_name': '奥利奥巧克力夹心饼干', 'order_amount': 1399.0, 'order_quantity': 1}, {'product_name': '乐事原味薯片 150g', 'order_amount': 1399.0, 'order_quantity': 1}, {'product_name': '蒙牛纯牛奶 250ml*12', 'order_amount': 1399.0, 'order_quantity': 1}, {'product_name': '雀巢金牌速溶咖啡', 'order_amount': 1399.0, 'order_quantity': 1}, {'product_name': '李维斯 501 牛仔裤', 'order_amount': 1399.0, 'order_quantity': 1}, {'product_name': '优衣库 Heattech 保暖夹克', 'order_amount': 1399.0, 'order_quantity': 1}, {'product_name': '阿迪达斯 Ultraboost 跑鞋', 'order_amount': 1399.0, 'order_quantity': 1}, {'product_name': '耐克 Air Max 270 运动鞋', 'order_amount': 1399.0, 'order_quantity': 1}, {'product_name': '美的空调 KFR-35GW', 'order_amount': 1399.0, 'order_quantity': 1}, {'product_name': '戴森 V15 吸尘器', 'order_amount': 1399.0, 'order_quantity': 1}, {'product_name': 'Mate 60 Pro', 'order_amount': 1399.0, 'order_quantity': 1}, {'product_name': 'Galaxy S24 Ultra', 'order_amount': 1399.0, 'order_quantity': 1}, {'product_name': 'iPhone 15 Pro', 'order_amount': 1399.0, 'order_quantity': 1}, {'product_name': 'Instant Pot 多功能电压力锅', 'order_amount': 597.0, 'order_quantity': 3}, {'product_name': 'Kindle Paperwhite 电子书', 'order_amount': 597.0, 'order_quantity': 3}, {'product_name': '奥利奥巧克力夹心饼干', 'order_amount': 597.0, 'order_quantity': 3}, {'product_name': '乐事原味薯片 150g', 'order_amount': 597.0, 'order_quantity': 3}, {'product_name': '蒙牛纯牛奶 250ml*12', 'order_amount': 597.0, 'order_quantity': 3}, {'product_name': '雀巢金牌速溶咖啡', 'order_amount': 597.0, 'order_quantity': 3}, {'product_name': '李维斯 501 牛仔裤', 'order_amount': 597.0, 'order_quantity': 3}, {'product_name': '优衣库 Heattech 保暖夹克', 'order_amount': 597.0, 'order_quantity': 3}, {'product_name': '阿迪达斯 Ultraboost 跑鞋', 'order_amount': 597.0, 'order_quantity': 3}, {'product_name': '耐克 Air Max 270 运动鞋', 'order_amount': 597.0, 'order_quantity': 3}, {'product_name': '美的空调 KFR-35GW', 'order_amount': 597.0, 'order_quantity': 3}, {'product_name': '戴森 V15 吸尘器', 'order_amount': 597.0, 'order_quantity': 3}, {'product_name': 'Mate 60 Pro', 'order_amount': 597.0, 'order_quantity': 3}, {'product_name': 'Galaxy S24 Ultra', 'order_amount': 597.0, 'order_quantity': 3}, {'product_name': 'iPhone 15 Pro', 'order_amount': 597.0, 'order_quantity': 3}, {'product_name': 'Instant Pot 多功能电压力锅', 'order_amount': 9499.0, 'order_quantity': 1}, {'product_name': 'Kindle Paperwhite 电子书', 'order_amount': 9499.0, 'order_quantity': 1}, {'product_name': '奥利奥巧克力夹心饼干', 'order_amount': 9499.0, 'order_quantity': 1}, {'product_name': '乐事原味薯片 150g', 'order_amount': 9499.0, 'order_quantity': 1}, {'product_name': '蒙牛纯牛奶 250ml*12', 'order_amount': 9499.0, 'order_quantity': 1}, {'product_name': '雀巢金牌速溶咖啡', 'order_amount': 9499.0, 'order_quantity': 1}, {'product_name': '李维斯 501 牛仔裤', 'order_amount': 9499.0, 'order_quantity': 1}, {'product_name': '优衣库 Heattech 保暖夹克', 'order_amount': 9499.0, 'order_quantity': 1}, {'product_name': '阿迪达斯 Ultraboost 跑鞋', 'order_amount': 9499.0, 'order_quantity': 1}, {'product_name': '耐克 Air Max 270 运动鞋', 'order_amount': 9499.0, 'order_quantity': 1}, {'product_name': '美的空调 KFR-35GW', 'order_amount': 9499.0, 'order_quantity': 1}, {'product_name': '戴森 V15 吸尘器', 'order_amount': 9499.0, 'order_quantity': 1}, {'product_name': 'Mate 60 Pro', 'order_amount': 9499.0, 'order_quantity': 1}, {'product_name': 'Galaxy S24 Ultra', 'order_amount': 9499.0, 'order_quantity': 1}, {'product_name': 'iPhone 15 Pro', 'order_amount': 9499.0, 'order_quantity': 1}, {'product_name': 'Instant Pot 多功能电压力锅', 'order_amount': 80.0, 'order_quantity': 16}, {'product_name': 'Kindle Paperwhite 电子书', 'order_amount': 80.0, 'order_quantity': 16}, {'product_name': '奥利奥巧克力夹心饼干', 'order_amount': 80.0, 'order_quantity': 16}, {'product_name': '乐事原味薯片 150g', 'order_amount': 80.0, 'order_quantity': 16}, {'product_name': '蒙牛纯牛奶 250ml*12', 'order_amount': 80.0, 'order_quantity': 16}, {'product_name': '雀巢金牌速溶咖啡', 'order_amount': 80.0, 'order_quantity': 16}, {'product_name': '李维斯 501 牛仔裤', 'order_amount': 80.0, 'order_quantity': 16}, {'product_name': '优衣库 Heattech 保暖夹克', 'order_amount': 80.0, 'order_quantity': 16}, {'product_name': '阿迪达斯 Ultraboost 跑鞋', 'order_amount': 80.0, 'order_quantity': 16}, {'product_name': '耐克 Air Max 270 运动鞋', 'order_amount': 80.0, 'order_quantity': 16}, {'product_name': '美的空调 KFR-35GW', 'order_amount': 80.0, 'order_quantity': 16}, {'product_name': '戴森 V15 吸尘器', 'order_amount': 80.0, 'order_quantity': 16}, {'product_name': 'Mate 60 Pro', 'order_amount': 80.0, 'order_quantity': 16}, {'product_name': 'Galaxy S24 Ultra', 'order_amount': 80.0, 'order_quantity': 16}, {'product_name': 'iPhone 15 Pro', 'order_amount': 80.0, 'order_quantity': 16}, {'product_name': 'Instant Pot 多功能电压力锅', 'order_amount': 56.0, 'order_quantity': 16}, {'product_name': 'Kindle Paperwhite 电子书', 'order_amount': 56.0, 'order_quantity': 16}, {'product_name': '奥利奥巧克力夹心饼干', 'order_amount': 56.0, 'order_quantity': 16}, {'product_name': '乐事原味薯片 150g', 'order_amount': 56.0, 'order_quantity': 16}, {'product_name': '蒙牛纯牛奶 250ml*12', 'order_amount': 56.0, 'order_quantity': 16}, {'product_name': '雀巢金牌速溶咖啡', 'order_amount': 56.0, 'order_quantity': 16}, {'product_name': '李维斯 501 牛仔裤', 'order_amount': 56.0, 'order_quantity': 16}, {'product_name': '优衣库 Heattech 保暖夹克', 'order_amount': 56.0, 'order_quantity': 16}, {'product_name': '阿迪达斯 Ultraboost 跑鞋', 'order_amount': 56.0, 'order_quantity': 16}, {'product_name': '耐克 Air Max 270 运动鞋', 'order_amount': 56.0, 'order_quantity': 16}, {'product_name': '美的空调 KFR-35GW', 'order_amount': 56.0, 'order_quantity': 16}, {'product_name': '戴森 V15 吸尘器', 'order_amount': 56.0, 'order_quantity': 16}, {'product_name': 'Mate 60 Pro', 'order_amount': 56.0, 'order_quantity': 16}, {'product_name': 'Galaxy S24 Ultra', 'order_amount': 56.0, 'order_quantity': 16}, {'product_name': 'iPhone 15 Pro', 'order_amount': 56.0, 'order_quantity': 16}, {'product_name': 'Instant Pot 多功能电压力锅', 'order_amount': 3200.0, 'order_quantity': 1}, {'product_name': 'Kindle Paperwhite 电子书', 'order_amount': 3200.0, 'order_quantity': 1}, {'product_name': '奥利奥巧克力夹心饼干', 'order_amount': 3200.0, 'order_quantity': 1}, {'product_name': '乐事原味薯片 150g', 'order_amount': 3200.0, 'order_quantity': 1}, {'product_name': '蒙牛纯牛奶 250ml*12', 'order_amount': 3200.0, 'order_quantity': 1}, {'product_name': '雀巢金牌速溶咖啡', 'order_amount': 3200.0, 'order_quantity': 1}, {'product_name': '李维斯 501 牛仔裤', 'order_amount': 3200.0, 'order_quantity': 1}, {'product_name': '优衣库 Heattech 保暖夹克', 'order_amount': 3200.0, 'order_quantity': 1}, {'product_name': '阿迪达斯 Ultraboost 跑鞋', 'order_amount': 3200.0, 'order_quantity': 1}, {'product_name': '耐克 Air Max 270 运动鞋', 'order_amount': 3200.0, 'order_quantity': 1}, {'product_name': '美的空调 KFR-35GW', 'order_amount': 3200.0, 'order_quantity': 1}, {'product_name': '戴森 V15 吸尘器', 'order_amount': 3200.0, 'order_quantity': 1}, {'product_name': 'Mate 60 Pro', 'order_amount': 3200.0, 'order_quantity': 1}, {'product_name': 'Galaxy S24 Ultra', 'order_amount': 3200.0, 'order_quantity': 1}, {'product_name': 'iPhone 15 Pro', 'order_amount': 3200.0, 'order_quantity': 1}, {'product_name': 'Instant Pot 多功能电压力锅', 'order_amount': 1198.0, 'order_quantity': 2}, {'product_name': 'Kindle Paperwhite 电子书', 'order_amount': 1198.0, 'order_quantity': 2}, {'product_name': '奥利奥巧克力夹心饼干', 'order_amount': 1198.0, 'order_quantity': 2}, {'product_name': '乐事原味薯片 150g', 'order_amount': 1198.0, 'order_quantity': 2}, {'product_name': '蒙牛纯牛奶 250ml*12', 'order_amount': 1198.0, 'order_quantity': 2}, {'product_name': '雀巢金牌速溶咖啡', 'order_amount': 1198.0, 'order_quantity': 2}, {'product_name': '李维斯 501 牛仔裤', 'order_amount': 1198.0, 'order_quantity': 2}, {'product_name': '优衣库 Heattech 保暖夹克', 'order_amount': 1198.0, 'order_quantity': 2}, {'product_name': '阿迪达斯 Ultraboost 跑鞋', 'order_amount': 1198.0, 'order_quantity': 2}, {'product_name': '耐克 Air Max 270 运动鞋', 'order_amount': 1198.0, 'order_quantity': 2}, {'product_name': '美的空调 KFR-35GW', 'order_amount': 1198.0, 'order_quantity': 2}, {'product_name': '戴森 V15 吸尘器', 'order_amount': 1198.0, 'order_quantity': 2}, {'product_name': 'Mate 60 Pro', 'order_amount': 1198.0, 'order_quantity': 2}, {'product_name': 'Galaxy S24 Ultra', 'order_amount': 1198.0, 'order_quantity': 2}, {'product_name': 'iPhone 15 Pro', 'order_amount': 1198.0, 'order_quantity': 2}, {'product_name': 'Instant Pot 多功能电压力锅', 'order_amount': 250.0, 'order_quantity': 10}, {'product_name': 'Kindle Paperwhite 电子书', 'order_amount': 250.0, 'order_quantity': 10}, {'product_name': '奥利奥巧克力夹心饼干', 'order_amount': 250.0, 'order_quantity': 10}, {'product_name': '乐事原味薯片 150g', 'order_amount': 250.0, 'order_quantity': 10}, {'product_name': '蒙牛纯牛奶 250ml*12', 'order_amount': 250.0, 'order_quantity': 10}, {'product_name': '雀巢金牌速溶咖啡', 'order_amount': 250.0, 'order_quantity': 10}, {'product_name': '李维斯 501 牛仔裤', 'order_amount': 250.0, 'order_quantity': 10}, {'product_name': '优衣库 Heattech 保暖夹克', 'order_amount': 250.0, 'order_quantity': 10}, {'product_name': '阿迪达斯 Ultraboost 跑鞋', 'order_amount': 250.0, 'order_quantity': 10}, {'product_name': '耐克 Air Max 270 运动鞋', 'order_amount': 250.0, 'order_quantity': 10}, {'product_name': '美的空调 KFR-35GW', 'order_amount': 250.0, 'order_quantity': 10}, {'product_name': '戴森 V15 吸尘器', 'order_amount': 250.0, 'order_quantity': 10}, {'product_name': 'Mate 60 Pro', 'order_amount': 250.0, 'order_quantity': 10}, {'product_name': 'Galaxy S24 Ultra', 'order_amount': 250.0, 'order_quantity': 10}, {'product_name': 'iPhone 15 Pro', 'order_amount': 250.0, 'order_quantity': 10}, {'product_name': 'Instant Pot 多功能电压力锅', 'order_amount': 1299.0, 'order_quantity': 1}, {'product_name': 'Kindle Paperwhite 电子书', 'order_amount': 1299.0, 'order_quantity': 1}, {'product_name': '奥利奥巧克力夹心饼干', 'order_amount': 1299.0, 'order_quantity': 1}, {'product_name': '乐事原味薯片 150g', 'order_amount': 1299.0, 'order_quantity': 1}, {'product_name': '蒙牛纯牛奶 250ml*12', 'order_amount': 1299.0, 'order_quantity': 1}, {'product_name': '雀巢金牌速溶咖啡', 'order_amount': 1299.0, 'order_quantity': 1}, {'product_name': '李维斯 501 牛仔裤', 'order_amount': 1299.0, 'order_quantity': 1}, {'product_name': '优衣库 Heattech 保暖夹克', 'order_amount': 1299.0, 'order_quantity': 1}, {'product_name': '阿迪达斯 Ultraboost 跑鞋', 'order_amount': 1299.0, 'order_quantity': 1}, {'product_name': '耐克 Air Max 270 运动鞋', 'order_amount': 1299.0, 'order_quantity': 1}, {'product_name': '美的空调 KFR-35GW', 'order_amount': 1299.0, 'order_quantity': 1}, {'product_name': '戴森 V15 吸尘器', 'order_amount': 1299.0, 'order_quantity': 1}, {'product_name': 'Mate 60 Pro', 'order_amount': 1299.0, 'order_quantity': 1}, {'product_name': 'Galaxy S24 Ultra', 'order_amount': 1299.0, 'order_quantity': 1}, {'product_name': 'iPhone 15 Pro', 'order_amount': 1299.0, 'order_quantity': 1}, {'product_name': 'Instant Pot 多功能电压力锅', 'order_amount': 5499.0, 'order_quantity': 1}, {'product_name': 'Kindle Paperwhite 电子书', 'order_amount': 5499.0, 'order_quantity': 1}, {'product_name': '奥利奥巧克力夹心饼干', 'order_amount': 5499.0, 'order_quantity': 1}, {'product_name': '乐事原味薯片 150g', 'order_amount': 5499.0, 'order_quantity': 1}, {'product_name': '蒙牛纯牛奶 250ml*12', 'order_amount': 5499.0, 'order_quantity': 1}, {'product_name': '雀巢金牌速溶咖啡', 'order_amount': 5499.0, 'order_quantity': 1}, {'product_name': '李维斯 501 牛仔裤', 'order_amount': 5499.0, 'order_quantity': 1}, {'product_name': '优衣库 Heattech 保暖夹克', 'order_amount': 5499.0, 'order_quantity': 1}, {'product_name': '阿迪达斯 Ultraboost 跑鞋', 'order_amount': 5499.0, 'order_quantity': 1}, {'product_name': '耐克 Air Max 270 运动鞋', 'order_amount': 5499.0, 'order_quantity': 1}, {'product_name': '美的空调 KFR-35GW', 'order_amount': 5499.0, 'order_quantity': 1}, {'product_name': '戴森 V15 吸尘器', 'order_amount': 5499.0, 'order_quantity': 1}, {'product_name': 'Mate 60 Pro', 'order_amount': 5499.0, 'order_quantity': 1}, {'product_name': 'Galaxy S24 Ultra', 'order_amount': 5499.0, 'order_quantity': 1}, {'product_name': 'iPhone 15 Pro', 'order_amount': 5499.0, 'order_quantity': 1}, {'product_name': 'Instant Pot 多功能电压力锅', 'order_amount': 899.0, 'order_quantity': 1}, {'product_name': 'Kindle Paperwhite 电子书', 'order_amount': 899.0, 'order_quantity': 1}, {'product_name': '奥利奥巧克力夹心饼干', 'order_amount': 899.0, 'order_quantity': 1}, {'product_name': '乐事原味薯片 150g', 'order_amount': 899.0, 'order_quantity': 1}, {'product_name': '蒙牛纯牛奶 250ml*12', 'order_amount': 899.0, 'order_quantity': 1}, {'product_name': '雀巢金牌速溶咖啡', 'order_amount': 899.0, 'order_quantity': 1}, {'product_name': '李维斯 501 牛仔裤', 'order_amount': 899.0, 'order_quantity': 1}, {'product_name': '优衣库 Heattech 保暖夹克', 'order_amount': 899.0, 'order_quantity': 1}, {'product_name': '阿迪达斯 Ultraboost 跑鞋', 'order_amount': 899.0, 'order_quantity': 1}, {'product_name': '耐克 Air Max 270 运动鞋', 'order_amount': 899.0, 'order_quantity': 1}, {'product_name': '美的空调 KFR-35GW', 'order_amount': 899.0, 'order_quantity': 1}, {'product_name': '戴森 V15 吸尘器', 'order_amount': 899.0, 'order_quantity': 1}, {'product_name': 'Mate 60 Pro', 'order_amount': 899.0, 'order_quantity': 1}, {'product_name': 'Galaxy S24 Ultra', 'order_amount': 899.0, 'order_quantity': 1}, {'product_name': 'iPhone 15 Pro', 'order_amount': 899.0, 'order_quantity': 1}, {'product_name': 'Instant Pot 多功能电压力锅', 'order_amount': 8999.0, 'order_quantity': 1}, {'product_name': 'Kindle Paperwhite 电子书', 'order_amount': 8999.0, 'order_quantity': 1}, {'product_name': '奥利奥巧克力夹心饼干', 'order_amount': 8999.0, 'order_quantity': 1}, {'product_name': '乐事原味薯片 150g', 'order_amount': 8999.0, 'order_quantity': 1}, {'product_name': '蒙牛纯牛奶 250ml*12', 'order_amount': 8999.0, 'order_quantity': 1}, {'product_name': '雀巢金牌速溶咖啡', 'order_amount': 8999.0, 'order_quantity': 1}, {'product_name': '李维斯 501 牛仔裤', 'order_amount': 8999.0, 'order_quantity': 1}, {'product_name': '优衣库 Heattech 保暖夹克', 'order_amount': 8999.0, 'order_quantity': 1}, {'product_name': '阿迪达斯 Ultraboost 跑鞋', 'order_amount': 8999.0, 'order_quantity': 1}, {'product_name': '耐克 Air Max 270 运动鞋', 'order_amount': 8999.0, 'order_quantity': 1}, {'product_name': '美的空调 KFR-35GW', 'order_amount': 8999.0, 'order_quantity': 1}, {'product_name': '戴森 V15 吸尘器', 'order_amount': 8999.0, 'order_quantity': 1}, {'product_name': 'Mate 60 Pro', 'order_amount': 8999.0, 'order_quantity': 1}, {'product_name': 'Galaxy S24 Ultra', 'order_amount': 8999.0, 'order_quantity': 1}, {'product_name': 'iPhone 15 Pro', 'order_amount': 8999.0, 'order_quantity': 1}, {'product_name': 'Instant Pot 多功能电压力锅', 'order_amount': 63.0, 'order_quantity': 18}, {'product_name': 'Kindle Paperwhite 电子书', 'order_amount': 63.0, 'order_quantity': 18}, {'product_name': '奥利奥巧克力夹心饼干', 'order_amount': 63.0, 'order_quantity': 18}, {'product_name': '乐事原味薯片 150g', 'order_amount': 63.0, 'order_quantity': 18}, {'product_name': '蒙牛纯牛奶 250ml*12', 'order_amount': 63.0, 'order_quantity': 18}, {'product_name': '雀巢金牌速溶咖啡', 'order_amount': 63.0, 'order_quantity': 18}, {'product_name': '李维斯 501 牛仔裤', 'order_amount': 63.0, 'order_quantity': 18}, {'product_name': '优衣库 Heattech 保暖夹克', 'order_amount': 63.0, 'order_quantity': 18}, {'product_name': '阿迪达斯 Ultraboost 跑鞋', 'order_amount': 63.0, 'order_quantity': 18}, {'product_name': '耐克 Air Max 270 运动鞋', 'order_amount': 63.0, 'order_quantity': 18}, {'product_name': '美的空调 KFR-35GW', 'order_amount': 63.0, 'order_quantity': 18}, {'product_name': '戴森 V15 吸尘器', 'order_amount': 63.0, 'order_quantity': 18}, {'product_name': 'Mate 60 Pro', 'order_amount': 63.0, 'order_quantity': 18}, {'product_name': 'Galaxy S24 Ultra', 'order_amount': 63.0, 'order_quantity': 18}, {'product_name': 'iPhone 15 Pro', 'order_amount': 63.0, 'order_quantity': 18}, {'product_name': 'Instant Pot 多功能电压力锅', 'order_amount': 100.0, 'order_quantity': 4}, {'product_name': 'Kindle Paperwhite 电子书', 'order_amount': 100.0, 'order_quantity': 4}, {'product_name': '奥利奥巧克力夹心饼干', 'order_amount': 100.0, 'order_quantity': 4}, {'product_name': '乐事原味薯片 150g', 'order_amount': 100.0, 'order_quantity': 4}, {'product_name': '蒙牛纯牛奶 250ml*12', 'order_amount': 100.0, 'order_quantity': 4}, {'product_name': '雀巢金牌速溶咖啡', 'order_amount': 100.0, 'order_quantity': 4}, {'product_name': '李维斯 501 牛仔裤', 'order_amount': 100.0, 'order_quantity': 4}, {'product_name': '优衣库 Heattech 保暖夹克', 'order_amount': 100.0, 'order_quantity': 4}, {'product_name': '阿迪达斯 Ultraboost 跑鞋', 'order_amount': 100.0, 'order_quantity': 4}, {'product_name': '耐克 Air Max 270 运动鞋', 'order_amount': 100.0, 'order_quantity': 4}, {'product_name': '美的空调 KFR-35GW', 'order_amount': 100.0, 'order_quantity': 4}, {'product_name': '戴森 V15 吸尘器', 'order_amount': 100.0, 'order_quantity': 4}, {'product_name': 'Mate 60 Pro', 'order_amount': 100.0, 'order_quantity': 4}, {'product_name': 'Galaxy S24 Ultra', 'order_amount': 100.0, 'order_quantity': 4}, {'product_name': 'iPhone 15 Pro', 'order_amount': 100.0, 'order_quantity': 4}, {'product_name': 'Instant Pot 多功能电压力锅', 'order_amount': 75.0, 'order_quantity': 15}, {'product_name': 'Kindle Paperwhite 电子书', 'order_amount': 75.0, 'order_quantity': 15}, {'product_name': '奥利奥巧克力夹心饼干', 'order_amount': 75.0, 'order_quantity': 15}, {'product_name': '乐事原味薯片 150g', 'order_amount': 75.0, 'order_quantity': 15}, {'product_name': '蒙牛纯牛奶 250ml*12', 'order_amount': 75.0, 'order_quantity': 15}, {'product_name': '雀巢金牌速溶咖啡', 'order_amount': 75.0, 'order_quantity': 15}, {'product_name': '李维斯 501 牛仔裤', 'order_amount': 75.0, 'order_quantity': 15}, {'product_name': '优衣库 Heattech 保暖夹克', 'order_amount': 75.0, 'order_quantity': 15}, {'product_name': '阿迪达斯 Ultraboost 跑鞋', 'order_amount': 75.0, 'order_quantity': 15}, {'product_name': '耐克 Air Max 270 运动鞋', 'order_amount': 75.0, 'order_quantity': 15}, {'product_name': '美的空调 KFR-35GW', 'order_amount': 75.0, 'order_quantity': 15}, {'product_name': '戴森 V15 吸尘器', 'order_amount': 75.0, 'order_quantity': 15}, {'product_name': 'Mate 60 Pro', 'order_amount': 75.0, 'order_quantity': 15}, {'product_name': 'Galaxy S24 Ultra', 'order_amount': 75.0, 'order_quantity': 15}, {'product_name': 'iPhone 15 Pro', 'order_amount': 75.0, 'order_quantity': 15}, {'product_name': 'Instant Pot 多功能电压力锅', 'order_amount': 6999.0, 'order_quantity': 1}, {'product_name': 'Kindle Paperwhite 电子书', 'order_amount': 6999.0, 'order_quantity': 1}, {'product_name': '奥利奥巧克力夹心饼干', 'order_amount': 6999.0, 'order_quantity': 1}, {'product_name': '乐事原味薯片 150g', 'order_amount': 6999.0, 'order_quantity': 1}, {'product_name': '蒙牛纯牛奶 250ml*12', 'order_amount': 6999.0, 'order_quantity': 1}, {'product_name': '雀巢金牌速溶咖啡', 'order_amount': 6999.0, 'order_quantity': 1}, {'product_name': '李维斯 501 牛仔裤', 'order_amount': 6999.0, 'order_quantity': 1}, {'product_name': '优衣库 Heattech 保暖夹克', 'order_amount': 6999.0, 'order_quantity': 1}, {'product_name': '阿迪达斯 Ultraboost 跑鞋', 'order_amount': 6999.0, 'order_quantity': 1}, {'product_name': '耐克 Air Max 270 运动鞋', 'order_amount': 6999.0, 'order_quantity': 1}, {'product_name': '美的空调 KFR-35GW', 'order_amount': 6999.0, 'order_quantity': 1}, {'product_name': '戴森 V15 吸尘器', 'order_amount': 6999.0, 'order_quantity': 1}, {'product_name': 'Mate 60 Pro', 'order_amount': 6999.0, 'order_quantity': 1}, {'product_name': 'Galaxy S24 Ultra', 'order_amount': 6999.0, 'order_quantity': 1}, {'product_name': 'iPhone 15 Pro', 'order_amount': 6999.0, 'order_quantity': 1}]
2026-07-03 14:56:04.783 | INFO     | request_id - ee382680-1c71-4fda-8a3d-062caed7dd65 | app.agent.callbacks:<module>:15 - LangFuse callback handler 初始化成功
2026-07-03 14:56:20.564 | INFO     | request_id - 7548974a-3ad3-4373-85d9-e863292b6f6f | app.agent.nodes.classify_intent:classify_intent:75 - LLM分类结果: data_query, query: 给我所有的商品信息和它的价格销量
2026-07-03 14:56:21.252 | INFO     | request_id - 7548974a-3ad3-4373-85d9-e863292b6f6f | app.agent.nodes.extract_keywords:extract_keywords:44 - 关键词提取: ['商品信息', '价格', '销量', '给我所有的商品信息和它的价格销量']
2026-07-03 14:56:23.286 | INFO     | request_id - 7548974a-3ad3-4373-85d9-e863292b6f6f | app.agent.nodes.value_recall:_do_value_recall:56 - 召回字段值: dict_keys([])
2026-07-03 14:56:23.365 | INFO     | request_id - 7548974a-3ad3-4373-85d9-e863292b6f6f | app.agent.nodes.metric_recall:_do_metric_recall:58 - 召回指标信息: dict_keys(['AOV', 'GMV'])
2026-07-03 14:56:23.987 | INFO     | request_id - 7548974a-3ad3-4373-85d9-e863292b6f6f | app.agent.nodes.column_recall:_do_column_recall:63 - 字段信息召回成功: dict_keys(['dim_product.product_name', 'dim_product.brand', 'fact_order.order_amount', 'fact_order.order_quantity', 'dim_product.category'])
2026-07-03 14:56:24.012 | INFO     | request_id - 7548974a-3ad3-4373-85d9-e863292b6f6f | app.agent.nodes.merge_retrieved_info:merge_retrieved_info:80 - 召回信息合并成功
2026-07-03 14:56:25.044 | INFO     | request_id - 7548974a-3ad3-4373-85d9-e863292b6f6f | app.agent.nodes.filter_metric_info:filter_metric_info:29 - 指标筛选结果: ['GMV']
2026-07-03 14:56:25.089 | INFO     | request_id - 7548974a-3ad3-4373-85d9-e863292b6f6f | app.agent.nodes.filter_table_info:filter_table_info:33 - 表格筛选结果: ['dim_product', 'fact_order']
2026-07-03 14:56:25.100 | INFO     | request_id - 7548974a-3ad3-4373-85d9-e863292b6f6f | app.agent.nodes.add_context:add_context:23 - 添加上下文信息-date_info:{'date': '2026-07-03', 'weekday': 'Friday', 'quarter': 'Q3'},db_info:{'dialect': 'mysql', 'version': '8.0.31'}
2026-07-03 14:56:26.140 | INFO     | request_id - 7548974a-3ad3-4373-85d9-e863292b6f6f | app.core.fault_tolerance.langfuse_reporter:_get_client:23 - [langfuse_reporter] 初始化成功
2026-07-03 14:56:26.145 | WARNING  | request_id - 7548974a-3ad3-4373-85d9-e863292b6f6f | app.agent.nodes.generate_sql:generate_sql:41 - SQL被拦截: 安全拦截: 缺少 WHERE 条件，禁止全表扫描
2026-07-03 14:56:26.145 | ERROR    | request_id - 7548974a-3ad3-4373-85d9-e863292b6f6f | app.agent.nodes.validate_sql:validate_sql:20 - SQL校验失败: (asyncmy.errors.ProgrammingError) (1064, "You have an error in your SQL syntax; check the manual that corresponds to your MySQL server version for the right syntax to use near '' at line 1")
[SQL: explain ]
(Background on this error at: https://sqlalche.me/e/20/f405)
2026-07-03 14:56:27.013 | INFO     | request_id - 7548974a-3ad3-4373-85d9-e863292b6f6f | app.agent.nodes.correct_sql:correct_sql:57 - 校正SQL结果: SELECT `dim_product`.`product_name`, `fact_order`.`order_amount`, `fact_order`.`order_quantity` FROM `dim_product` CROSS JOIN `fact_order`
2026-07-03 14:56:27.025 | INFO     | request_id - 7548974a-3ad3-4373-85d9-e863292b6f6f | app.agent.nodes.validate_sql:validate_sql:17 - SQL校验通过
2026-07-03 14:56:27.056 | INFO     | request_id - 7548974a-3ad3-4373-85d9-e863292b6f6f | app.agent.nodes.execute_sql:execute_sql:26 - SQL执行结果: [{'product_name': 'Instant Pot 多功能电压力锅', 'order_amount': 8999.0, 'order_quantity': 1}, {'product_name': 'Kindle Paperwhite 电子书', 'order_amount': 8999.0, 'order_quantity': 1}, {'product_name': '奥利奥巧克力夹心饼干', 'order_amount': 8999.0, 'order_quantity': 1}, {'product_name': '乐事原味薯片 150g', 'order_amount': 8999.0, 'order_quantity': 1}, {'product_name': '蒙牛纯牛奶 250ml*12', 'order_amount': 8999.0, 'order_quantity': 1}, {'product_name': '雀巢金牌速溶咖啡', 'order_amount': 8999.0, 'order_quantity': 1}, {'product_name': '李维斯 501 牛仔裤', 'order_amount': 8999.0, 'order_quantity': 1}, {'product_name': '优衣库 Heattech 保暖夹克', 'order_amount': 8999.0, 'order_quantity': 1}, {'product_name': '阿迪达斯 Ultraboost 跑鞋', 'order_amount': 8999.0, 'order_quantity': 1}, {'product_name': '耐克 Air Max 270 运动鞋', 'order_amount': 8999.0, 'order_quantity': 1}, {'product_name': '美的空调 KFR-35GW', 'order_amount': 8999.0, 'order_quantity': 1}, {'product_name': '戴森 V15 吸尘器', 'order_amount': 8999.0, 'order_quantity': 1}, {'product_name': 'Mate 60 Pro', 'order_amount': 8999.0, 'order_quantity': 1}, {'product_name': 'Galaxy S24 Ultra', 'order_amount': 8999.0, 'order_quantity': 1}, {'product_name': 'iPhone 15 Pro', 'order_amount': 8999.0, 'order_quantity': 1}, {'product_name': 'Instant Pot 多功能电压力锅', 'order_amount': 6999.0, 'order_quantity': 1}, {'product_name': 'Kindle Paperwhite 电子书', 'order_amount': 6999.0, 'order_quantity': 1}, {'product_name': '奥利奥巧克力夹心饼干', 'order_amount': 6999.0, 'order_quantity': 1}, {'product_name': '乐事原味薯片 150g', 'order_amount': 6999.0, 'order_quantity': 1}, {'product_name': '蒙牛纯牛奶 250ml*12', 'order_amount': 6999.0, 'order_quantity': 1}, {'product_name': '雀巢金牌速溶咖啡', 'order_amount': 6999.0, 'order_quantity': 1}, {'product_name': '李维斯 501 牛仔裤', 'order_amount': 6999.0, 'order_quantity': 1}, {'product_name': '优衣库 Heattech 保暖夹克', 'order_amount': 6999.0, 'order_quantity': 1}, {'product_name': '阿迪达斯 Ultraboost 跑鞋', 'order_amount': 6999.0, 'order_quantity': 1}, {'product_name': '耐克 Air Max 270 运动鞋', 'order_amount': 6999.0, 'order_quantity': 1}, {'product_name': '美的空调 KFR-35GW', 'order_amount': 6999.0, 'order_quantity': 1}, {'product_name': '戴森 V15 吸尘器', 'order_amount': 6999.0, 'order_quantity': 1}, {'product_name': 'Mate 60 Pro', 'order_amount': 6999.0, 'order_quantity': 1}, {'product_name': 'Galaxy S24 Ultra', 'order_amount': 6999.0, 'order_quantity': 1}, {'product_name': 'iPhone 15 Pro', 'order_amount': 6999.0, 'order_quantity': 1}, {'product_name': 'Instant Pot 多功能电压力锅', 'order_amount': 125.0, 'order_quantity': 5}, {'product_name': 'Kindle Paperwhite 电子书', 'order_amount': 125.0, 'order_quantity': 5}, {'product_name': '奥利奥巧克力夹心饼干', 'order_amount': 125.0, 'order_quantity': 5}, {'product_name': '乐事原味薯片 150g', 'order_amount': 125.0, 'order_quantity': 5}, {'product_name': '蒙牛纯牛奶 250ml*12', 'order_amount': 125.0, 'order_quantity': 5}, {'product_name': '雀巢金牌速溶咖啡', 'order_amount': 125.0, 'order_quantity': 5}, {'product_name': '李维斯 501 牛仔裤', 'order_amount': 125.0, 'order_quantity': 5}, {'product_name': '优衣库 Heattech 保暖夹克', 'order_amount': 125.0, 'order_quantity': 5}, {'product_name': '阿迪达斯 Ultraboost 跑鞋', 'order_amount': 125.0, 'order_quantity': 5}, {'product_name': '耐克 Air Max 270 运动鞋', 'order_amount': 125.0, 'order_quantity': 5}, {'product_name': '美的空调 KFR-35GW', 'order_amount': 125.0, 'order_quantity': 5}, {'product_name': '戴森 V15 吸尘器', 'order_amount': 125.0, 'order_quantity': 5}, {'product_name': 'Mate 60 Pro', 'order_amount': 125.0, 'order_quantity': 5}, {'product_name': 'Galaxy S24 Ultra', 'order_amount': 125.0, 'order_quantity': 5}, {'product_name': 'iPhone 15 Pro', 'order_amount': 125.0, 'order_quantity': 5}, {'product_name': 'Instant Pot 多功能电压力锅', 'order_amount': 899.0, 'order_quantity': 1}, {'product_name': 'Kindle Paperwhite 电子书', 'order_amount': 899.0, 'order_quantity': 1}, {'product_name': '奥利奥巧克力夹心饼干', 'order_amount': 899.0, 'order_quantity': 1}, {'product_name': '乐事原味薯片 150g', 'order_amount': 899.0, 'order_quantity': 1}, {'product_name': '蒙牛纯牛奶 250ml*12', 'order_amount': 899.0, 'order_quantity': 1}, {'product_name': '雀巢金牌速溶咖啡', 'order_amount': 899.0, 'order_quantity': 1}, {'product_name': '李维斯 501 牛仔裤', 'order_amount': 899.0, 'order_quantity': 1}, {'product_name': '优衣库 Heattech 保暖夹克', 'order_amount': 899.0, 'order_quantity': 1}, {'product_name': '阿迪达斯 Ultraboost 跑鞋', 'order_amount': 899.0, 'order_quantity': 1}, {'product_name': '耐克 Air Max 270 运动鞋', 'order_amount': 899.0, 'order_quantity': 1}, {'product_name': '美的空调 KFR-35GW', 'order_amount': 899.0, 'order_quantity': 1}, {'product_name': '戴森 V15 吸尘器', 'order_amount': 899.0, 'order_quantity': 1}, {'product_name': 'Mate 60 Pro', 'order_amount': 899.0, 'order_quantity': 1}, {'product_name': 'Galaxy S24 Ultra', 'order_amount': 899.0, 'order_quantity': 1}, {'product_name': 'iPhone 15 Pro', 'order_amount': 899.0, 'order_quantity': 1}, {'product_name': 'Instant Pot 多功能电压力锅', 'order_amount': 60.0, 'order_quantity': 12}, {'product_name': 'Kindle Paperwhite 电子书', 'order_amount': 60.0, 'order_quantity': 12}, {'product_name': '奥利奥巧克力夹心饼干', 'order_amount': 60.0, 'order_quantity': 12}, {'product_name': '乐事原味薯片 150g', 'order_amount': 60.0, 'order_quantity': 12}, {'product_name': '蒙牛纯牛奶 250ml*12', 'order_amount': 60.0, 'order_quantity': 12}, {'product_name': '雀巢金牌速溶咖啡', 'order_amount': 60.0, 'order_quantity': 12}, {'product_name': '李维斯 501 牛仔裤', 'order_amount': 60.0, 'order_quantity': 12}, {'product_name': '优衣库 Heattech 保暖夹克', 'order_amount': 60.0, 'order_quantity': 12}, {'product_name': '阿迪达斯 Ultraboost 跑鞋', 'order_amount': 60.0, 'order_quantity': 12}, {'product_name': '耐克 Air Max 270 运动鞋', 'order_amount': 60.0, 'order_quantity': 12}, {'product_name': '美的空调 KFR-35GW', 'order_amount': 60.0, 'order_quantity': 12}, {'product_name': '戴森 V15 吸尘器', 'order_amount': 60.0, 'order_quantity': 12}, {'product_name': 'Mate 60 Pro', 'order_amount': 60.0, 'order_quantity': 12}, {'product_name': 'Galaxy S24 Ultra', 'order_amount': 60.0, 'order_quantity': 12}, {'product_name': 'iPhone 15 Pro', 'order_amount': 60.0, 'order_quantity': 12}, {'product_name': 'Instant Pot 多功能电压力锅', 'order_amount': 1399.0, 'order_quantity': 1}, {'product_name': 'Kindle Paperwhite 电子书', 'order_amount': 1399.0, 'order_quantity': 1}, {'product_name': '奥利奥巧克力夹心饼干', 'order_amount': 1399.0, 'order_quantity': 1}, {'product_name': '乐事原味薯片 150g', 'order_amount': 1399.0, 'order_quantity': 1}, {'product_name': '蒙牛纯牛奶 250ml*12', 'order_amount': 1399.0, 'order_quantity': 1}, {'product_name': '雀巢金牌速溶咖啡', 'order_amount': 1399.0, 'order_quantity': 1}, {'product_name': '李维斯 501 牛仔裤', 'order_amount': 1399.0, 'order_quantity': 1}, {'product_name': '优衣库 Heattech 保暖夹克', 'order_amount': 1399.0, 'order_quantity': 1}, {'product_name': '阿迪达斯 Ultraboost 跑鞋', 'order_amount': 1399.0, 'order_quantity': 1}, {'product_name': '耐克 Air Max 270 运动鞋', 'order_amount': 1399.0, 'order_quantity': 1}, {'product_name': '美的空调 KFR-35GW', 'order_amount': 1399.0, 'order_quantity': 1}, {'product_name': '戴森 V15 吸尘器', 'order_amount': 1399.0, 'order_quantity': 1}, {'product_name': 'Mate 60 Pro', 'order_amount': 1399.0, 'order_quantity': 1}, {'product_name': 'Galaxy S24 Ultra', 'order_amount': 1399.0, 'order_quantity': 1}, {'product_name': 'iPhone 15 Pro', 'order_amount': 1399.0, 'order_quantity': 1}, {'product_name': 'Instant Pot 多功能电压力锅', 'order_amount': 40.0, 'order_quantity': 8}, {'product_name': 'Kindle Paperwhite 电子书', 'order_amount': 40.0, 'order_quantity': 8}, {'product_name': '奥利奥巧克力夹心饼干', 'order_amount': 40.0, 'order_quantity': 8}, {'product_name': '乐事原味薯片 150g', 'order_amount': 40.0, 'order_quantity': 8}, {'product_name': '蒙牛纯牛奶 250ml*12', 'order_amount': 40.0, 'order_quantity': 8}, {'product_name': '雀巢金牌速溶咖啡', 'order_amount': 40.0, 'order_quantity': 8}, {'product_name': '李维斯 501 牛仔裤', 'order_amount': 40.0, 'order_quantity': 8}, {'product_name': '优衣库 Heattech 保暖夹克', 'order_amount': 40.0, 'order_quantity': 8}, {'product_name': '阿迪达斯 Ultraboost 跑鞋', 'order_amount': 40.0, 'order_quantity': 8}, {'product_name': '耐克 Air Max 270 运动鞋', 'order_amount': 40.0, 'order_quantity': 8}, {'product_name': '美的空调 KFR-35GW', 'order_amount': 40.0, 'order_quantity': 8}, {'product_name': '戴森 V15 吸尘器', 'order_amount': 40.0, 'order_quantity': 8}, {'product_name': 'Mate 60 Pro', 'order_amount': 40.0, 'order_quantity': 8}, {'product_name': 'Galaxy S24 Ultra', 'order_amount': 40.0, 'order_quantity': 8}, {'product_name': 'iPhone 15 Pro', 'order_amount': 40.0, 'order_quantity': 8}, {'product_name': 'Instant Pot 多功能电压力锅', 'order_amount': 299.0, 'order_quantity': 2}, {'product_name': 'Kindle Paperwhite 电子书', 'order_amount': 299.0, 'order_quantity': 2}, {'product_name': '奥利奥巧克力夹心饼干', 'order_amount': 299.0, 'order_quantity': 2}, {'product_name': '乐事原味薯片 150g', 'order_amount': 299.0, 'order_quantity': 2}, {'product_name': '蒙牛纯牛奶 250ml*12', 'order_amount': 299.0, 'order_quantity': 2}, {'product_name': '雀巢金牌速溶咖啡', 'order_amount': 299.0, 'order_quantity': 2}, {'product_name': '李维斯 501 牛仔裤', 'order_amount': 299.0, 'order_quantity': 2}, {'product_name': '优衣库 Heattech 保暖夹克', 'order_amount': 299.0, 'order_quantity': 2}, {'product_name': '阿迪达斯 Ultraboost 跑鞋', 'order_amount': 299.0, 'order_quantity': 2}, {'product_name': '耐克 Air Max 270 运动鞋', 'order_amount': 299.0, 'order_quantity': 2}, {'product_name': '美的空调 KFR-35GW', 'order_amount': 299.0, 'order_quantity': 2}, {'product_name': '戴森 V15 吸尘器', 'order_amount': 299.0, 'order_quantity': 2}, {'product_name': 'Mate 60 Pro', 'order_amount': 299.0, 'order_quantity': 2}, {'product_name': 'Galaxy S24 Ultra', 'order_amount': 299.0, 'order_quantity': 2}, {'product_name': 'iPhone 15 Pro', 'order_amount': 299.0, 'order_quantity': 2}, {'product_name': 'Instant Pot 多功能电压力锅', 'order_amount': 200.0, 'order_quantity': 8}, {'product_name': 'Kindle Paperwhite 电子书', 'order_amount': 200.0, 'order_quantity': 8}, {'product_name': '奥利奥巧克力夹心饼干', 'order_amount': 200.0, 'order_quantity': 8}, {'product_name': '乐事原味薯片 150g', 'order_amount': 200.0, 'order_quantity': 8}, {'product_name': '蒙牛纯牛奶 250ml*12', 'order_amount': 200.0, 'order_quantity': 8}, {'product_name': '雀巢金牌速溶咖啡', 'order_amount': 200.0, 'order_quantity': 8}, {'product_name': '李维斯 501 牛仔裤', 'order_amount': 200.0, 'order_quantity': 8}, {'product_name': '优衣库 Heattech 保暖夹克', 'order_amount': 200.0, 'order_quantity': 8}, {'product_name': '阿迪达斯 Ultraboost 跑鞋', 'order_amount': 200.0, 'order_quantity': 8}, {'product_name': '耐克 Air Max 270 运动鞋', 'order_amount': 200.0, 'order_quantity': 8}, {'product_name': '美的空调 KFR-35GW', 'order_amount': 200.0, 'order_quantity': 8}, {'product_name': '戴森 V15 吸尘器', 'order_amount': 200.0, 'order_quantity': 8}, {'product_name': 'Mate 60 Pro', 'order_amount': 200.0, 'order_quantity': 8}, {'product_name': 'Galaxy S24 Ultra', 'order_amount': 200.0, 'order_quantity': 8}, {'product_name': 'iPhone 15 Pro', 'order_amount': 200.0, 'order_quantity': 8}, {'product_name': 'Instant Pot 多功能电压力锅', 'order_amount': 9499.0, 'order_quantity': 1}, {'product_name': 'Kindle Paperwhite 电子书', 'order_amount': 9499.0, 'order_quantity': 1}, {'product_name': '奥利奥巧克力夹心饼干', 'order_amount': 9499.0, 'order_quantity': 1}, {'product_name': '乐事原味薯片 150g', 'order_amount': 9499.0, 'order_quantity': 1}, {'product_name': '蒙牛纯牛奶 250ml*12', 'order_amount': 9499.0, 'order_quantity': 1}, {'product_name': '雀巢金牌速溶咖啡', 'order_amount': 9499.0, 'order_quantity': 1}, {'product_name': '李维斯 501 牛仔裤', 'order_amount': 9499.0, 'order_quantity': 1}, {'product_name': '优衣库 Heattech 保暖夹克', 'order_amount': 9499.0, 'order_quantity': 1}, {'product_name': '阿迪达斯 Ultraboost 跑鞋', 'order_amount': 9499.0, 'order_quantity': 1}, {'product_name': '耐克 Air Max 270 运动鞋', 'order_amount': 9499.0, 'order_quantity': 1}, {'product_name': '美的空调 KFR-35GW', 'order_amount': 9499.0, 'order_quantity': 1}, {'product_name': '戴森 V15 吸尘器', 'order_amount': 9499.0, 'order_quantity': 1}, {'product_name': 'Mate 60 Pro', 'order_amount': 9499.0, 'order_quantity': 1}, {'product_name': 'Galaxy S24 Ultra', 'order_amount': 9499.0, 'order_quantity': 1}, {'product_name': 'iPhone 15 Pro', 'order_amount': 9499.0, 'order_quantity': 1}, {'product_name': 'Instant Pot 多功能电压力锅', 'order_amount': 35.0, 'order_quantity': 10}, {'product_name': 'Kindle Paperwhite 电子书', 'order_amount': 35.0, 'order_quantity': 10}, {'product_name': '奥利奥巧克力夹心饼干', 'order_amount': 35.0, 'order_quantity': 10}, {'product_name': '乐事原味薯片 150g', 'order_amount': 35.0, 'order_quantity': 10}, {'product_name': '蒙牛纯牛奶 250ml*12', 'order_amount': 35.0, 'order_quantity': 10}, {'product_name': '雀巢金牌速溶咖啡', 'order_amount': 35.0, 'order_quantity': 10}, {'product_name': '李维斯 501 牛仔裤', 'order_amount': 35.0, 'order_quantity': 10}, {'product_name': '优衣库 Heattech 保暖夹克', 'order_amount': 35.0, 'order_quantity': 10}, {'product_name': '阿迪达斯 Ultraboost 跑鞋', 'order_amount': 35.0, 'order_quantity': 10}, {'product_name': '耐克 Air Max 270 运动鞋', 'order_amount': 35.0, 'order_quantity': 10}, {'product_name': '美的空调 KFR-35GW', 'order_amount': 35.0, 'order_quantity': 10}, {'product_name': '戴森 V15 吸尘器', 'order_amount': 35.0, 'order_quantity': 10}, {'product_name': 'Mate 60 Pro', 'order_amount': 35.0, 'order_quantity': 10}, {'product_name': 'Galaxy S24 Ultra', 'order_amount': 35.0, 'order_quantity': 10}, {'product_name': 'iPhone 15 Pro', 'order_amount': 35.0, 'order_quantity': 10}, {'product_name': 'Instant Pot 多功能电压力锅', 'order_amount': 3200.0, 'order_quantity': 1}, {'product_name': 'Kindle Paperwhite 电子书', 'order_amount': 3200.0, 'order_quantity': 1}, {'product_name': '奥利奥巧克力夹心饼干', 'order_amount': 3200.0, 'order_quantity': 1}, {'product_name': '乐事原味薯片 150g', 'order_amount': 3200.0, 'order_quantity': 1}, {'product_name': '蒙牛纯牛奶 250ml*12', 'order_amount': 3200.0, 'order_quantity': 1}, {'product_name': '雀巢金牌速溶咖啡', 'order_amount': 3200.0, 'order_quantity': 1}, {'product_name': '李维斯 501 牛仔裤', 'order_amount': 3200.0, 'order_quantity': 1}, {'product_name': '优衣库 Heattech 保暖夹克', 'order_amount': 3200.0, 'order_quantity': 1}, {'product_name': '阿迪达斯 Ultraboost 跑鞋', 'order_amount': 3200.0, 'order_quantity': 1}, {'product_name': '耐克 Air Max 270 运动鞋', 'order_amount': 3200.0, 'order_quantity': 1}, {'product_name': '美的空调 KFR-35GW', 'order_amount': 3200.0, 'order_quantity': 1}, {'product_name': '戴森 V15 吸尘器', 'order_amount': 3200.0, 'order_quantity': 1}, {'product_name': 'Mate 60 Pro', 'order_amount': 3200.0, 'order_quantity': 1}, {'product_name': 'Galaxy S24 Ultra', 'order_amount': 3200.0, 'order_quantity': 1}, {'product_name': 'iPhone 15 Pro', 'order_amount': 3200.0, 'order_quantity': 1}, {'product_name': 'Instant Pot 多功能电压力锅', 'order_amount': 3200.0, 'order_quantity': 1}, {'product_name': 'Kindle Paperwhite 电子书', 'order_amount': 3200.0, 'order_quantity': 1}, {'product_name': '奥利奥巧克力夹心饼干', 'order_amount': 3200.0, 'order_quantity': 1}, {'product_name': '乐事原味薯片 150g', 'order_amount': 3200.0, 'order_quantity': 1}, {'product_name': '蒙牛纯牛奶 250ml*12', 'order_amount': 3200.0, 'order_quantity': 1}, {'product_name': '雀巢金牌速溶咖啡', 'order_amount': 3200.0, 'order_quantity': 1}, {'product_name': '李维斯 501 牛仔裤', 'order_amount': 3200.0, 'order_quantity': 1}, {'product_name': '优衣库 Heattech 保暖夹克', 'order_amount': 3200.0, 'order_quantity': 1}, {'product_name': '阿迪达斯 Ultraboost 跑鞋', 'order_amount': 3200.0, 'order_quantity': 1}, {'product_name': '耐克 Air Max 270 运动鞋', 'order_amount': 3200.0, 'order_quantity': 1}, {'product_name': '美的空调 KFR-35GW', 'order_amount': 3200.0, 'order_quantity': 1}, {'product_name': '戴森 V15 吸尘器', 'order_amount': 3200.0, 'order_quantity': 1}, {'product_name': 'Mate 60 Pro', 'order_amount': 3200.0, 'order_quantity': 1}, {'product_name': 'Galaxy S24 Ultra', 'order_amount': 3200.0, 'order_quantity': 1}, {'product_name': 'iPhone 15 Pro', 'order_amount': 3200.0, 'order_quantity': 1}, {'product_name': 'Instant Pot 多功能电压力锅', 'order_amount': 599.0, 'order_quantity': 1}, {'product_name': 'Kindle Paperwhite 电子书', 'order_amount': 599.0, 'order_quantity': 1}, {'product_name': '奥利奥巧克力夹心饼干', 'order_amount': 599.0, 'order_quantity': 1}, {'product_name': '乐事原味薯片 150g', 'order_amount': 599.0, 'order_quantity': 1}, {'product_name': '蒙牛纯牛奶 250ml*12', 'order_amount': 599.0, 'order_quantity': 1}, {'product_name': '雀巢金牌速溶咖啡', 'order_amount': 599.0, 'order_quantity': 1}, {'product_name': '李维斯 501 牛仔裤', 'order_amount': 599.0, 'order_quantity': 1}, {'product_name': '优衣库 Heattech 保暖夹克', 'order_amount': 599.0, 'order_quantity': 1}, {'product_name': '阿迪达斯 Ultraboost 跑鞋', 'order_amount': 599.0, 'order_quantity': 1}, {'product_name': '耐克 Air Max 270 运动鞋', 'order_amount': 599.0, 'order_quantity': 1}, {'product_name': '美的空调 KFR-35GW', 'order_amount': 599.0, 'order_quantity': 1}, {'product_name': '戴森 V15 吸尘器', 'order_amount': 599.0, 'order_quantity': 1}, {'product_name': 'Mate 60 Pro', 'order_amount': 599.0, 'order_quantity': 1}, {'product_name': 'Galaxy S24 Ultra', 'order_amount': 599.0, 'order_quantity': 1}, {'product_name': 'iPhone 15 Pro', 'order_amount': 599.0, 'order_quantity': 1}, {'product_name': 'Instant Pot 多功能电压力锅', 'order_amount': 1299.0, 'order_quantity': 1}, {'product_name': 'Kindle Paperwhite 电子书', 'order_amount': 1299.0, 'order_quantity': 1}, {'product_name': '奥利奥巧克力夹心饼干', 'order_amount': 1299.0, 'order_quantity': 1}, {'product_name': '乐事原味薯片 150g', 'order_amount': 1299.0, 'order_quantity': 1}, {'product_name': '蒙牛纯牛奶 250ml*12', 'order_amount': 1299.0, 'order_quantity': 1}, {'product_name': '雀巢金牌速溶咖啡', 'order_amount': 1299.0, 'order_quantity': 1}, {'product_name': '李维斯 501 牛仔裤', 'order_amount': 1299.0, 'order_quantity': 1}, {'product_name': '优衣库 Heattech 保暖夹克', 'order_amount': 1299.0, 'order_quantity': 1}, {'product_name': '阿迪达斯 Ultraboost 跑鞋', 'order_amount': 1299.0, 'order_quantity': 1}, {'product_name': '耐克 Air Max 270 运动鞋', 'order_amount': 1299.0, 'order_quantity': 1}, {'product_name': '美的空调 KFR-35GW', 'order_amount': 1299.0, 'order_quantity': 1}, {'product_name': '戴森 V15 吸尘器', 'order_amount': 1299.0, 'order_quantity': 1}, {'product_name': 'Mate 60 Pro', 'order_amount': 1299.0, 'order_quantity': 1}, {'product_name': 'Galaxy S24 Ultra', 'order_amount': 1299.0, 'order_quantity': 1}, {'product_name': 'iPhone 15 Pro', 'order_amount': 1299.0, 'order_quantity': 1}, {'product_name': 'Instant Pot 多功能电压力锅', 'order_amount': 125.0, 'order_quantity': 5}, {'product_name': 'Kindle Paperwhite 电子书', 'order_amount': 125.0, 'order_quantity': 5}, {'product_name': '奥利奥巧克力夹心饼干', 'order_amount': 125.0, 'order_quantity': 5}, {'product_name': '乐事原味薯片 150g', 'order_amount': 125.0, 'order_quantity': 5}, {'product_name': '蒙牛纯牛奶 250ml*12', 'order_amount': 125.0, 'order_quantity': 5}, {'product_name': '雀巢金牌速溶咖啡', 'order_amount': 125.0, 'order_quantity': 5}, {'product_name': '李维斯 501 牛仔裤', 'order_amount': 125.0, 'order_quantity': 5}, {'product_name': '优衣库 Heattech 保暖夹克', 'order_amount': 125.0, 'order_quantity': 5}, {'product_name': '阿迪达斯 Ultraboost 跑鞋', 'order_amount': 125.0, 'order_quantity': 5}, {'product_name': '耐克 Air Max 270 运动鞋', 'order_amount': 125.0, 'order_quantity': 5}, {'product_name': '美的空调 KFR-35GW', 'order_amount': 125.0, 'order_quantity': 5}, {'product_name': '戴森 V15 吸尘器', 'order_amount': 125.0, 'order_quantity': 5}, {'product_name': 'Mate 60 Pro', 'order_amount': 125.0, 'order_quantity': 5}, {'product_name': 'Galaxy S24 Ultra', 'order_amount': 125.0, 'order_quantity': 5}, {'product_name': 'iPhone 15 Pro', 'order_amount': 125.0, 'order_quantity': 5}, {'product_name': 'Instant Pot 多功能电压力锅', 'order_amount': 5499.0, 'order_quantity': 1}, {'product_name': 'Kindle Paperwhite 电子书', 'order_amount': 5499.0, 'order_quantity': 1}, {'product_name': '奥利奥巧克力夹心饼干', 'order_amount': 5499.0, 'order_quantity': 1}, {'product_name': '乐事原味薯片 150g', 'order_amount': 5499.0, 'order_quantity': 1}, {'product_name': '蒙牛纯牛奶 250ml*12', 'order_amount': 5499.0, 'order_quantity': 1}, {'product_name': '雀巢金牌速溶咖啡', 'order_amount': 5499.0, 'order_quantity': 1}, {'product_name': '李维斯 501 牛仔裤', 'order_amount': 5499.0, 'order_quantity': 1}, {'product_name': '优衣库 Heattech 保暖夹克', 'order_amount': 5499.0, 'order_quantity': 1}, {'product_name': '阿迪达斯 Ultraboost 跑鞋', 'order_amount': 5499.0, 'order_quantity': 1}, {'product_name': '耐克 Air Max 270 运动鞋', 'order_amount': 5499.0, 'order_quantity': 1}, {'product_name': '美的空调 KFR-35GW', 'order_amount': 5499.0, 'order_quantity': 1}, {'product_name': '戴森 V15 吸尘器', 'order_amount': 5499.0, 'order_quantity': 1}, {'product_name': 'Mate 60 Pro', 'order_amount': 5499.0, 'order_quantity': 1}, {'product_name': 'Galaxy S24 Ultra', 'order_amount': 5499.0, 'order_quantity': 1}, {'product_name': 'iPhone 15 Pro', 'order_amount': 5499.0, 'order_quantity': 1}, {'product_name': 'Instant Pot 多功能电压力锅', 'order_amount': 899.0, 'order_quantity': 1}, {'product_name': 'Kindle Paperwhite 电子书', 'order_amount': 899.0, 'order_quantity': 1}, {'product_name': '奥利奥巧克力夹心饼干', 'order_amount': 899.0, 'order_quantity': 1}, {'product_name': '乐事原味薯片 150g', 'order_amount': 899.0, 'order_quantity': 1}, {'product_name': '蒙牛纯牛奶 250ml*12', 'order_amount': 899.0, 'order_quantity': 1}, {'product_name': '雀巢金牌速溶咖啡', 'order_amount': 899.0, 'order_quantity': 1}, {'product_name': '李维斯 501 牛仔裤', 'order_amount': 899.0, 'order_quantity': 1}, {'product_name': '优衣库 Heattech 保暖夹克', 'order_amount': 899.0, 'order_quantity': 1}, {'product_name': '阿迪达斯 Ultraboost 跑鞋', 'order_amount': 899.0, 'order_quantity': 1}, {'product_name': '耐克 Air Max 270 运动鞋', 'order_amount': 899.0, 'order_quantity': 1}, {'product_name': '美的空调 KFR-35GW', 'order_amount': 899.0, 'order_quantity': 1}, {'product_name': '戴森 V15 吸尘器', 'order_amount': 899.0, 'order_quantity': 1}, {'product_name': 'Mate 60 Pro', 'order_amount': 899.0, 'order_quantity': 1}, {'product_name': 'Galaxy S24 Ultra', 'order_amount': 899.0, 'order_quantity': 1}, {'product_name': 'iPhone 15 Pro', 'order_amount': 899.0, 'order_quantity': 1}, {'product_name': 'Instant Pot 多功能电压力锅', 'order_amount': 8999.0, 'order_quantity': 1}, {'product_name': 'Kindle Paperwhite 电子书', 'order_amount': 8999.0, 'order_quantity': 1}, {'product_name': '奥利奥巧克力夹心饼干', 'order_amount': 8999.0, 'order_quantity': 1}, {'product_name': '乐事原味薯片 150g', 'order_amount': 8999.0, 'order_quantity': 1}, {'product_name': '蒙牛纯牛奶 250ml*12', 'order_amount': 8999.0, 'order_quantity': 1}, {'product_name': '雀巢金牌速溶咖啡', 'order_amount': 8999.0, 'order_quantity': 1}, {'product_name': '李维斯 501 牛仔裤', 'order_amount': 8999.0, 'order_quantity': 1}, {'product_name': '优衣库 Heattech 保暖夹克', 'order_amount': 8999.0, 'order_quantity': 1}, {'product_name': '阿迪达斯 Ultraboost 跑鞋', 'order_amount': 8999.0, 'order_quantity': 1}, {'product_name': '耐克 Air Max 270 运动鞋', 'order_amount': 8999.0, 'order_quantity': 1}, {'product_name': '美的空调 KFR-35GW', 'order_amount': 8999.0, 'order_quantity': 1}, {'product_name': '戴森 V15 吸尘器', 'order_amount': 8999.0, 'order_quantity': 1}, {'product_name': 'Mate 60 Pro', 'order_amount': 8999.0, 'order_quantity': 1}, {'product_name': 'Galaxy S24 Ultra', 'order_amount': 8999.0, 'order_quantity': 1}, {'product_name': 'iPhone 15 Pro', 'order_amount': 8999.0, 'order_quantity': 1}, {'product_name': 'Instant Pot 多功能电压力锅', 'order_amount': 75.0, 'order_quantity': 3}, {'product_name': 'Kindle Paperwhite 电子书', 'order_amount': 75.0, 'order_quantity': 3}, {'product_name': '奥利奥巧克力夹心饼干', 'order_amount': 75.0, 'order_quantity': 3}, {'product_name': '乐事原味薯片 150g', 'order_amount': 75.0, 'order_quantity': 3}, {'product_name': '蒙牛纯牛奶 250ml*12', 'order_amount': 75.0, 'order_quantity': 3}, {'product_name': '雀巢金牌速溶咖啡', 'order_amount': 75.0, 'order_quantity': 3}, {'product_name': '李维斯 501 牛仔裤', 'order_amount': 75.0, 'order_quantity': 3}, {'product_name': '优衣库 Heattech 保暖夹克', 'order_amount': 75.0, 'order_quantity': 3}, {'product_name': '阿迪达斯 Ultraboost 跑鞋', 'order_amount': 75.0, 'order_quantity': 3}, {'product_name': '耐克 Air Max 270 运动鞋', 'order_amount': 75.0, 'order_quantity': 3}, {'product_name': '美的空调 KFR-35GW', 'order_amount': 75.0, 'order_quantity': 3}, {'product_name': '戴森 V15 吸尘器', 'order_amount': 75.0, 'order_quantity': 3}, {'product_name': 'Mate 60 Pro', 'order_amount': 75.0, 'order_quantity': 3}, {'product_name': 'Galaxy S24 Ultra', 'order_amount': 75.0, 'order_quantity': 3}, {'product_name': 'iPhone 15 Pro', 'order_amount': 75.0, 'order_quantity': 3}, {'product_name': 'Instant Pot 多功能电压力锅', 'order_amount': 6999.0, 'order_quantity': 1}, {'product_name': 'Kindle Paperwhite 电子书', 'order_amount': 6999.0, 'order_quantity': 1}, {'product_name': '奥利奥巧克力夹心饼干', 'order_amount': 6999.0, 'order_quantity': 1}, {'product_name': '乐事原味薯片 150g', 'order_amount': 6999.0, 'order_quantity': 1}, {'product_name': '蒙牛纯牛奶 250ml*12', 'order_amount': 6999.0, 'order_quantity': 1}, {'product_name': '雀巢金牌速溶咖啡', 'order_amount': 6999.0, 'order_quantity': 1}, {'product_name': '李维斯 501 牛仔裤', 'order_amount': 6999.0, 'order_quantity': 1}, {'product_name': '优衣库 Heattech 保暖夹克', 'order_amount': 6999.0, 'order_quantity': 1}, {'product_name': '阿迪达斯 Ultraboost 跑鞋', 'order_amount': 6999.0, 'order_quantity': 1}, {'product_name': '耐克 Air Max 270 运动鞋', 'order_amount': 6999.0, 'order_quantity': 1}, {'product_name': '美的空调 KFR-35GW', 'order_amount': 6999.0, 'order_quantity': 1}, {'product_name': '戴森 V15 吸尘器', 'order_amount': 6999.0, 'order_quantity': 1}, {'product_name': 'Mate 60 Pro', 'order_amount': 6999.0, 'order_quantity': 1}, {'product_name': 'Galaxy S24 Ultra', 'order_amount': 6999.0, 'order_quantity': 1}, {'product_name': 'iPhone 15 Pro', 'order_amount': 6999.0, 'order_quantity': 1}, {'product_name': 'Instant Pot 多功能电压力锅', 'order_amount': 30.0, 'order_quantity': 6}, {'product_name': 'Kindle Paperwhite 电子书', 'order_amount': 30.0, 'order_quantity': 6}, {'product_name': '奥利奥巧克力夹心饼干', 'order_amount': 30.0, 'order_quantity': 6}, {'product_name': '乐事原味薯片 150g', 'order_amount': 30.0, 'order_quantity': 6}, {'product_name': '蒙牛纯牛奶 250ml*12', 'order_amount': 30.0, 'order_quantity': 6}, {'product_name': '雀巢金牌速溶咖啡', 'order_amount': 30.0, 'order_quantity': 6}, {'product_name': '李维斯 501 牛仔裤', 'order_amount': 30.0, 'order_quantity': 6}, {'product_name': '优衣库 Heattech 保暖夹克', 'order_amount': 30.0, 'order_quantity': 6}, {'product_name': '阿迪达斯 Ultraboost 跑鞋', 'order_amount': 30.0, 'order_quantity': 6}, {'product_name': '耐克 Air Max 270 运动鞋', 'order_amount': 30.0, 'order_quantity': 6}, {'product_name': '美的空调 KFR-35GW', 'order_amount': 30.0, 'order_quantity': 6}, {'product_name': '戴森 V15 吸尘器', 'order_amount': 30.0, 'order_quantity': 6}, {'product_name': 'Mate 60 Pro', 'order_amount': 30.0, 'order_quantity': 6}, {'product_name': 'Galaxy S24 Ultra', 'order_amount': 30.0, 'order_quantity': 6}, {'product_name': 'iPhone 15 Pro', 'order_amount': 30.0, 'order_quantity': 6}, {'product_name': 'Instant Pot 多功能电压力锅', 'order_amount': 899.0, 'order_quantity': 1}, {'product_name': 'Kindle Paperwhite 电子书', 'order_amount': 899.0, 'order_quantity': 1}, {'product_name': '奥利奥巧克力夹心饼干', 'order_amount': 899.0, 'order_quantity': 1}, {'product_name': '乐事原味薯片 150g', 'order_amount': 899.0, 'order_quantity': 1}, {'product_name': '蒙牛纯牛奶 250ml*12', 'order_amount': 899.0, 'order_quantity': 1}, {'product_name': '雀巢金牌速溶咖啡', 'order_amount': 899.0, 'order_quantity': 1}, {'product_name': '李维斯 501 牛仔裤', 'order_amount': 899.0, 'order_quantity': 1}, {'product_name': '优衣库 Heattech 保暖夹克', 'order_amount': 899.0, 'order_quantity': 1}, {'product_name': '阿迪达斯 Ultraboost 跑鞋', 'order_amount': 899.0, 'order_quantity': 1}, {'product_name': '耐克 Air Max 270 运动鞋', 'order_amount': 899.0, 'order_quantity': 1}, {'product_name': '美的空调 KFR-35GW', 'order_amount': 899.0, 'order_quantity': 1}, {'product_name': '戴森 V15 吸尘器', 'order_amount': 899.0, 'order_quantity': 1}, {'product_name': 'Mate 60 Pro', 'order_amount': 899.0, 'order_quantity': 1}, {'product_name': 'Galaxy S24 Ultra', 'order_amount': 899.0, 'order_quantity': 1}, {'product_name': 'iPhone 15 Pro', 'order_amount': 899.0, 'order_quantity': 1}, {'product_name': 'Instant Pot 多功能电压力锅', 'order_amount': 50.0, 'order_quantity': 10}, {'product_name': 'Kindle Paperwhite 电子书', 'order_amount': 50.0, 'order_quantity': 10}, {'product_name': '奥利奥巧克力夹心饼干', 'order_amount': 50.0, 'order_quantity': 10}, {'product_name': '乐事原味薯片 150g', 'order_amount': 50.0, 'order_quantity': 10}, {'product_name': '蒙牛纯牛奶 250ml*12', 'order_amount': 50.0, 'order_quantity': 10}, {'product_name': '雀巢金牌速溶咖啡', 'order_amount': 50.0, 'order_quantity': 10}, {'product_name': '李维斯 501 牛仔裤', 'order_amount': 50.0, 'order_quantity': 10}, {'product_name': '优衣库 Heattech 保暖夹克', 'order_amount': 50.0, 'order_quantity': 10}, {'product_name': '阿迪达斯 Ultraboost 跑鞋', 'order_amount': 50.0, 'order_quantity': 10}, {'product_name': '耐克 Air Max 270 运动鞋', 'order_amount': 50.0, 'order_quantity': 10}, {'product_name': '美的空调 KFR-35GW', 'order_amount': 50.0, 'order_quantity': 10}, {'product_name': '戴森 V15 吸尘器', 'order_amount': 50.0, 'order_quantity': 10}, {'product_name': 'Mate 60 Pro', 'order_amount': 50.0, 'order_quantity': 10}, {'product_name': 'Galaxy S24 Ultra', 'order_amount': 50.0, 'order_quantity': 10}, {'product_name': 'iPhone 15 Pro', 'order_amount': 50.0, 'order_quantity': 10}, {'product_name': 'Instant Pot 多功能电压力锅', 'order_amount': 1399.0, 'order_quantity': 1}, {'product_name': 'Kindle Paperwhite 电子书', 'order_amount': 1399.0, 'order_quantity': 1}, {'product_name': '奥利奥巧克力夹心饼干', 'order_amount': 1399.0, 'order_quantity': 1}, {'product_name': '乐事原味薯片 150g', 'order_amount': 1399.0, 'order_quantity': 1}, {'product_name': '蒙牛纯牛奶 250ml*12', 'order_amount': 1399.0, 'order_quantity': 1}, {'product_name': '雀巢金牌速溶咖啡', 'order_amount': 1399.0, 'order_quantity': 1}, {'product_name': '李维斯 501 牛仔裤', 'order_amount': 1399.0, 'order_quantity': 1}, {'product_name': '优衣库 Heattech 保暖夹克', 'order_amount': 1399.0, 'order_quantity': 1}, {'product_name': '阿迪达斯 Ultraboost 跑鞋', 'order_amount': 1399.0, 'order_quantity': 1}, {'product_name': '耐克 Air Max 270 运动鞋', 'order_amount': 1399.0, 'order_quantity': 1}, {'product_name': '美的空调 KFR-35GW', 'order_amount': 1399.0, 'order_quantity': 1}, {'product_name': '戴森 V15 吸尘器', 'order_amount': 1399.0, 'order_quantity': 1}, {'product_name': 'Mate 60 Pro', 'order_amount': 1399.0, 'order_quantity': 1}, {'product_name': 'Galaxy S24 Ultra', 'order_amount': 1399.0, 'order_quantity': 1}, {'product_name': 'iPhone 15 Pro', 'order_amount': 1399.0, 'order_quantity': 1}, {'product_name': 'Instant Pot 多功能电压力锅', 'order_amount': 199.0, 'order_quantity': 1}, {'product_name': 'Kindle Paperwhite 电子书', 'order_amount': 199.0, 'order_quantity': 1}, {'product_name': '奥利奥巧克力夹心饼干', 'order_amount': 199.0, 'order_quantity': 1}, {'product_name': '乐事原味薯片 150g', 'order_amount': 199.0, 'order_quantity': 1}, {'product_name': '蒙牛纯牛奶 250ml*12', 'order_amount': 199.0, 'order_quantity': 1}, {'product_name': '雀巢金牌速溶咖啡', 'order_amount': 199.0, 'order_quantity': 1}, {'product_name': '李维斯 501 牛仔裤', 'order_amount': 199.0, 'order_quantity': 1}, {'product_name': '优衣库 Heattech 保暖夹克', 'order_amount': 199.0, 'order_quantity': 1}, {'product_name': '阿迪达斯 Ultraboost 跑鞋', 'order_amount': 199.0, 'order_quantity': 1}, {'product_name': '耐克 Air Max 270 运动鞋', 'order_amount': 199.0, 'order_quantity': 1}, {'product_name': '美的空调 KFR-35GW', 'order_amount': 199.0, 'order_quantity': 1}, {'product_name': '戴森 V15 吸尘器', 'order_amount': 199.0, 'order_quantity': 1}, {'product_name': 'Mate 60 Pro', 'order_amount': 199.0, 'order_quantity': 1}, {'product_name': 'Galaxy S24 Ultra', 'order_amount': 199.0, 'order_quantity': 1}, {'product_name': 'iPhone 15 Pro', 'order_amount': 199.0, 'order_quantity': 1}, {'product_name': 'Instant Pot 多功能电压力锅', 'order_amount': 87.5, 'order_quantity': 25}, {'product_name': 'Kindle Paperwhite 电子书', 'order_amount': 87.5, 'order_quantity': 25}, {'product_name': '奥利奥巧克力夹心饼干', 'order_amount': 87.5, 'order_quantity': 25}, {'product_name': '乐事原味薯片 150g', 'order_amount': 87.5, 'order_quantity': 25}, {'product_name': '蒙牛纯牛奶 250ml*12', 'order_amount': 87.5, 'order_quantity': 25}, {'product_name': '雀巢金牌速溶咖啡', 'order_amount': 87.5, 'order_quantity': 25}, {'product_name': '李维斯 501 牛仔裤', 'order_amount': 87.5, 'order_quantity': 25}, {'product_name': '优衣库 Heattech 保暖夹克', 'order_amount': 87.5, 'order_quantity': 25}, {'product_name': '阿迪达斯 Ultraboost 跑鞋', 'order_amount': 87.5, 'order_quantity': 25}, {'product_name': '耐克 Air Max 270 运动鞋', 'order_amount': 87.5, 'order_quantity': 25}, {'product_name': '美的空调 KFR-35GW', 'order_amount': 87.5, 'order_quantity': 25}, {'product_name': '戴森 V15 吸尘器', 'order_amount': 87.5, 'order_quantity': 25}, {'product_name': 'Mate 60 Pro', 'order_amount': 87.5, 'order_quantity': 25}, {'product_name': 'Galaxy S24 Ultra', 'order_amount': 87.5, 'order_quantity': 25}, {'product_name': 'iPhone 15 Pro', 'order_amount': 87.5, 'order_quantity': 25}, {'product_name': 'Instant Pot 多功能电压力锅', 'order_amount': 9499.0, 'order_quantity': 1}, {'product_name': 'Kindle Paperwhite 电子书', 'order_amount': 9499.0, 'order_quantity': 1}, {'product_name': '奥利奥巧克力夹心饼干', 'order_amount': 9499.0, 'order_quantity': 1}, {'product_name': '乐事原味薯片 150g', 'order_amount': 9499.0, 'order_quantity': 1}, {'product_name': '蒙牛纯牛奶 250ml*12', 'order_amount': 9499.0, 'order_quantity': 1}, {'product_name': '雀巢金牌速溶咖啡', 'order_amount': 9499.0, 'order_quantity': 1}, {'product_name': '李维斯 501 牛仔裤', 'order_amount': 9499.0, 'order_quantity': 1}, {'product_name': '优衣库 Heattech 保暖夹克', 'order_amount': 9499.0, 'order_quantity': 1}, {'product_name': '阿迪达斯 Ultraboost 跑鞋', 'order_amount': 9499.0, 'order_quantity': 1}, {'product_name': '耐克 Air Max 270 运动鞋', 'order_amount': 9499.0, 'order_quantity': 1}, {'product_name': '美的空调 KFR-35GW', 'order_amount': 9499.0, 'order_quantity': 1}, {'product_name': '戴森 V15 吸尘器', 'order_amount': 9499.0, 'order_quantity': 1}, {'product_name': 'Mate 60 Pro', 'order_amount': 9499.0, 'order_quantity': 1}, {'product_name': 'Galaxy S24 Ultra', 'order_amount': 9499.0, 'order_quantity': 1}, {'product_name': 'iPhone 15 Pro', 'order_amount': 9499.0, 'order_quantity': 1}, {'product_name': 'Instant Pot 多功能电压力锅', 'order_amount': 42.0, 'order_quantity': 12}, {'product_name': 'Kindle Paperwhite 电子书', 'order_amount': 42.0, 'order_quantity': 12}, {'product_name': '奥利奥巧克力夹心饼干', 'order_amount': 42.0, 'order_quantity': 12}, {'product_name': '乐事原味薯片 150g', 'order_amount': 42.0, 'order_quantity': 12}, {'product_name': '蒙牛纯牛奶 250ml*12', 'order_amount': 42.0, 'order_quantity': 12}, {'product_name': '雀巢金牌速溶咖啡', 'order_amount': 42.0, 'order_quantity': 12}, {'product_name': '李维斯 501 牛仔裤', 'order_amount': 42.0, 'order_quantity': 12}, {'product_name': '优衣库 Heattech 保暖夹克', 'order_amount': 42.0, 'order_quantity': 12}, {'product_name': '阿迪达斯 Ultraboost 跑鞋', 'order_amount': 42.0, 'order_quantity': 12}, {'product_name': '耐克 Air Max 270 运动鞋', 'order_amount': 42.0, 'order_quantity': 12}, {'product_name': '美的空调 KFR-35GW', 'order_amount': 42.0, 'order_quantity': 12}, {'product_name': '戴森 V15 吸尘器', 'order_amount': 42.0, 'order_quantity': 12}, {'product_name': 'Mate 60 Pro', 'order_amount': 42.0, 'order_quantity': 12}, {'product_name': 'Galaxy S24 Ultra', 'order_amount': 42.0, 'order_quantity': 12}, {'product_name': 'iPhone 15 Pro', 'order_amount': 42.0, 'order_quantity': 12}, {'product_name': 'Instant Pot 多功能电压力锅', 'order_amount': 3200.0, 'order_quantity': 1}, {'product_name': 'Kindle Paperwhite 电子书', 'order_amount': 3200.0, 'order_quantity': 1}, {'product_name': '奥利奥巧克力夹心饼干', 'order_amount': 3200.0, 'order_quantity': 1}, {'product_name': '乐事原味薯片 150g', 'order_amount': 3200.0, 'order_quantity': 1}, {'product_name': '蒙牛纯牛奶 250ml*12', 'order_amount': 3200.0, 'order_quantity': 1}, {'product_name': '雀巢金牌速溶咖啡', 'order_amount': 3200.0, 'order_quantity': 1}, {'product_name': '李维斯 501 牛仔裤', 'order_amount': 3200.0, 'order_quantity': 1}, {'product_name': '优衣库 Heattech 保暖夹克', 'order_amount': 3200.0, 'order_quantity': 1}, {'product_name': '阿迪达斯 Ultraboost 跑鞋', 'order_amount': 3200.0, 'order_quantity': 1}, {'product_name': '耐克 Air Max 270 运动鞋', 'order_amount': 3200.0, 'order_quantity': 1}, {'product_name': '美的空调 KFR-35GW', 'order_amount': 3200.0, 'order_quantity': 1}, {'product_name': '戴森 V15 吸尘器', 'order_amount': 3200.0, 'order_quantity': 1}, {'product_name': 'Mate 60 Pro', 'order_amount': 3200.0, 'order_quantity': 1}, {'product_name': 'Galaxy S24 Ultra', 'order_amount': 3200.0, 'order_quantity': 1}, {'product_name': 'iPhone 15 Pro', 'order_amount': 3200.0, 'order_quantity': 1}, {'product_name': 'Instant Pot 多功能电压力锅', 'order_amount': 1198.0, 'order_quantity': 2}, {'product_name': 'Kindle Paperwhite 电子书', 'order_amount': 1198.0, 'order_quantity': 2}, {'product_name': '奥利奥巧克力夹心饼干', 'order_amount': 1198.0, 'order_quantity': 2}, {'product_name': '乐事原味薯片 150g', 'order_amount': 1198.0, 'order_quantity': 2}, {'product_name': '蒙牛纯牛奶 250ml*12', 'order_amount': 1198.0, 'order_quantity': 2}, {'product_name': '雀巢金牌速溶咖啡', 'order_amount': 1198.0, 'order_quantity': 2}, {'product_name': '李维斯 501 牛仔裤', 'order_amount': 1198.0, 'order_quantity': 2}, {'product_name': '优衣库 Heattech 保暖夹克', 'order_amount': 1198.0, 'order_quantity': 2}, {'product_name': '阿迪达斯 Ultraboost 跑鞋', 'order_amount': 1198.0, 'order_quantity': 2}, {'product_name': '耐克 Air Max 270 运动鞋', 'order_amount': 1198.0, 'order_quantity': 2}, {'product_name': '美的空调 KFR-35GW', 'order_amount': 1198.0, 'order_quantity': 2}, {'product_name': '戴森 V15 吸尘器', 'order_amount': 1198.0, 'order_quantity': 2}, {'product_name': 'Mate 60 Pro', 'order_amount': 1198.0, 'order_quantity': 2}, {'product_name': 'Galaxy S24 Ultra', 'order_amount': 1198.0, 'order_quantity': 2}, {'product_name': 'iPhone 15 Pro', 'order_amount': 1198.0, 'order_quantity': 2}, {'product_name': 'Instant Pot 多功能电压力锅', 'order_amount': 1299.0, 'order_quantity': 1}, {'product_name': 'Kindle Paperwhite 电子书', 'order_amount': 1299.0, 'order_quantity': 1}, {'product_name': '奥利奥巧克力夹心饼干', 'order_amount': 1299.0, 'order_quantity': 1}, {'product_name': '乐事原味薯片 150g', 'order_amount': 1299.0, 'order_quantity': 1}, {'product_name': '蒙牛纯牛奶 250ml*12', 'order_amount': 1299.0, 'order_quantity': 1}, {'product_name': '雀巢金牌速溶咖啡', 'order_amount': 1299.0, 'order_quantity': 1}, {'product_name': '李维斯 501 牛仔裤', 'order_amount': 1299.0, 'order_quantity': 1}, {'product_name': '优衣库 Heattech 保暖夹克', 'order_amount': 1299.0, 'order_quantity': 1}, {'product_name': '阿迪达斯 Ultraboost 跑鞋', 'order_amount': 1299.0, 'order_quantity': 1}, {'product_name': '耐克 Air Max 270 运动鞋', 'order_amount': 1299.0, 'order_quantity': 1}, {'product_name': '美的空调 KFR-35GW', 'order_amount': 1299.0, 'order_quantity': 1}, {'product_name': '戴森 V15 吸尘器', 'order_amount': 1299.0, 'order_quantity': 1}, {'product_name': 'Mate 60 Pro', 'order_amount': 1299.0, 'order_quantity': 1}, {'product_name': 'Galaxy S24 Ultra', 'order_amount': 1299.0, 'order_quantity': 1}, {'product_name': 'iPhone 15 Pro', 'order_amount': 1299.0, 'order_quantity': 1}, {'product_name': 'Instant Pot 多功能电压力锅', 'order_amount': 8999.0, 'order_quantity': 1}, {'product_name': 'Kindle Paperwhite 电子书', 'order_amount': 8999.0, 'order_quantity': 1}, {'product_name': '奥利奥巧克力夹心饼干', 'order_amount': 8999.0, 'order_quantity': 1}, {'product_name': '乐事原味薯片 150g', 'order_amount': 8999.0, 'order_quantity': 1}, {'product_name': '蒙牛纯牛奶 250ml*12', 'order_amount': 8999.0, 'order_quantity': 1}, {'product_name': '雀巢金牌速溶咖啡', 'order_amount': 8999.0, 'order_quantity': 1}, {'product_name': '李维斯 501 牛仔裤', 'order_amount': 8999.0, 'order_quantity': 1}, {'product_name': '优衣库 Heattech 保暖夹克', 'order_amount': 8999.0, 'order_quantity': 1}, {'product_name': '阿迪达斯 Ultraboost 跑鞋', 'order_amount': 8999.0, 'order_quantity': 1}, {'product_name': '耐克 Air Max 270 运动鞋', 'order_amount': 8999.0, 'order_quantity': 1}, {'product_name': '美的空调 KFR-35GW', 'order_amount': 8999.0, 'order_quantity': 1}, {'product_name': '戴森 V15 吸尘器', 'order_amount': 8999.0, 'order_quantity': 1}, {'product_name': 'Mate 60 Pro', 'order_amount': 8999.0, 'order_quantity': 1}, {'product_name': 'Galaxy S24 Ultra', 'order_amount': 8999.0, 'order_quantity': 1}, {'product_name': 'iPhone 15 Pro', 'order_amount': 8999.0, 'order_quantity': 1}, {'product_name': 'Instant Pot 多功能电压力锅', 'order_amount': 5499.0, 'order_quantity': 1}, {'product_name': 'Kindle Paperwhite 电子书', 'order_amount': 5499.0, 'order_quantity': 1}, {'product_name': '奥利奥巧克力夹心饼干', 'order_amount': 5499.0, 'order_quantity': 1}, {'product_name': '乐事原味薯片 150g', 'order_amount': 5499.0, 'order_quantity': 1}, {'product_name': '蒙牛纯牛奶 250ml*12', 'order_amount': 5499.0, 'order_quantity': 1}, {'product_name': '雀巢金牌速溶咖啡', 'order_amount': 5499.0, 'order_quantity': 1}, {'product_name': '李维斯 501 牛仔裤', 'order_amount': 5499.0, 'order_quantity': 1}, {'product_name': '优衣库 Heattech 保暖夹克', 'order_amount': 5499.0, 'order_quantity': 1}, {'product_name': '阿迪达斯 Ultraboost 跑鞋', 'order_amount': 5499.0, 'order_quantity': 1}, {'product_name': '耐克 Air Max 270 运动鞋', 'order_amount': 5499.0, 'order_quantity': 1}, {'product_name': '美的空调 KFR-35GW', 'order_amount': 5499.0, 'order_quantity': 1}, {'product_name': '戴森 V15 吸尘器', 'order_amount': 5499.0, 'order_quantity': 1}, {'product_name': 'Mate 60 Pro', 'order_amount': 5499.0, 'order_quantity': 1}, {'product_name': 'Galaxy S24 Ultra', 'order_amount': 5499.0, 'order_quantity': 1}, {'product_name': 'iPhone 15 Pro', 'order_amount': 5499.0, 'order_quantity': 1}, {'product_name': 'Instant Pot 多功能电压力锅', 'order_amount': 899.0, 'order_quantity': 1}, {'product_name': 'Kindle Paperwhite 电子书', 'order_amount': 899.0, 'order_quantity': 1}, {'product_name': '奥利奥巧克力夹心饼干', 'order_amount': 899.0, 'order_quantity': 1}, {'product_name': '乐事原味薯片 150g', 'order_amount': 899.0, 'order_quantity': 1}, {'product_name': '蒙牛纯牛奶 250ml*12', 'order_amount': 899.0, 'order_quantity': 1}, {'product_name': '雀巢金牌速溶咖啡', 'order_amount': 899.0, 'order_quantity': 1}, {'product_name': '李维斯 501 牛仔裤', 'order_amount': 899.0, 'order_quantity': 1}, {'product_name': '优衣库 Heattech 保暖夹克', 'order_amount': 899.0, 'order_quantity': 1}, {'product_name': '阿迪达斯 Ultraboost 跑鞋', 'order_amount': 899.0, 'order_quantity': 1}, {'product_name': '耐克 Air Max 270 运动鞋', 'order_amount': 899.0, 'order_quantity': 1}, {'product_name': '美的空调 KFR-35GW', 'order_amount': 899.0, 'order_quantity': 1}, {'product_name': '戴森 V15 吸尘器', 'order_amount': 899.0, 'order_quantity': 1}, {'product_name': 'Mate 60 Pro', 'order_amount': 899.0, 'order_quantity': 1}, {'product_name': 'Galaxy S24 Ultra', 'order_amount': 899.0, 'order_quantity': 1}, {'product_name': 'iPhone 15 Pro', 'order_amount': 899.0, 'order_quantity': 1}, {'product_name': 'Instant Pot 多功能电压力锅', 'order_amount': 8999.0, 'order_quantity': 1}, {'product_name': 'Kindle Paperwhite 电子书', 'order_amount': 8999.0, 'order_quantity': 1}, {'product_name': '奥利奥巧克力夹心饼干', 'order_amount': 8999.0, 'order_quantity': 1}, {'product_name': '乐事原味薯片 150g', 'order_amount': 8999.0, 'order_quantity': 1}, {'product_name': '蒙牛纯牛奶 250ml*12', 'order_amount': 8999.0, 'order_quantity': 1}, {'product_name': '雀巢金牌速溶咖啡', 'order_amount': 8999.0, 'order_quantity': 1}, {'product_name': '李维斯 501 牛仔裤', 'order_amount': 8999.0, 'order_quantity': 1}, {'product_name': '优衣库 Heattech 保暖夹克', 'order_amount': 8999.0, 'order_quantity': 1}, {'product_name': '阿迪达斯 Ultraboost 跑鞋', 'order_amount': 8999.0, 'order_quantity': 1}, {'product_name': '耐克 Air Max 270 运动鞋', 'order_amount': 8999.0, 'order_quantity': 1}, {'product_name': '美的空调 KFR-35GW', 'order_amount': 8999.0, 'order_quantity': 1}, {'product_name': '戴森 V15 吸尘器', 'order_amount': 8999.0, 'order_quantity': 1}, {'product_name': 'Mate 60 Pro', 'order_amount': 8999.0, 'order_quantity': 1}, {'product_name': 'Galaxy S24 Ultra', 'order_amount': 8999.0, 'order_quantity': 1}, {'product_name': 'iPhone 15 Pro', 'order_amount': 8999.0, 'order_quantity': 1}, {'product_name': 'Instant Pot 多功能电压力锅', 'order_amount': 100.0, 'order_quantity': 4}, {'product_name': 'Kindle Paperwhite 电子书', 'order_amount': 100.0, 'order_quantity': 4}, {'product_name': '奥利奥巧克力夹心饼干', 'order_amount': 100.0, 'order_quantity': 4}, {'product_name': '乐事原味薯片 150g', 'order_amount': 100.0, 'order_quantity': 4}, {'product_name': '蒙牛纯牛奶 250ml*12', 'order_amount': 100.0, 'order_quantity': 4}, {'product_name': '雀巢金牌速溶咖啡', 'order_amount': 100.0, 'order_quantity': 4}, {'product_name': '李维斯 501 牛仔裤', 'order_amount': 100.0, 'order_quantity': 4}, {'product_name': '优衣库 Heattech 保暖夹克', 'order_amount': 100.0, 'order_quantity': 4}, {'product_name': '阿迪达斯 Ultraboost 跑鞋', 'order_amount': 100.0, 'order_quantity': 4}, {'product_name': '耐克 Air Max 270 运动鞋', 'order_amount': 100.0, 'order_quantity': 4}, {'product_name': '美的空调 KFR-35GW', 'order_amount': 100.0, 'order_quantity': 4}, {'product_name': '戴森 V15 吸尘器', 'order_amount': 100.0, 'order_quantity': 4}, {'product_name': 'Mate 60 Pro', 'order_amount': 100.0, 'order_quantity': 4}, {'product_name': 'Galaxy S24 Ultra', 'order_amount': 100.0, 'order_quantity': 4}, {'product_name': 'iPhone 15 Pro', 'order_amount': 100.0, 'order_quantity': 4}, {'product_name': 'Instant Pot 多功能电压力锅', 'order_amount': 6999.0, 'order_quantity': 1}, {'product_name': 'Kindle Paperwhite 电子书', 'order_amount': 6999.0, 'order_quantity': 1}, {'product_name': '奥利奥巧克力夹心饼干', 'order_amount': 6999.0, 'order_quantity': 1}, {'product_name': '乐事原味薯片 150g', 'order_amount': 6999.0, 'order_quantity': 1}, {'product_name': '蒙牛纯牛奶 250ml*12', 'order_amount': 6999.0, 'order_quantity': 1}, {'product_name': '雀巢金牌速溶咖啡', 'order_amount': 6999.0, 'order_quantity': 1}, {'product_name': '李维斯 501 牛仔裤', 'order_amount': 6999.0, 'order_quantity': 1}, {'product_name': '优衣库 Heattech 保暖夹克', 'order_amount': 6999.0, 'order_quantity': 1}, {'product_name': '阿迪达斯 Ultraboost 跑鞋', 'order_amount': 6999.0, 'order_quantity': 1}, {'product_name': '耐克 Air Max 270 运动鞋', 'order_amount': 6999.0, 'order_quantity': 1}, {'product_name': '美的空调 KFR-35GW', 'order_amount': 6999.0, 'order_quantity': 1}, {'product_name': '戴森 V15 吸尘器', 'order_amount': 6999.0, 'order_quantity': 1}, {'product_name': 'Mate 60 Pro', 'order_amount': 6999.0, 'order_quantity': 1}, {'product_name': 'Galaxy S24 Ultra', 'order_amount': 6999.0, 'order_quantity': 1}, {'product_name': 'iPhone 15 Pro', 'order_amount': 6999.0, 'order_quantity': 1}, {'product_name': 'Instant Pot 多功能电压力锅', 'order_amount': 150.0, 'order_quantity': 6}, {'product_name': 'Kindle Paperwhite 电子书', 'order_amount': 150.0, 'order_quantity': 6}, {'product_name': '奥利奥巧克力夹心饼干', 'order_amount': 150.0, 'order_quantity': 6}, {'product_name': '乐事原味薯片 150g', 'order_amount': 150.0, 'order_quantity': 6}, {'product_name': '蒙牛纯牛奶 250ml*12', 'order_amount': 150.0, 'order_quantity': 6}, {'product_name': '雀巢金牌速溶咖啡', 'order_amount': 150.0, 'order_quantity': 6}, {'product_name': '李维斯 501 牛仔裤', 'order_amount': 150.0, 'order_quantity': 6}, {'product_name': '优衣库 Heattech 保暖夹克', 'order_amount': 150.0, 'order_quantity': 6}, {'product_name': '阿迪达斯 Ultraboost 跑鞋', 'order_amount': 150.0, 'order_quantity': 6}, {'product_name': '耐克 Air Max 270 运动鞋', 'order_amount': 150.0, 'order_quantity': 6}, {'product_name': '美的空调 KFR-35GW', 'order_amount': 150.0, 'order_quantity': 6}, {'product_name': '戴森 V15 吸尘器', 'order_amount': 150.0, 'order_quantity': 6}, {'product_name': 'Mate 60 Pro', 'order_amount': 150.0, 'order_quantity': 6}, {'product_name': 'Galaxy S24 Ultra', 'order_amount': 150.0, 'order_quantity': 6}, {'product_name': 'iPhone 15 Pro', 'order_amount': 150.0, 'order_quantity': 6}, {'product_name': 'Instant Pot 多功能电压力锅', 'order_amount': 35.0, 'order_quantity': 7}, {'product_name': 'Kindle Paperwhite 电子书', 'order_amount': 35.0, 'order_quantity': 7}, {'product_name': '奥利奥巧克力夹心饼干', 'order_amount': 35.0, 'order_quantity': 7}, {'product_name': '乐事原味薯片 150g', 'order_amount': 35.0, 'order_quantity': 7}, {'product_name': '蒙牛纯牛奶 250ml*12', 'order_amount': 35.0, 'order_quantity': 7}, {'product_name': '雀巢金牌速溶咖啡', 'order_amount': 35.0, 'order_quantity': 7}, {'product_name': '李维斯 501 牛仔裤', 'order_amount': 35.0, 'order_quantity': 7}, {'product_name': '优衣库 Heattech 保暖夹克', 'order_amount': 35.0, 'order_quantity': 7}, {'product_name': '阿迪达斯 Ultraboost 跑鞋', 'order_amount': 35.0, 'order_quantity': 7}, {'product_name': '耐克 Air Max 270 运动鞋', 'order_amount': 35.0, 'order_quantity': 7}, {'product_name': '美的空调 KFR-35GW', 'order_amount': 35.0, 'order_quantity': 7}, {'product_name': '戴森 V15 吸尘器', 'order_amount': 35.0, 'order_quantity': 7}, {'product_name': 'Mate 60 Pro', 'order_amount': 35.0, 'order_quantity': 7}, {'product_name': 'Galaxy S24 Ultra', 'order_amount': 35.0, 'order_quantity': 7}, {'product_name': 'iPhone 15 Pro', 'order_amount': 35.0, 'order_quantity': 7}, {'product_name': 'Instant Pot 多功能电压力锅', 'order_amount': 40.0, 'order_quantity': 8}, {'product_name': 'Kindle Paperwhite 电子书', 'order_amount': 40.0, 'order_quantity': 8}, {'product_name': '奥利奥巧克力夹心饼干', 'order_amount': 40.0, 'order_quantity': 8}, {'product_name': '乐事原味薯片 150g', 'order_amount': 40.0, 'order_quantity': 8}, {'product_name': '蒙牛纯牛奶 250ml*12', 'order_amount': 40.0, 'order_quantity': 8}, {'product_name': '雀巢金牌速溶咖啡', 'order_amount': 40.0, 'order_quantity': 8}, {'product_name': '李维斯 501 牛仔裤', 'order_amount': 40.0, 'order_quantity': 8}, {'product_name': '优衣库 Heattech 保暖夹克', 'order_amount': 40.0, 'order_quantity': 8}, {'product_name': '阿迪达斯 Ultraboost 跑鞋', 'order_amount': 40.0, 'order_quantity': 8}, {'product_name': '耐克 Air Max 270 运动鞋', 'order_amount': 40.0, 'order_quantity': 8}, {'product_name': '美的空调 KFR-35GW', 'order_amount': 40.0, 'order_quantity': 8}, {'product_name': '戴森 V15 吸尘器', 'order_amount': 40.0, 'order_quantity': 8}, {'product_name': 'Mate 60 Pro', 'order_amount': 40.0, 'order_quantity': 8}, {'product_name': 'Galaxy S24 Ultra', 'order_amount': 40.0, 'order_quantity': 8}, {'product_name': 'iPhone 15 Pro', 'order_amount': 40.0, 'order_quantity': 8}, {'product_name': 'Instant Pot 多功能电压力锅', 'order_amount': 899.0, 'order_quantity': 1}, {'product_name': 'Kindle Paperwhite 电子书', 'order_amount': 899.0, 'order_quantity': 1}, {'product_name': '奥利奥巧克力夹心饼干', 'order_amount': 899.0, 'order_quantity': 1}, {'product_name': '乐事原味薯片 150g', 'order_amount': 899.0, 'order_quantity': 1}, {'product_name': '蒙牛纯牛奶 250ml*12', 'order_amount': 899.0, 'order_quantity': 1}, {'product_name': '雀巢金牌速溶咖啡', 'order_amount': 899.0, 'order_quantity': 1}, {'product_name': '李维斯 501 牛仔裤', 'order_amount': 899.0, 'order_quantity': 1}, {'product_name': '优衣库 Heattech 保暖夹克', 'order_amount': 899.0, 'order_quantity': 1}, {'product_name': '阿迪达斯 Ultraboost 跑鞋', 'order_amount': 899.0, 'order_quantity': 1}, {'product_name': '耐克 Air Max 270 运动鞋', 'order_amount': 899.0, 'order_quantity': 1}, {'product_name': '美的空调 KFR-35GW', 'order_amount': 899.0, 'order_quantity': 1}, {'product_name': '戴森 V15 吸尘器', 'order_amount': 899.0, 'order_quantity': 1}, {'product_name': 'Mate 60 Pro', 'order_amount': 899.0, 'order_quantity': 1}, {'product_name': 'Galaxy S24 Ultra', 'order_amount': 899.0, 'order_quantity': 1}, {'product_name': 'iPhone 15 Pro', 'order_amount': 899.0, 'order_quantity': 1}, {'product_name': 'Instant Pot 多功能电压力锅', 'order_amount': 1399.0, 'order_quantity': 1}, {'product_name': 'Kindle Paperwhite 电子书', 'order_amount': 1399.0, 'order_quantity': 1}, {'product_name': '奥利奥巧克力夹心饼干', 'order_amount': 1399.0, 'order_quantity': 1}, {'product_name': '乐事原味薯片 150g', 'order_amount': 1399.0, 'order_quantity': 1}, {'product_name': '蒙牛纯牛奶 250ml*12', 'order_amount': 1399.0, 'order_quantity': 1}, {'product_name': '雀巢金牌速溶咖啡', 'order_amount': 1399.0, 'order_quantity': 1}, {'product_name': '李维斯 501 牛仔裤', 'order_amount': 1399.0, 'order_quantity': 1}, {'product_name': '优衣库 Heattech 保暖夹克', 'order_amount': 1399.0, 'order_quantity': 1}, {'product_name': '阿迪达斯 Ultraboost 跑鞋', 'order_amount': 1399.0, 'order_quantity': 1}, {'product_name': '耐克 Air Max 270 运动鞋', 'order_amount': 1399.0, 'order_quantity': 1}, {'product_name': '美的空调 KFR-35GW', 'order_amount': 1399.0, 'order_quantity': 1}, {'product_name': '戴森 V15 吸尘器', 'order_amount': 1399.0, 'order_quantity': 1}, {'product_name': 'Mate 60 Pro', 'order_amount': 1399.0, 'order_quantity': 1}, {'product_name': 'Galaxy S24 Ultra', 'order_amount': 1399.0, 'order_quantity': 1}, {'product_name': 'iPhone 15 Pro', 'order_amount': 1399.0, 'order_quantity': 1}, {'product_name': 'Instant Pot 多功能电压力锅', 'order_amount': 199.0, 'order_quantity': 1}, {'product_name': 'Kindle Paperwhite 电子书', 'order_amount': 199.0, 'order_quantity': 1}, {'product_name': '奥利奥巧克力夹心饼干', 'order_amount': 199.0, 'order_quantity': 1}, {'product_name': '乐事原味薯片 150g', 'order_amount': 199.0, 'order_quantity': 1}, {'product_name': '蒙牛纯牛奶 250ml*12', 'order_amount': 199.0, 'order_quantity': 1}, {'product_name': '雀巢金牌速溶咖啡', 'order_amount': 199.0, 'order_quantity': 1}, {'product_name': '李维斯 501 牛仔裤', 'order_amount': 199.0, 'order_quantity': 1}, {'product_name': '优衣库 Heattech 保暖夹克', 'order_amount': 199.0, 'order_quantity': 1}, {'product_name': '阿迪达斯 Ultraboost 跑鞋', 'order_amount': 199.0, 'order_quantity': 1}, {'product_name': '耐克 Air Max 270 运动鞋', 'order_amount': 199.0, 'order_quantity': 1}, {'product_name': '美的空调 KFR-35GW', 'order_amount': 199.0, 'order_quantity': 1}, {'product_name': '戴森 V15 吸尘器', 'order_amount': 199.0, 'order_quantity': 1}, {'product_name': 'Mate 60 Pro', 'order_amount': 199.0, 'order_quantity': 1}, {'product_name': 'Galaxy S24 Ultra', 'order_amount': 199.0, 'order_quantity': 1}, {'product_name': 'iPhone 15 Pro', 'order_amount': 199.0, 'order_quantity': 1}, {'product_name': 'Instant Pot 多功能电压力锅', 'order_amount': 9499.0, 'order_quantity': 1}, {'product_name': 'Kindle Paperwhite 电子书', 'order_amount': 9499.0, 'order_quantity': 1}, {'product_name': '奥利奥巧克力夹心饼干', 'order_amount': 9499.0, 'order_quantity': 1}, {'product_name': '乐事原味薯片 150g', 'order_amount': 9499.0, 'order_quantity': 1}, {'product_name': '蒙牛纯牛奶 250ml*12', 'order_amount': 9499.0, 'order_quantity': 1}, {'product_name': '雀巢金牌速溶咖啡', 'order_amount': 9499.0, 'order_quantity': 1}, {'product_name': '李维斯 501 牛仔裤', 'order_amount': 9499.0, 'order_quantity': 1}, {'product_name': '优衣库 Heattech 保暖夹克', 'order_amount': 9499.0, 'order_quantity': 1}, {'product_name': '阿迪达斯 Ultraboost 跑鞋', 'order_amount': 9499.0, 'order_quantity': 1}, {'product_name': '耐克 Air Max 270 运动鞋', 'order_amount': 9499.0, 'order_quantity': 1}, {'product_name': '美的空调 KFR-35GW', 'order_amount': 9499.0, 'order_quantity': 1}, {'product_name': '戴森 V15 吸尘器', 'order_amount': 9499.0, 'order_quantity': 1}, {'product_name': 'Mate 60 Pro', 'order_amount': 9499.0, 'order_quantity': 1}, {'product_name': 'Galaxy S24 Ultra', 'order_amount': 9499.0, 'order_quantity': 1}, {'product_name': 'iPhone 15 Pro', 'order_amount': 9499.0, 'order_quantity': 1}, {'product_name': 'Instant Pot 多功能电压力锅', 'order_amount': 60.0, 'order_quantity': 12}, {'product_name': 'Kindle Paperwhite 电子书', 'order_amount': 60.0, 'order_quantity': 12}, {'product_name': '奥利奥巧克力夹心饼干', 'order_amount': 60.0, 'order_quantity': 12}, {'product_name': '乐事原味薯片 150g', 'order_amount': 60.0, 'order_quantity': 12}, {'product_name': '蒙牛纯牛奶 250ml*12', 'order_amount': 60.0, 'order_quantity': 12}, {'product_name': '雀巢金牌速溶咖啡', 'order_amount': 60.0, 'order_quantity': 12}, {'product_name': '李维斯 501 牛仔裤', 'order_amount': 60.0, 'order_quantity': 12}, {'product_name': '优衣库 Heattech 保暖夹克', 'order_amount': 60.0, 'order_quantity': 12}, {'product_name': '阿迪达斯 Ultraboost 跑鞋', 'order_amount': 60.0, 'order_quantity': 12}, {'product_name': '耐克 Air Max 270 运动鞋', 'order_amount': 60.0, 'order_quantity': 12}, {'product_name': '美的空调 KFR-35GW', 'order_amount': 60.0, 'order_quantity': 12}, {'product_name': '戴森 V15 吸尘器', 'order_amount': 60.0, 'order_quantity': 12}, {'product_name': 'Mate 60 Pro', 'order_amount': 60.0, 'order_quantity': 12}, {'product_name': 'Galaxy S24 Ultra', 'order_amount': 60.0, 'order_quantity': 12}, {'product_name': 'iPhone 15 Pro', 'order_amount': 60.0, 'order_quantity': 12}, {'product_name': 'Instant Pot 多功能电压力锅', 'order_amount': 31.5, 'order_quantity': 9}, {'product_name': 'Kindle Paperwhite 电子书', 'order_amount': 31.5, 'order_quantity': 9}, {'product_name': '奥利奥巧克力夹心饼干', 'order_amount': 31.5, 'order_quantity': 9}, {'product_name': '乐事原味薯片 150g', 'order_amount': 31.5, 'order_quantity': 9}, {'product_name': '蒙牛纯牛奶 250ml*12', 'order_amount': 31.5, 'order_quantity': 9}, {'product_name': '雀巢金牌速溶咖啡', 'order_amount': 31.5, 'order_quantity': 9}, {'product_name': '李维斯 501 牛仔裤', 'order_amount': 31.5, 'order_quantity': 9}, {'product_name': '优衣库 Heattech 保暖夹克', 'order_amount': 31.5, 'order_quantity': 9}, {'product_name': '阿迪达斯 Ultraboost 跑鞋', 'order_amount': 31.5, 'order_quantity': 9}, {'product_name': '耐克 Air Max 270 运动鞋', 'order_amount': 31.5, 'order_quantity': 9}, {'product_name': '美的空调 KFR-35GW', 'order_amount': 31.5, 'order_quantity': 9}, {'product_name': '戴森 V15 吸尘器', 'order_amount': 31.5, 'order_quantity': 9}, {'product_name': 'Mate 60 Pro', 'order_amount': 31.5, 'order_quantity': 9}, {'product_name': 'Galaxy S24 Ultra', 'order_amount': 31.5, 'order_quantity': 9}, {'product_name': 'iPhone 15 Pro', 'order_amount': 31.5, 'order_quantity': 9}, {'product_name': 'Instant Pot 多功能电压力锅', 'order_amount': 3200.0, 'order_quantity': 1}, {'product_name': 'Kindle Paperwhite 电子书', 'order_amount': 3200.0, 'order_quantity': 1}, {'product_name': '奥利奥巧克力夹心饼干', 'order_amount': 3200.0, 'order_quantity': 1}, {'product_name': '乐事原味薯片 150g', 'order_amount': 3200.0, 'order_quantity': 1}, {'product_name': '蒙牛纯牛奶 250ml*12', 'order_amount': 3200.0, 'order_quantity': 1}, {'product_name': '雀巢金牌速溶咖啡', 'order_amount': 3200.0, 'order_quantity': 1}, {'product_name': '李维斯 501 牛仔裤', 'order_amount': 3200.0, 'order_quantity': 1}, {'product_name': '优衣库 Heattech 保暖夹克', 'order_amount': 3200.0, 'order_quantity': 1}, {'product_name': '阿迪达斯 Ultraboost 跑鞋', 'order_amount': 3200.0, 'order_quantity': 1}, {'product_name': '耐克 Air Max 270 运动鞋', 'order_amount': 3200.0, 'order_quantity': 1}, {'product_name': '美的空调 KFR-35GW', 'order_amount': 3200.0, 'order_quantity': 1}, {'product_name': '戴森 V15 吸尘器', 'order_amount': 3200.0, 'order_quantity': 1}, {'product_name': 'Mate 60 Pro', 'order_amount': 3200.0, 'order_quantity': 1}, {'product_name': 'Galaxy S24 Ultra', 'order_amount': 3200.0, 'order_quantity': 1}, {'product_name': 'iPhone 15 Pro', 'order_amount': 3200.0, 'order_quantity': 1}, {'product_name': 'Instant Pot 多功能电压力锅', 'order_amount': 599.0, 'order_quantity': 1}, {'product_name': 'Kindle Paperwhite 电子书', 'order_amount': 599.0, 'order_quantity': 1}, {'product_name': '奥利奥巧克力夹心饼干', 'order_amount': 599.0, 'order_quantity': 1}, {'product_name': '乐事原味薯片 150g', 'order_amount': 599.0, 'order_quantity': 1}, {'product_name': '蒙牛纯牛奶 250ml*12', 'order_amount': 599.0, 'order_quantity': 1}, {'product_name': '雀巢金牌速溶咖啡', 'order_amount': 599.0, 'order_quantity': 1}, {'product_name': '李维斯 501 牛仔裤', 'order_amount': 599.0, 'order_quantity': 1}, {'product_name': '优衣库 Heattech 保暖夹克', 'order_amount': 599.0, 'order_quantity': 1}, {'product_name': '阿迪达斯 Ultraboost 跑鞋', 'order_amount': 599.0, 'order_quantity': 1}, {'product_name': '耐克 Air Max 270 运动鞋', 'order_amount': 599.0, 'order_quantity': 1}, {'product_name': '美的空调 KFR-35GW', 'order_amount': 599.0, 'order_quantity': 1}, {'product_name': '戴森 V15 吸尘器', 'order_amount': 599.0, 'order_quantity': 1}, {'product_name': 'Mate 60 Pro', 'order_amount': 599.0, 'order_quantity': 1}, {'product_name': 'Galaxy S24 Ultra', 'order_amount': 599.0, 'order_quantity': 1}, {'product_name': 'iPhone 15 Pro', 'order_amount': 599.0, 'order_quantity': 1}, {'product_name': 'Instant Pot 多功能电压力锅', 'order_amount': 1299.0, 'order_quantity': 1}, {'product_name': 'Kindle Paperwhite 电子书', 'order_amount': 1299.0, 'order_quantity': 1}, {'product_name': '奥利奥巧克力夹心饼干', 'order_amount': 1299.0, 'order_quantity': 1}, {'product_name': '乐事原味薯片 150g', 'order_amount': 1299.0, 'order_quantity': 1}, {'product_name': '蒙牛纯牛奶 250ml*12', 'order_amount': 1299.0, 'order_quantity': 1}, {'product_name': '雀巢金牌速溶咖啡', 'order_amount': 1299.0, 'order_quantity': 1}, {'product_name': '李维斯 501 牛仔裤', 'order_amount': 1299.0, 'order_quantity': 1}, {'product_name': '优衣库 Heattech 保暖夹克', 'order_amount': 1299.0, 'order_quantity': 1}, {'product_name': '阿迪达斯 Ultraboost 跑鞋', 'order_amount': 1299.0, 'order_quantity': 1}, {'product_name': '耐克 Air Max 270 运动鞋', 'order_amount': 1299.0, 'order_quantity': 1}, {'product_name': '美的空调 KFR-35GW', 'order_amount': 1299.0, 'order_quantity': 1}, {'product_name': '戴森 V15 吸尘器', 'order_amount': 1299.0, 'order_quantity': 1}, {'product_name': 'Mate 60 Pro', 'order_amount': 1299.0, 'order_quantity': 1}, {'product_name': 'Galaxy S24 Ultra', 'order_amount': 1299.0, 'order_quantity': 1}, {'product_name': 'iPhone 15 Pro', 'order_amount': 1299.0, 'order_quantity': 1}, {'product_name': 'Instant Pot 多功能电压力锅', 'order_amount': 5499.0, 'order_quantity': 1}, {'product_name': 'Kindle Paperwhite 电子书', 'order_amount': 5499.0, 'order_quantity': 1}, {'product_name': '奥利奥巧克力夹心饼干', 'order_amount': 5499.0, 'order_quantity': 1}, {'product_name': '乐事原味薯片 150g', 'order_amount': 5499.0, 'order_quantity': 1}, {'product_name': '蒙牛纯牛奶 250ml*12', 'order_amount': 5499.0, 'order_quantity': 1}, {'product_name': '雀巢金牌速溶咖啡', 'order_amount': 5499.0, 'order_quantity': 1}, {'product_name': '李维斯 501 牛仔裤', 'order_amount': 5499.0, 'order_quantity': 1}, {'product_name': '优衣库 Heattech 保暖夹克', 'order_amount': 5499.0, 'order_quantity': 1}, {'product_name': '阿迪达斯 Ultraboost 跑鞋', 'order_amount': 5499.0, 'order_quantity': 1}, {'product_name': '耐克 Air Max 270 运动鞋', 'order_amount': 5499.0, 'order_quantity': 1}, {'product_name': '美的空调 KFR-35GW', 'order_amount': 5499.0, 'order_quantity': 1}, {'product_name': '戴森 V15 吸尘器', 'order_amount': 5499.0, 'order_quantity': 1}, {'product_name': 'Mate 60 Pro', 'order_amount': 5499.0, 'order_quantity': 1}, {'product_name': 'Galaxy S24 Ultra', 'order_amount': 5499.0, 'order_quantity': 1}, {'product_name': 'iPhone 15 Pro', 'order_amount': 5499.0, 'order_quantity': 1}, {'product_name': 'Instant Pot 多功能电压力锅', 'order_amount': 100.0, 'order_quantity': 20}, {'product_name': 'Kindle Paperwhite 电子书', 'order_amount': 100.0, 'order_quantity': 20}, {'product_name': '奥利奥巧克力夹心饼干', 'order_amount': 100.0, 'order_quantity': 20}, {'product_name': '乐事原味薯片 150g', 'order_amount': 100.0, 'order_quantity': 20}, {'product_name': '蒙牛纯牛奶 250ml*12', 'order_amount': 100.0, 'order_quantity': 20}, {'product_name': '雀巢金牌速溶咖啡', 'order_amount': 100.0, 'order_quantity': 20}, {'product_name': '李维斯 501 牛仔裤', 'order_amount': 100.0, 'order_quantity': 20}, {'product_name': '优衣库 Heattech 保暖夹克', 'order_amount': 100.0, 'order_quantity': 20}, {'product_name': '阿迪达斯 Ultraboost 跑鞋', 'order_amount': 100.0, 'order_quantity': 20}, {'product_name': '耐克 Air Max 270 运动鞋', 'order_amount': 100.0, 'order_quantity': 20}, {'product_name': '美的空调 KFR-35GW', 'order_amount': 100.0, 'order_quantity': 20}, {'product_name': '戴森 V15 吸尘器', 'order_amount': 100.0, 'order_quantity': 20}, {'product_name': 'Mate 60 Pro', 'order_amount': 100.0, 'order_quantity': 20}, {'product_name': 'Galaxy S24 Ultra', 'order_amount': 100.0, 'order_quantity': 20}, {'product_name': 'iPhone 15 Pro', 'order_amount': 100.0, 'order_quantity': 20}, {'product_name': 'Instant Pot 多功能电压力锅', 'order_amount': 899.0, 'order_quantity': 1}, {'product_name': 'Kindle Paperwhite 电子书', 'order_amount': 899.0, 'order_quantity': 1}, {'product_name': '奥利奥巧克力夹心饼干', 'order_amount': 899.0, 'order_quantity': 1}, {'product_name': '乐事原味薯片 150g', 'order_amount': 899.0, 'order_quantity': 1}, {'product_name': '蒙牛纯牛奶 250ml*12', 'order_amount': 899.0, 'order_quantity': 1}, {'product_name': '雀巢金牌速溶咖啡', 'order_amount': 899.0, 'order_quantity': 1}, {'product_name': '李维斯 501 牛仔裤', 'order_amount': 899.0, 'order_quantity': 1}, {'product_name': '优衣库 Heattech 保暖夹克', 'order_amount': 899.0, 'order_quantity': 1}, {'product_name': '阿迪达斯 Ultraboost 跑鞋', 'order_amount': 899.0, 'order_quantity': 1}, {'product_name': '耐克 Air Max 270 运动鞋', 'order_amount': 899.0, 'order_quantity': 1}, {'product_name': '美的空调 KFR-35GW', 'order_amount': 899.0, 'order_quantity': 1}, {'product_name': '戴森 V15 吸尘器', 'order_amount': 899.0, 'order_quantity': 1}, {'product_name': 'Mate 60 Pro', 'order_amount': 899.0, 'order_quantity': 1}, {'product_name': 'Galaxy S24 Ultra', 'order_amount': 899.0, 'order_quantity': 1}, {'product_name': 'iPhone 15 Pro', 'order_amount': 899.0, 'order_quantity': 1}, {'product_name': 'Instant Pot 多功能电压力锅', 'order_amount': 8999.0, 'order_quantity': 1}, {'product_name': 'Kindle Paperwhite 电子书', 'order_amount': 8999.0, 'order_quantity': 1}, {'product_name': '奥利奥巧克力夹心饼干', 'order_amount': 8999.0, 'order_quantity': 1}, {'product_name': '乐事原味薯片 150g', 'order_amount': 8999.0, 'order_quantity': 1}, {'product_name': '蒙牛纯牛奶 250ml*12', 'order_amount': 8999.0, 'order_quantity': 1}, {'product_name': '雀巢金牌速溶咖啡', 'order_amount': 8999.0, 'order_quantity': 1}, {'product_name': '李维斯 501 牛仔裤', 'order_amount': 8999.0, 'order_quantity': 1}, {'product_name': '优衣库 Heattech 保暖夹克', 'order_amount': 8999.0, 'order_quantity': 1}, {'product_name': '阿迪达斯 Ultraboost 跑鞋', 'order_amount': 8999.0, 'order_quantity': 1}, {'product_name': '耐克 Air Max 270 运动鞋', 'order_amount': 8999.0, 'order_quantity': 1}, {'product_name': '美的空调 KFR-35GW', 'order_amount': 8999.0, 'order_quantity': 1}, {'product_name': '戴森 V15 吸尘器', 'order_amount': 8999.0, 'order_quantity': 1}, {'product_name': 'Mate 60 Pro', 'order_amount': 8999.0, 'order_quantity': 1}, {'product_name': 'Galaxy S24 Ultra', 'order_amount': 8999.0, 'order_quantity': 1}, {'product_name': 'iPhone 15 Pro', 'order_amount': 8999.0, 'order_quantity': 1}, {'product_name': 'Instant Pot 多功能电压力锅', 'order_amount': 150.0, 'order_quantity': 6}, {'product_name': 'Kindle Paperwhite 电子书', 'order_amount': 150.0, 'order_quantity': 6}, {'product_name': '奥利奥巧克力夹心饼干', 'order_amount': 150.0, 'order_quantity': 6}, {'product_name': '乐事原味薯片 150g', 'order_amount': 150.0, 'order_quantity': 6}, {'product_name': '蒙牛纯牛奶 250ml*12', 'order_amount': 150.0, 'order_quantity': 6}, {'product_name': '雀巢金牌速溶咖啡', 'order_amount': 150.0, 'order_quantity': 6}, {'product_name': '李维斯 501 牛仔裤', 'order_amount': 150.0, 'order_quantity': 6}, {'product_name': '优衣库 Heattech 保暖夹克', 'order_amount': 150.0, 'order_quantity': 6}, {'product_name': '阿迪达斯 Ultraboost 跑鞋', 'order_amount': 150.0, 'order_quantity': 6}, {'product_name': '耐克 Air Max 270 运动鞋', 'order_amount': 150.0, 'order_quantity': 6}, {'product_name': '美的空调 KFR-35GW', 'order_amount': 150.0, 'order_quantity': 6}, {'product_name': '戴森 V15 吸尘器', 'order_amount': 150.0, 'order_quantity': 6}, {'product_name': 'Mate 60 Pro', 'order_amount': 150.0, 'order_quantity': 6}, {'product_name': 'Galaxy S24 Ultra', 'order_amount': 150.0, 'order_quantity': 6}, {'product_name': 'iPhone 15 Pro', 'order_amount': 150.0, 'order_quantity': 6}, {'product_name': 'Instant Pot 多功能电压力锅', 'order_amount': 6999.0, 'order_quantity': 1}, {'product_name': 'Kindle Paperwhite 电子书', 'order_amount': 6999.0, 'order_quantity': 1}, {'product_name': '奥利奥巧克力夹心饼干', 'order_amount': 6999.0, 'order_quantity': 1}, {'product_name': '乐事原味薯片 150g', 'order_amount': 6999.0, 'order_quantity': 1}, {'product_name': '蒙牛纯牛奶 250ml*12', 'order_amount': 6999.0, 'order_quantity': 1}, {'product_name': '雀巢金牌速溶咖啡', 'order_amount': 6999.0, 'order_quantity': 1}, {'product_name': '李维斯 501 牛仔裤', 'order_amount': 6999.0, 'order_quantity': 1}, {'product_name': '优衣库 Heattech 保暖夹克', 'order_amount': 6999.0, 'order_quantity': 1}, {'product_name': '阿迪达斯 Ultraboost 跑鞋', 'order_amount': 6999.0, 'order_quantity': 1}, {'product_name': '耐克 Air Max 270 运动鞋', 'order_amount': 6999.0, 'order_quantity': 1}, {'product_name': '美的空调 KFR-35GW', 'order_amount': 6999.0, 'order_quantity': 1}, {'product_name': '戴森 V15 吸尘器', 'order_amount': 6999.0, 'order_quantity': 1}, {'product_name': 'Mate 60 Pro', 'order_amount': 6999.0, 'order_quantity': 1}, {'product_name': 'Galaxy S24 Ultra', 'order_amount': 6999.0, 'order_quantity': 1}, {'product_name': 'iPhone 15 Pro', 'order_amount': 6999.0, 'order_quantity': 1}, {'product_name': 'Instant Pot 多功能电压力锅', 'order_amount': 50.0, 'order_quantity': 10}, {'product_name': 'Kindle Paperwhite 电子书', 'order_amount': 50.0, 'order_quantity': 10}, {'product_name': '奥利奥巧克力夹心饼干', 'order_amount': 50.0, 'order_quantity': 10}, {'product_name': '乐事原味薯片 150g', 'order_amount': 50.0, 'order_quantity': 10}, {'product_name': '蒙牛纯牛奶 250ml*12', 'order_amount': 50.0, 'order_quantity': 10}, {'product_name': '雀巢金牌速溶咖啡', 'order_amount': 50.0, 'order_quantity': 10}, {'product_name': '李维斯 501 牛仔裤', 'order_amount': 50.0, 'order_quantity': 10}, {'product_name': '优衣库 Heattech 保暖夹克', 'order_amount': 50.0, 'order_quantity': 10}, {'product_name': '阿迪达斯 Ultraboost 跑鞋', 'order_amount': 50.0, 'order_quantity': 10}, {'product_name': '耐克 Air Max 270 运动鞋', 'order_amount': 50.0, 'order_quantity': 10}, {'product_name': '美的空调 KFR-35GW', 'order_amount': 50.0, 'order_quantity': 10}, {'product_name': '戴森 V15 吸尘器', 'order_amount': 50.0, 'order_quantity': 10}, {'product_name': 'Mate 60 Pro', 'order_amount': 50.0, 'order_quantity': 10}, {'product_name': 'Galaxy S24 Ultra', 'order_amount': 50.0, 'order_quantity': 10}, {'product_name': 'iPhone 15 Pro', 'order_amount': 50.0, 'order_quantity': 10}, {'product_name': 'Instant Pot 多功能电压力锅', 'order_amount': 6999.0, 'order_quantity': 1}, {'product_name': 'Kindle Paperwhite 电子书', 'order_amount': 6999.0, 'order_quantity': 1}, {'product_name': '奥利奥巧克力夹心饼干', 'order_amount': 6999.0, 'order_quantity': 1}, {'product_name': '乐事原味薯片 150g', 'order_amount': 6999.0, 'order_quantity': 1}, {'product_name': '蒙牛纯牛奶 250ml*12', 'order_amount': 6999.0, 'order_quantity': 1}, {'product_name': '雀巢金牌速溶咖啡', 'order_amount': 6999.0, 'order_quantity': 1}, {'product_name': '李维斯 501 牛仔裤', 'order_amount': 6999.0, 'order_quantity': 1}, {'product_name': '优衣库 Heattech 保暖夹克', 'order_amount': 6999.0, 'order_quantity': 1}, {'product_name': '阿迪达斯 Ultraboost 跑鞋', 'order_amount': 6999.0, 'order_quantity': 1}, {'product_name': '耐克 Air Max 270 运动鞋', 'order_amount': 6999.0, 'order_quantity': 1}, {'product_name': '美的空调 KFR-35GW', 'order_amount': 6999.0, 'order_quantity': 1}, {'product_name': '戴森 V15 吸尘器', 'order_amount': 6999.0, 'order_quantity': 1}, {'product_name': 'Mate 60 Pro', 'order_amount': 6999.0, 'order_quantity': 1}, {'product_name': 'Galaxy S24 Ultra', 'order_amount': 6999.0, 'order_quantity': 1}, {'product_name': 'iPhone 15 Pro', 'order_amount': 6999.0, 'order_quantity': 1}, {'product_name': 'Instant Pot 多功能电压力锅', 'order_amount': 75.0, 'order_quantity': 15}, {'product_name': 'Kindle Paperwhite 电子书', 'order_amount': 75.0, 'order_quantity': 15}, {'product_name': '奥利奥巧克力夹心饼干', 'order_amount': 75.0, 'order_quantity': 15}, {'product_name': '乐事原味薯片 150g', 'order_amount': 75.0, 'order_quantity': 15}, {'product_name': '蒙牛纯牛奶 250ml*12', 'order_amount': 75.0, 'order_quantity': 15}, {'product_name': '雀巢金牌速溶咖啡', 'order_amount': 75.0, 'order_quantity': 15}, {'product_name': '李维斯 501 牛仔裤', 'order_amount': 75.0, 'order_quantity': 15}, {'product_name': '优衣库 Heattech 保暖夹克', 'order_amount': 75.0, 'order_quantity': 15}, {'product_name': '阿迪达斯 Ultraboost 跑鞋', 'order_amount': 75.0, 'order_quantity': 15}, {'product_name': '耐克 Air Max 270 运动鞋', 'order_amount': 75.0, 'order_quantity': 15}, {'product_name': '美的空调 KFR-35GW', 'order_amount': 75.0, 'order_quantity': 15}, {'product_name': '戴森 V15 吸尘器', 'order_amount': 75.0, 'order_quantity': 15}, {'product_name': 'Mate 60 Pro', 'order_amount': 75.0, 'order_quantity': 15}, {'product_name': 'Galaxy S24 Ultra', 'order_amount': 75.0, 'order_quantity': 15}, {'product_name': 'iPhone 15 Pro', 'order_amount': 75.0, 'order_quantity': 15}, {'product_name': 'Instant Pot 多功能电压力锅', 'order_amount': 899.0, 'order_quantity': 1}, {'product_name': 'Kindle Paperwhite 电子书', 'order_amount': 899.0, 'order_quantity': 1}, {'product_name': '奥利奥巧克力夹心饼干', 'order_amount': 899.0, 'order_quantity': 1}, {'product_name': '乐事原味薯片 150g', 'order_amount': 899.0, 'order_quantity': 1}, {'product_name': '蒙牛纯牛奶 250ml*12', 'order_amount': 899.0, 'order_quantity': 1}, {'product_name': '雀巢金牌速溶咖啡', 'order_amount': 899.0, 'order_quantity': 1}, {'product_name': '李维斯 501 牛仔裤', 'order_amount': 899.0, 'order_quantity': 1}, {'product_name': '优衣库 Heattech 保暖夹克', 'order_amount': 899.0, 'order_quantity': 1}, {'product_name': '阿迪达斯 Ultraboost 跑鞋', 'order_amount': 899.0, 'order_quantity': 1}, {'product_name': '耐克 Air Max 270 运动鞋', 'order_amount': 899.0, 'order_quantity': 1}, {'product_name': '美的空调 KFR-35GW', 'order_amount': 899.0, 'order_quantity': 1}, {'product_name': '戴森 V15 吸尘器', 'order_amount': 899.0, 'order_quantity': 1}, {'product_name': 'Mate 60 Pro', 'order_amount': 899.0, 'order_quantity': 1}, {'product_name': 'Galaxy S24 Ultra', 'order_amount': 899.0, 'order_quantity': 1}, {'product_name': 'iPhone 15 Pro', 'order_amount': 899.0, 'order_quantity': 1}, {'product_name': 'Instant Pot 多功能电压力锅', 'order_amount': 1399.0, 'order_quantity': 1}, {'product_name': 'Kindle Paperwhite 电子书', 'order_amount': 1399.0, 'order_quantity': 1}, {'product_name': '奥利奥巧克力夹心饼干', 'order_amount': 1399.0, 'order_quantity': 1}, {'product_name': '乐事原味薯片 150g', 'order_amount': 1399.0, 'order_quantity': 1}, {'product_name': '蒙牛纯牛奶 250ml*12', 'order_amount': 1399.0, 'order_quantity': 1}, {'product_name': '雀巢金牌速溶咖啡', 'order_amount': 1399.0, 'order_quantity': 1}, {'product_name': '李维斯 501 牛仔裤', 'order_amount': 1399.0, 'order_quantity': 1}, {'product_name': '优衣库 Heattech 保暖夹克', 'order_amount': 1399.0, 'order_quantity': 1}, {'product_name': '阿迪达斯 Ultraboost 跑鞋', 'order_amount': 1399.0, 'order_quantity': 1}, {'product_name': '耐克 Air Max 270 运动鞋', 'order_amount': 1399.0, 'order_quantity': 1}, {'product_name': '美的空调 KFR-35GW', 'order_amount': 1399.0, 'order_quantity': 1}, {'product_name': '戴森 V15 吸尘器', 'order_amount': 1399.0, 'order_quantity': 1}, {'product_name': 'Mate 60 Pro', 'order_amount': 1399.0, 'order_quantity': 1}, {'product_name': 'Galaxy S24 Ultra', 'order_amount': 1399.0, 'order_quantity': 1}, {'product_name': 'iPhone 15 Pro', 'order_amount': 1399.0, 'order_quantity': 1}, {'product_name': 'Instant Pot 多功能电压力锅', 'order_amount': 398.0, 'order_quantity': 2}, {'product_name': 'Kindle Paperwhite 电子书', 'order_amount': 398.0, 'order_quantity': 2}, {'product_name': '奥利奥巧克力夹心饼干', 'order_amount': 398.0, 'order_quantity': 2}, {'product_name': '乐事原味薯片 150g', 'order_amount': 398.0, 'order_quantity': 2}, {'product_name': '蒙牛纯牛奶 250ml*12', 'order_amount': 398.0, 'order_quantity': 2}, {'product_name': '雀巢金牌速溶咖啡', 'order_amount': 398.0, 'order_quantity': 2}, {'product_name': '李维斯 501 牛仔裤', 'order_amount': 398.0, 'order_quantity': 2}, {'product_name': '优衣库 Heattech 保暖夹克', 'order_amount': 398.0, 'order_quantity': 2}, {'product_name': '阿迪达斯 Ultraboost 跑鞋', 'order_amount': 398.0, 'order_quantity': 2}, {'product_name': '耐克 Air Max 270 运动鞋', 'order_amount': 398.0, 'order_quantity': 2}, {'product_name': '美的空调 KFR-35GW', 'order_amount': 398.0, 'order_quantity': 2}, {'product_name': '戴森 V15 吸尘器', 'order_amount': 398.0, 'order_quantity': 2}, {'product_name': 'Mate 60 Pro', 'order_amount': 398.0, 'order_quantity': 2}, {'product_name': 'Galaxy S24 Ultra', 'order_amount': 398.0, 'order_quantity': 2}, {'product_name': 'iPhone 15 Pro', 'order_amount': 398.0, 'order_quantity': 2}, {'product_name': 'Instant Pot 多功能电压力锅', 'order_amount': 9499.0, 'order_quantity': 1}, {'product_name': 'Kindle Paperwhite 电子书', 'order_amount': 9499.0, 'order_quantity': 1}, {'product_name': '奥利奥巧克力夹心饼干', 'order_amount': 9499.0, 'order_quantity': 1}, {'product_name': '乐事原味薯片 150g', 'order_amount': 9499.0, 'order_quantity': 1}, {'product_name': '蒙牛纯牛奶 250ml*12', 'order_amount': 9499.0, 'order_quantity': 1}, {'product_name': '雀巢金牌速溶咖啡', 'order_amount': 9499.0, 'order_quantity': 1}, {'product_name': '李维斯 501 牛仔裤', 'order_amount': 9499.0, 'order_quantity': 1}, {'product_name': '优衣库 Heattech 保暖夹克', 'order_amount': 9499.0, 'order_quantity': 1}, {'product_name': '阿迪达斯 Ultraboost 跑鞋', 'order_amount': 9499.0, 'order_quantity': 1}, {'product_name': '耐克 Air Max 270 运动鞋', 'order_amount': 9499.0, 'order_quantity': 1}, {'product_name': '美的空调 KFR-35GW', 'order_amount': 9499.0, 'order_quantity': 1}, {'product_name': '戴森 V15 吸尘器', 'order_amount': 9499.0, 'order_quantity': 1}, {'product_name': 'Mate 60 Pro', 'order_amount': 9499.0, 'order_quantity': 1}, {'product_name': 'Galaxy S24 Ultra', 'order_amount': 9499.0, 'order_quantity': 1}, {'product_name': 'iPhone 15 Pro', 'order_amount': 9499.0, 'order_quantity': 1}, {'product_name': 'Instant Pot 多功能电压力锅', 'order_amount': 90.0, 'order_quantity': 18}, {'product_name': 'Kindle Paperwhite 电子书', 'order_amount': 90.0, 'order_quantity': 18}, {'product_name': '奥利奥巧克力夹心饼干', 'order_amount': 90.0, 'order_quantity': 18}, {'product_name': '乐事原味薯片 150g', 'order_amount': 90.0, 'order_quantity': 18}, {'product_name': '蒙牛纯牛奶 250ml*12', 'order_amount': 90.0, 'order_quantity': 18}, {'product_name': '雀巢金牌速溶咖啡', 'order_amount': 90.0, 'order_quantity': 18}, {'product_name': '李维斯 501 牛仔裤', 'order_amount': 90.0, 'order_quantity': 18}, {'product_name': '优衣库 Heattech 保暖夹克', 'order_amount': 90.0, 'order_quantity': 18}, {'product_name': '阿迪达斯 Ultraboost 跑鞋', 'order_amount': 90.0, 'order_quantity': 18}, {'product_name': '耐克 Air Max 270 运动鞋', 'order_amount': 90.0, 'order_quantity': 18}, {'product_name': '美的空调 KFR-35GW', 'order_amount': 90.0, 'order_quantity': 18}, {'product_name': '戴森 V15 吸尘器', 'order_amount': 90.0, 'order_quantity': 18}, {'product_name': 'Mate 60 Pro', 'order_amount': 90.0, 'order_quantity': 18}, {'product_name': 'Galaxy S24 Ultra', 'order_amount': 90.0, 'order_quantity': 18}, {'product_name': 'iPhone 15 Pro', 'order_amount': 90.0, 'order_quantity': 18}, {'product_name': 'Instant Pot 多功能电压力锅', 'order_amount': 38.5, 'order_quantity': 11}, {'product_name': 'Kindle Paperwhite 电子书', 'order_amount': 38.5, 'order_quantity': 11}, {'product_name': '奥利奥巧克力夹心饼干', 'order_amount': 38.5, 'order_quantity': 11}, {'product_name': '乐事原味薯片 150g', 'order_amount': 38.5, 'order_quantity': 11}, {'product_name': '蒙牛纯牛奶 250ml*12', 'order_amount': 38.5, 'order_quantity': 11}, {'product_name': '雀巢金牌速溶咖啡', 'order_amount': 38.5, 'order_quantity': 11}, {'product_name': '李维斯 501 牛仔裤', 'order_amount': 38.5, 'order_quantity': 11}, {'product_name': '优衣库 Heattech 保暖夹克', 'order_amount': 38.5, 'order_quantity': 11}, {'product_name': '阿迪达斯 Ultraboost 跑鞋', 'order_amount': 38.5, 'order_quantity': 11}, {'product_name': '耐克 Air Max 270 运动鞋', 'order_amount': 38.5, 'order_quantity': 11}, {'product_name': '美的空调 KFR-35GW', 'order_amount': 38.5, 'order_quantity': 11}, {'product_name': '戴森 V15 吸尘器', 'order_amount': 38.5, 'order_quantity': 11}, {'product_name': 'Mate 60 Pro', 'order_amount': 38.5, 'order_quantity': 11}, {'product_name': 'Galaxy S24 Ultra', 'order_amount': 38.5, 'order_quantity': 11}, {'product_name': 'iPhone 15 Pro', 'order_amount': 38.5, 'order_quantity': 11}, {'product_name': 'Instant Pot 多功能电压力锅', 'order_amount': 3200.0, 'order_quantity': 1}, {'product_name': 'Kindle Paperwhite 电子书', 'order_amount': 3200.0, 'order_quantity': 1}, {'product_name': '奥利奥巧克力夹心饼干', 'order_amount': 3200.0, 'order_quantity': 1}, {'product_name': '乐事原味薯片 150g', 'order_amount': 3200.0, 'order_quantity': 1}, {'product_name': '蒙牛纯牛奶 250ml*12', 'order_amount': 3200.0, 'order_quantity': 1}, {'product_name': '雀巢金牌速溶咖啡', 'order_amount': 3200.0, 'order_quantity': 1}, {'product_name': '李维斯 501 牛仔裤', 'order_amount': 3200.0, 'order_quantity': 1}, {'product_name': '优衣库 Heattech 保暖夹克', 'order_amount': 3200.0, 'order_quantity': 1}, {'product_name': '阿迪达斯 Ultraboost 跑鞋', 'order_amount': 3200.0, 'order_quantity': 1}, {'product_name': '耐克 Air Max 270 运动鞋', 'order_amount': 3200.0, 'order_quantity': 1}, {'product_name': '美的空调 KFR-35GW', 'order_amount': 3200.0, 'order_quantity': 1}, {'product_name': '戴森 V15 吸尘器', 'order_amount': 3200.0, 'order_quantity': 1}, {'product_name': 'Mate 60 Pro', 'order_amount': 3200.0, 'order_quantity': 1}, {'product_name': 'Galaxy S24 Ultra', 'order_amount': 3200.0, 'order_quantity': 1}, {'product_name': 'iPhone 15 Pro', 'order_amount': 3200.0, 'order_quantity': 1}, {'product_name': 'Instant Pot 多功能电压力锅', 'order_amount': 599.0, 'order_quantity': 1}, {'product_name': 'Kindle Paperwhite 电子书', 'order_amount': 599.0, 'order_quantity': 1}, {'product_name': '奥利奥巧克力夹心饼干', 'order_amount': 599.0, 'order_quantity': 1}, {'product_name': '乐事原味薯片 150g', 'order_amount': 599.0, 'order_quantity': 1}, {'product_name': '蒙牛纯牛奶 250ml*12', 'order_amount': 599.0, 'order_quantity': 1}, {'product_name': '雀巢金牌速溶咖啡', 'order_amount': 599.0, 'order_quantity': 1}, {'product_name': '李维斯 501 牛仔裤', 'order_amount': 599.0, 'order_quantity': 1}, {'product_name': '优衣库 Heattech 保暖夹克', 'order_amount': 599.0, 'order_quantity': 1}, {'product_name': '阿迪达斯 Ultraboost 跑鞋', 'order_amount': 599.0, 'order_quantity': 1}, {'product_name': '耐克 Air Max 270 运动鞋', 'order_amount': 599.0, 'order_quantity': 1}, {'product_name': '美的空调 KFR-35GW', 'order_amount': 599.0, 'order_quantity': 1}, {'product_name': '戴森 V15 吸尘器', 'order_amount': 599.0, 'order_quantity': 1}, {'product_name': 'Mate 60 Pro', 'order_amount': 599.0, 'order_quantity': 1}, {'product_name': 'Galaxy S24 Ultra', 'order_amount': 599.0, 'order_quantity': 1}, {'product_name': 'iPhone 15 Pro', 'order_amount': 599.0, 'order_quantity': 1}, {'product_name': 'Instant Pot 多功能电压力锅', 'order_amount': 1299.0, 'order_quantity': 1}, {'product_name': 'Kindle Paperwhite 电子书', 'order_amount': 1299.0, 'order_quantity': 1}, {'product_name': '奥利奥巧克力夹心饼干', 'order_amount': 1299.0, 'order_quantity': 1}, {'product_name': '乐事原味薯片 150g', 'order_amount': 1299.0, 'order_quantity': 1}, {'product_name': '蒙牛纯牛奶 250ml*12', 'order_amount': 1299.0, 'order_quantity': 1}, {'product_name': '雀巢金牌速溶咖啡', 'order_amount': 1299.0, 'order_quantity': 1}, {'product_name': '李维斯 501 牛仔裤', 'order_amount': 1299.0, 'order_quantity': 1}, {'product_name': '优衣库 Heattech 保暖夹克', 'order_amount': 1299.0, 'order_quantity': 1}, {'product_name': '阿迪达斯 Ultraboost 跑鞋', 'order_amount': 1299.0, 'order_quantity': 1}, {'product_name': '耐克 Air Max 270 运动鞋', 'order_amount': 1299.0, 'order_quantity': 1}, {'product_name': '美的空调 KFR-35GW', 'order_amount': 1299.0, 'order_quantity': 1}, {'product_name': '戴森 V15 吸尘器', 'order_amount': 1299.0, 'order_quantity': 1}, {'product_name': 'Mate 60 Pro', 'order_amount': 1299.0, 'order_quantity': 1}, {'product_name': 'Galaxy S24 Ultra', 'order_amount': 1299.0, 'order_quantity': 1}, {'product_name': 'iPhone 15 Pro', 'order_amount': 1299.0, 'order_quantity': 1}, {'product_name': 'Instant Pot 多功能电压力锅', 'order_amount': 5499.0, 'order_quantity': 1}, {'product_name': 'Kindle Paperwhite 电子书', 'order_amount': 5499.0, 'order_quantity': 1}, {'product_name': '奥利奥巧克力夹心饼干', 'order_amount': 5499.0, 'order_quantity': 1}, {'product_name': '乐事原味薯片 150g', 'order_amount': 5499.0, 'order_quantity': 1}, {'product_name': '蒙牛纯牛奶 250ml*12', 'order_amount': 5499.0, 'order_quantity': 1}, {'product_name': '雀巢金牌速溶咖啡', 'order_amount': 5499.0, 'order_quantity': 1}, {'product_name': '李维斯 501 牛仔裤', 'order_amount': 5499.0, 'order_quantity': 1}, {'product_name': '优衣库 Heattech 保暖夹克', 'order_amount': 5499.0, 'order_quantity': 1}, {'product_name': '阿迪达斯 Ultraboost 跑鞋', 'order_amount': 5499.0, 'order_quantity': 1}, {'product_name': '耐克 Air Max 270 运动鞋', 'order_amount': 5499.0, 'order_quantity': 1}, {'product_name': '美的空调 KFR-35GW', 'order_amount': 5499.0, 'order_quantity': 1}, {'product_name': '戴森 V15 吸尘器', 'order_amount': 5499.0, 'order_quantity': 1}, {'product_name': 'Mate 60 Pro', 'order_amount': 5499.0, 'order_quantity': 1}, {'product_name': 'Galaxy S24 Ultra', 'order_amount': 5499.0, 'order_quantity': 1}, {'product_name': 'iPhone 15 Pro', 'order_amount': 5499.0, 'order_quantity': 1}, {'product_name': 'Instant Pot 多功能电压力锅', 'order_amount': 899.0, 'order_quantity': 1}, {'product_name': 'Kindle Paperwhite 电子书', 'order_amount': 899.0, 'order_quantity': 1}, {'product_name': '奥利奥巧克力夹心饼干', 'order_amount': 899.0, 'order_quantity': 1}, {'product_name': '乐事原味薯片 150g', 'order_amount': 899.0, 'order_quantity': 1}, {'product_name': '蒙牛纯牛奶 250ml*12', 'order_amount': 899.0, 'order_quantity': 1}, {'product_name': '雀巢金牌速溶咖啡', 'order_amount': 899.0, 'order_quantity': 1}, {'product_name': '李维斯 501 牛仔裤', 'order_amount': 899.0, 'order_quantity': 1}, {'product_name': '优衣库 Heattech 保暖夹克', 'order_amount': 899.0, 'order_quantity': 1}, {'product_name': '阿迪达斯 Ultraboost 跑鞋', 'order_amount': 899.0, 'order_quantity': 1}, {'product_name': '耐克 Air Max 270 运动鞋', 'order_amount': 899.0, 'order_quantity': 1}, {'product_name': '美的空调 KFR-35GW', 'order_amount': 899.0, 'order_quantity': 1}, {'product_name': '戴森 V15 吸尘器', 'order_amount': 899.0, 'order_quantity': 1}, {'product_name': 'Mate 60 Pro', 'order_amount': 899.0, 'order_quantity': 1}, {'product_name': 'Galaxy S24 Ultra', 'order_amount': 899.0, 'order_quantity': 1}, {'product_name': 'iPhone 15 Pro', 'order_amount': 899.0, 'order_quantity': 1}, {'product_name': 'Instant Pot 多功能电压力锅', 'order_amount': 8999.0, 'order_quantity': 1}, {'product_name': 'Kindle Paperwhite 电子书', 'order_amount': 8999.0, 'order_quantity': 1}, {'product_name': '奥利奥巧克力夹心饼干', 'order_amount': 8999.0, 'order_quantity': 1}, {'product_name': '乐事原味薯片 150g', 'order_amount': 8999.0, 'order_quantity': 1}, {'product_name': '蒙牛纯牛奶 250ml*12', 'order_amount': 8999.0, 'order_quantity': 1}, {'product_name': '雀巢金牌速溶咖啡', 'order_amount': 8999.0, 'order_quantity': 1}, {'product_name': '李维斯 501 牛仔裤', 'order_amount': 8999.0, 'order_quantity': 1}, {'product_name': '优衣库 Heattech 保暖夹克', 'order_amount': 8999.0, 'order_quantity': 1}, {'product_name': '阿迪达斯 Ultraboost 跑鞋', 'order_amount': 8999.0, 'order_quantity': 1}, {'product_name': '耐克 Air Max 270 运动鞋', 'order_amount': 8999.0, 'order_quantity': 1}, {'product_name': '美的空调 KFR-35GW', 'order_amount': 8999.0, 'order_quantity': 1}, {'product_name': '戴森 V15 吸尘器', 'order_amount': 8999.0, 'order_quantity': 1}, {'product_name': 'Mate 60 Pro', 'order_amount': 8999.0, 'order_quantity': 1}, {'product_name': 'Galaxy S24 Ultra', 'order_amount': 8999.0, 'order_quantity': 1}, {'product_name': 'iPhone 15 Pro', 'order_amount': 8999.0, 'order_quantity': 1}, {'product_name': 'Instant Pot 多功能电压力锅', 'order_amount': 125.0, 'order_quantity': 5}, {'product_name': 'Kindle Paperwhite 电子书', 'order_amount': 125.0, 'order_quantity': 5}, {'product_name': '奥利奥巧克力夹心饼干', 'order_amount': 125.0, 'order_quantity': 5}, {'product_name': '乐事原味薯片 150g', 'order_amount': 125.0, 'order_quantity': 5}, {'product_name': '蒙牛纯牛奶 250ml*12', 'order_amount': 125.0, 'order_quantity': 5}, {'product_name': '雀巢金牌速溶咖啡', 'order_amount': 125.0, 'order_quantity': 5}, {'product_name': '李维斯 501 牛仔裤', 'order_amount': 125.0, 'order_quantity': 5}, {'product_name': '优衣库 Heattech 保暖夹克', 'order_amount': 125.0, 'order_quantity': 5}, {'product_name': '阿迪达斯 Ultraboost 跑鞋', 'order_amount': 125.0, 'order_quantity': 5}, {'product_name': '耐克 Air Max 270 运动鞋', 'order_amount': 125.0, 'order_quantity': 5}, {'product_name': '美的空调 KFR-35GW', 'order_amount': 125.0, 'order_quantity': 5}, {'product_name': '戴森 V15 吸尘器', 'order_amount': 125.0, 'order_quantity': 5}, {'product_name': 'Mate 60 Pro', 'order_amount': 125.0, 'order_quantity': 5}, {'product_name': 'Galaxy S24 Ultra', 'order_amount': 125.0, 'order_quantity': 5}, {'product_name': 'iPhone 15 Pro', 'order_amount': 125.0, 'order_quantity': 5}, {'product_name': 'Instant Pot 多功能电压力锅', 'order_amount': 70.0, 'order_quantity': 14}, {'product_name': 'Kindle Paperwhite 电子书', 'order_amount': 70.0, 'order_quantity': 14}, {'product_name': '奥利奥巧克力夹心饼干', 'order_amount': 70.0, 'order_quantity': 14}, {'product_name': '乐事原味薯片 150g', 'order_amount': 70.0, 'order_quantity': 14}, {'product_name': '蒙牛纯牛奶 250ml*12', 'order_amount': 70.0, 'order_quantity': 14}, {'product_name': '雀巢金牌速溶咖啡', 'order_amount': 70.0, 'order_quantity': 14}, {'product_name': '李维斯 501 牛仔裤', 'order_amount': 70.0, 'order_quantity': 14}, {'product_name': '优衣库 Heattech 保暖夹克', 'order_amount': 70.0, 'order_quantity': 14}, {'product_name': '阿迪达斯 Ultraboost 跑鞋', 'order_amount': 70.0, 'order_quantity': 14}, {'product_name': '耐克 Air Max 270 运动鞋', 'order_amount': 70.0, 'order_quantity': 14}, {'product_name': '美的空调 KFR-35GW', 'order_amount': 70.0, 'order_quantity': 14}, {'product_name': '戴森 V15 吸尘器', 'order_amount': 70.0, 'order_quantity': 14}, {'product_name': 'Mate 60 Pro', 'order_amount': 70.0, 'order_quantity': 14}, {'product_name': 'Galaxy S24 Ultra', 'order_amount': 70.0, 'order_quantity': 14}, {'product_name': 'iPhone 15 Pro', 'order_amount': 70.0, 'order_quantity': 14}, {'product_name': 'Instant Pot 多功能电压力锅', 'order_amount': 6999.0, 'order_quantity': 1}, {'product_name': 'Kindle Paperwhite 电子书', 'order_amount': 6999.0, 'order_quantity': 1}, {'product_name': '奥利奥巧克力夹心饼干', 'order_amount': 6999.0, 'order_quantity': 1}, {'product_name': '乐事原味薯片 150g', 'order_amount': 6999.0, 'order_quantity': 1}, {'product_name': '蒙牛纯牛奶 250ml*12', 'order_amount': 6999.0, 'order_quantity': 1}, {'product_name': '雀巢金牌速溶咖啡', 'order_amount': 6999.0, 'order_quantity': 1}, {'product_name': '李维斯 501 牛仔裤', 'order_amount': 6999.0, 'order_quantity': 1}, {'product_name': '优衣库 Heattech 保暖夹克', 'order_amount': 6999.0, 'order_quantity': 1}, {'product_name': '阿迪达斯 Ultraboost 跑鞋', 'order_amount': 6999.0, 'order_quantity': 1}, {'product_name': '耐克 Air Max 270 运动鞋', 'order_amount': 6999.0, 'order_quantity': 1}, {'product_name': '美的空调 KFR-35GW', 'order_amount': 6999.0, 'order_quantity': 1}, {'product_name': '戴森 V15 吸尘器', 'order_amount': 6999.0, 'order_quantity': 1}, {'product_name': 'Mate 60 Pro', 'order_amount': 6999.0, 'order_quantity': 1}, {'product_name': 'Galaxy S24 Ultra', 'order_amount': 6999.0, 'order_quantity': 1}, {'product_name': 'iPhone 15 Pro', 'order_amount': 6999.0, 'order_quantity': 1}, {'product_name': 'Instant Pot 多功能电压力锅', 'order_amount': 150.0, 'order_quantity': 30}, {'product_name': 'Kindle Paperwhite 电子书', 'order_amount': 150.0, 'order_quantity': 30}, {'product_name': '奥利奥巧克力夹心饼干', 'order_amount': 150.0, 'order_quantity': 30}, {'product_name': '乐事原味薯片 150g', 'order_amount': 150.0, 'order_quantity': 30}, {'product_name': '蒙牛纯牛奶 250ml*12', 'order_amount': 150.0, 'order_quantity': 30}, {'product_name': '雀巢金牌速溶咖啡', 'order_amount': 150.0, 'order_quantity': 30}, {'product_name': '李维斯 501 牛仔裤', 'order_amount': 150.0, 'order_quantity': 30}, {'product_name': '优衣库 Heattech 保暖夹克', 'order_amount': 150.0, 'order_quantity': 30}, {'product_name': '阿迪达斯 Ultraboost 跑鞋', 'order_amount': 150.0, 'order_quantity': 30}, {'product_name': '耐克 Air Max 270 运动鞋', 'order_amount': 150.0, 'order_quantity': 30}, {'product_name': '美的空调 KFR-35GW', 'order_amount': 150.0, 'order_quantity': 30}, {'product_name': '戴森 V15 吸尘器', 'order_amount': 150.0, 'order_quantity': 30}, {'product_name': 'Mate 60 Pro', 'order_amount': 150.0, 'order_quantity': 30}, {'product_name': 'Galaxy S24 Ultra', 'order_amount': 150.0, 'order_quantity': 30}, {'product_name': 'iPhone 15 Pro', 'order_amount': 150.0, 'order_quantity': 30}, {'product_name': 'Instant Pot 多功能电压力锅', 'order_amount': 45.0, 'order_quantity': 9}, {'product_name': 'Kindle Paperwhite 电子书', 'order_amount': 45.0, 'order_quantity': 9}, {'product_name': '奥利奥巧克力夹心饼干', 'order_amount': 45.0, 'order_quantity': 9}, {'product_name': '乐事原味薯片 150g', 'order_amount': 45.0, 'order_quantity': 9}, {'product_name': '蒙牛纯牛奶 250ml*12', 'order_amount': 45.0, 'order_quantity': 9}, {'product_name': '雀巢金牌速溶咖啡', 'order_amount': 45.0, 'order_quantity': 9}, {'product_name': '李维斯 501 牛仔裤', 'order_amount': 45.0, 'order_quantity': 9}, {'product_name': '优衣库 Heattech 保暖夹克', 'order_amount': 45.0, 'order_quantity': 9}, {'product_name': '阿迪达斯 Ultraboost 跑鞋', 'order_amount': 45.0, 'order_quantity': 9}, {'product_name': '耐克 Air Max 270 运动鞋', 'order_amount': 45.0, 'order_quantity': 9}, {'product_name': '美的空调 KFR-35GW', 'order_amount': 45.0, 'order_quantity': 9}, {'product_name': '戴森 V15 吸尘器', 'order_amount': 45.0, 'order_quantity': 9}, {'product_name': 'Mate 60 Pro', 'order_amount': 45.0, 'order_quantity': 9}, {'product_name': 'Galaxy S24 Ultra', 'order_amount': 45.0, 'order_quantity': 9}, {'product_name': 'iPhone 15 Pro', 'order_amount': 45.0, 'order_quantity': 9}, {'product_name': 'Instant Pot 多功能电压力锅', 'order_amount': 50.0, 'order_quantity': 10}, {'product_name': 'Kindle Paperwhite 电子书', 'order_amount': 50.0, 'order_quantity': 10}, {'product_name': '奥利奥巧克力夹心饼干', 'order_amount': 50.0, 'order_quantity': 10}, {'product_name': '乐事原味薯片 150g', 'order_amount': 50.0, 'order_quantity': 10}, {'product_name': '蒙牛纯牛奶 250ml*12', 'order_amount': 50.0, 'order_quantity': 10}, {'product_name': '雀巢金牌速溶咖啡', 'order_amount': 50.0, 'order_quantity': 10}, {'product_name': '李维斯 501 牛仔裤', 'order_amount': 50.0, 'order_quantity': 10}, {'product_name': '优衣库 Heattech 保暖夹克', 'order_amount': 50.0, 'order_quantity': 10}, {'product_name': '阿迪达斯 Ultraboost 跑鞋', 'order_amount': 50.0, 'order_quantity': 10}, {'product_name': '耐克 Air Max 270 运动鞋', 'order_amount': 50.0, 'order_quantity': 10}, {'product_name': '美的空调 KFR-35GW', 'order_amount': 50.0, 'order_quantity': 10}, {'product_name': '戴森 V15 吸尘器', 'order_amount': 50.0, 'order_quantity': 10}, {'product_name': 'Mate 60 Pro', 'order_amount': 50.0, 'order_quantity': 10}, {'product_name': 'Galaxy S24 Ultra', 'order_amount': 50.0, 'order_quantity': 10}, {'product_name': 'iPhone 15 Pro', 'order_amount': 50.0, 'order_quantity': 10}, {'product_name': 'Instant Pot 多功能电压力锅', 'order_amount': 899.0, 'order_quantity': 1}, {'product_name': 'Kindle Paperwhite 电子书', 'order_amount': 899.0, 'order_quantity': 1}, {'product_name': '奥利奥巧克力夹心饼干', 'order_amount': 899.0, 'order_quantity': 1}, {'product_name': '乐事原味薯片 150g', 'order_amount': 899.0, 'order_quantity': 1}, {'product_name': '蒙牛纯牛奶 250ml*12', 'order_amount': 899.0, 'order_quantity': 1}, {'product_name': '雀巢金牌速溶咖啡', 'order_amount': 899.0, 'order_quantity': 1}, {'product_name': '李维斯 501 牛仔裤', 'order_amount': 899.0, 'order_quantity': 1}, {'product_name': '优衣库 Heattech 保暖夹克', 'order_amount': 899.0, 'order_quantity': 1}, {'product_name': '阿迪达斯 Ultraboost 跑鞋', 'order_amount': 899.0, 'order_quantity': 1}, {'product_name': '耐克 Air Max 270 运动鞋', 'order_amount': 899.0, 'order_quantity': 1}, {'product_name': '美的空调 KFR-35GW', 'order_amount': 899.0, 'order_quantity': 1}, {'product_name': '戴森 V15 吸尘器', 'order_amount': 899.0, 'order_quantity': 1}, {'product_name': 'Mate 60 Pro', 'order_amount': 899.0, 'order_quantity': 1}, {'product_name': 'Galaxy S24 Ultra', 'order_amount': 899.0, 'order_quantity': 1}, {'product_name': 'iPhone 15 Pro', 'order_amount': 899.0, 'order_quantity': 1}, {'product_name': 'Instant Pot 多功能电压力锅', 'order_amount': 1399.0, 'order_quantity': 1}, {'product_name': 'Kindle Paperwhite 电子书', 'order_amount': 1399.0, 'order_quantity': 1}, {'product_name': '奥利奥巧克力夹心饼干', 'order_amount': 1399.0, 'order_quantity': 1}, {'product_name': '乐事原味薯片 150g', 'order_amount': 1399.0, 'order_quantity': 1}, {'product_name': '蒙牛纯牛奶 250ml*12', 'order_amount': 1399.0, 'order_quantity': 1}, {'product_name': '雀巢金牌速溶咖啡', 'order_amount': 1399.0, 'order_quantity': 1}, {'product_name': '李维斯 501 牛仔裤', 'order_amount': 1399.0, 'order_quantity': 1}, {'product_name': '优衣库 Heattech 保暖夹克', 'order_amount': 1399.0, 'order_quantity': 1}, {'product_name': '阿迪达斯 Ultraboost 跑鞋', 'order_amount': 1399.0, 'order_quantity': 1}, {'product_name': '耐克 Air Max 270 运动鞋', 'order_amount': 1399.0, 'order_quantity': 1}, {'product_name': '美的空调 KFR-35GW', 'order_amount': 1399.0, 'order_quantity': 1}, {'product_name': '戴森 V15 吸尘器', 'order_amount': 1399.0, 'order_quantity': 1}, {'product_name': 'Mate 60 Pro', 'order_amount': 1399.0, 'order_quantity': 1}, {'product_name': 'Galaxy S24 Ultra', 'order_amount': 1399.0, 'order_quantity': 1}, {'product_name': 'iPhone 15 Pro', 'order_amount': 1399.0, 'order_quantity': 1}, {'product_name': 'Instant Pot 多功能电压力锅', 'order_amount': 100.0, 'order_quantity': 20}, {'product_name': 'Kindle Paperwhite 电子书', 'order_amount': 100.0, 'order_quantity': 20}, {'product_name': '奥利奥巧克力夹心饼干', 'order_amount': 100.0, 'order_quantity': 20}, {'product_name': '乐事原味薯片 150g', 'order_amount': 100.0, 'order_quantity': 20}, {'product_name': '蒙牛纯牛奶 250ml*12', 'order_amount': 100.0, 'order_quantity': 20}, {'product_name': '雀巢金牌速溶咖啡', 'order_amount': 100.0, 'order_quantity': 20}, {'product_name': '李维斯 501 牛仔裤', 'order_amount': 100.0, 'order_quantity': 20}, {'product_name': '优衣库 Heattech 保暖夹克', 'order_amount': 100.0, 'order_quantity': 20}, {'product_name': '阿迪达斯 Ultraboost 跑鞋', 'order_amount': 100.0, 'order_quantity': 20}, {'product_name': '耐克 Air Max 270 运动鞋', 'order_amount': 100.0, 'order_quantity': 20}, {'product_name': '美的空调 KFR-35GW', 'order_amount': 100.0, 'order_quantity': 20}, {'product_name': '戴森 V15 吸尘器', 'order_amount': 100.0, 'order_quantity': 20}, {'product_name': 'Mate 60 Pro', 'order_amount': 100.0, 'order_quantity': 20}, {'product_name': 'Galaxy S24 Ultra', 'order_amount': 100.0, 'order_quantity': 20}, {'product_name': 'iPhone 15 Pro', 'order_amount': 100.0, 'order_quantity': 20}, {'product_name': 'Instant Pot 多功能电压力锅', 'order_amount': 199.0, 'order_quantity': 1}, {'product_name': 'Kindle Paperwhite 电子书', 'order_amount': 199.0, 'order_quantity': 1}, {'product_name': '奥利奥巧克力夹心饼干', 'order_amount': 199.0, 'order_quantity': 1}, {'product_name': '乐事原味薯片 150g', 'order_amount': 199.0, 'order_quantity': 1}, {'product_name': '蒙牛纯牛奶 250ml*12', 'order_amount': 199.0, 'order_quantity': 1}, {'product_name': '雀巢金牌速溶咖啡', 'order_amount': 199.0, 'order_quantity': 1}, {'product_name': '李维斯 501 牛仔裤', 'order_amount': 199.0, 'order_quantity': 1}, {'product_name': '优衣库 Heattech 保暖夹克', 'order_amount': 199.0, 'order_quantity': 1}, {'product_name': '阿迪达斯 Ultraboost 跑鞋', 'order_amount': 199.0, 'order_quantity': 1}, {'product_name': '耐克 Air Max 270 运动鞋', 'order_amount': 199.0, 'order_quantity': 1}, {'product_name': '美的空调 KFR-35GW', 'order_amount': 199.0, 'order_quantity': 1}, {'product_name': '戴森 V15 吸尘器', 'order_amount': 199.0, 'order_quantity': 1}, {'product_name': 'Mate 60 Pro', 'order_amount': 199.0, 'order_quantity': 1}, {'product_name': 'Galaxy S24 Ultra', 'order_amount': 199.0, 'order_quantity': 1}, {'product_name': 'iPhone 15 Pro', 'order_amount': 199.0, 'order_quantity': 1}, {'product_name': 'Instant Pot 多功能电压力锅', 'order_amount': 9499.0, 'order_quantity': 1}, {'product_name': 'Kindle Paperwhite 电子书', 'order_amount': 9499.0, 'order_quantity': 1}, {'product_name': '奥利奥巧克力夹心饼干', 'order_amount': 9499.0, 'order_quantity': 1}, {'product_name': '乐事原味薯片 150g', 'order_amount': 9499.0, 'order_quantity': 1}, {'product_name': '蒙牛纯牛奶 250ml*12', 'order_amount': 9499.0, 'order_quantity': 1}, {'product_name': '雀巢金牌速溶咖啡', 'order_amount': 9499.0, 'order_quantity': 1}, {'product_name': '李维斯 501 牛仔裤', 'order_amount': 9499.0, 'order_quantity': 1}, {'product_name': '优衣库 Heattech 保暖夹克', 'order_amount': 9499.0, 'order_quantity': 1}, {'product_name': '阿迪达斯 Ultraboost 跑鞋', 'order_amount': 9499.0, 'order_quantity': 1}, {'product_name': '耐克 Air Max 270 运动鞋', 'order_amount': 9499.0, 'order_quantity': 1}, {'product_name': '美的空调 KFR-35GW', 'order_amount': 9499.0, 'order_quantity': 1}, {'product_name': '戴森 V15 吸尘器', 'order_amount': 9499.0, 'order_quantity': 1}, {'product_name': 'Mate 60 Pro', 'order_amount': 9499.0, 'order_quantity': 1}, {'product_name': 'Galaxy S24 Ultra', 'order_amount': 9499.0, 'order_quantity': 1}, {'product_name': 'iPhone 15 Pro', 'order_amount': 9499.0, 'order_quantity': 1}, {'product_name': 'Instant Pot 多功能电压力锅', 'order_amount': 49.0, 'order_quantity': 14}, {'product_name': 'Kindle Paperwhite 电子书', 'order_amount': 49.0, 'order_quantity': 14}, {'product_name': '奥利奥巧克力夹心饼干', 'order_amount': 49.0, 'order_quantity': 14}, {'product_name': '乐事原味薯片 150g', 'order_amount': 49.0, 'order_quantity': 14}, {'product_name': '蒙牛纯牛奶 250ml*12', 'order_amount': 49.0, 'order_quantity': 14}, {'product_name': '雀巢金牌速溶咖啡', 'order_amount': 49.0, 'order_quantity': 14}, {'product_name': '李维斯 501 牛仔裤', 'order_amount': 49.0, 'order_quantity': 14}, {'product_name': '优衣库 Heattech 保暖夹克', 'order_amount': 49.0, 'order_quantity': 14}, {'product_name': '阿迪达斯 Ultraboost 跑鞋', 'order_amount': 49.0, 'order_quantity': 14}, {'product_name': '耐克 Air Max 270 运动鞋', 'order_amount': 49.0, 'order_quantity': 14}, {'product_name': '美的空调 KFR-35GW', 'order_amount': 49.0, 'order_quantity': 14}, {'product_name': '戴森 V15 吸尘器', 'order_amount': 49.0, 'order_quantity': 14}, {'product_name': 'Mate 60 Pro', 'order_amount': 49.0, 'order_quantity': 14}, {'product_name': 'Galaxy S24 Ultra', 'order_amount': 49.0, 'order_quantity': 14}, {'product_name': 'iPhone 15 Pro', 'order_amount': 49.0, 'order_quantity': 14}, {'product_name': 'Instant Pot 多功能电压力锅', 'order_amount': 3200.0, 'order_quantity': 1}, {'product_name': 'Kindle Paperwhite 电子书', 'order_amount': 3200.0, 'order_quantity': 1}, {'product_name': '奥利奥巧克力夹心饼干', 'order_amount': 3200.0, 'order_quantity': 1}, {'product_name': '乐事原味薯片 150g', 'order_amount': 3200.0, 'order_quantity': 1}, {'product_name': '蒙牛纯牛奶 250ml*12', 'order_amount': 3200.0, 'order_quantity': 1}, {'product_name': '雀巢金牌速溶咖啡', 'order_amount': 3200.0, 'order_quantity': 1}, {'product_name': '李维斯 501 牛仔裤', 'order_amount': 3200.0, 'order_quantity': 1}, {'product_name': '优衣库 Heattech 保暖夹克', 'order_amount': 3200.0, 'order_quantity': 1}, {'product_name': '阿迪达斯 Ultraboost 跑鞋', 'order_amount': 3200.0, 'order_quantity': 1}, {'product_name': '耐克 Air Max 270 运动鞋', 'order_amount': 3200.0, 'order_quantity': 1}, {'product_name': '美的空调 KFR-35GW', 'order_amount': 3200.0, 'order_quantity': 1}, {'product_name': '戴森 V15 吸尘器', 'order_amount': 3200.0, 'order_quantity': 1}, {'product_name': 'Mate 60 Pro', 'order_amount': 3200.0, 'order_quantity': 1}, {'product_name': 'Galaxy S24 Ultra', 'order_amount': 3200.0, 'order_quantity': 1}, {'product_name': 'iPhone 15 Pro', 'order_amount': 3200.0, 'order_quantity': 1}, {'product_name': 'Instant Pot 多功能电压力锅', 'order_amount': 599.0, 'order_quantity': 1}, {'product_name': 'Kindle Paperwhite 电子书', 'order_amount': 599.0, 'order_quantity': 1}, {'product_name': '奥利奥巧克力夹心饼干', 'order_amount': 599.0, 'order_quantity': 1}, {'product_name': '乐事原味薯片 150g', 'order_amount': 599.0, 'order_quantity': 1}, {'product_name': '蒙牛纯牛奶 250ml*12', 'order_amount': 599.0, 'order_quantity': 1}, {'product_name': '雀巢金牌速溶咖啡', 'order_amount': 599.0, 'order_quantity': 1}, {'product_name': '李维斯 501 牛仔裤', 'order_amount': 599.0, 'order_quantity': 1}, {'product_name': '优衣库 Heattech 保暖夹克', 'order_amount': 599.0, 'order_quantity': 1}, {'product_name': '阿迪达斯 Ultraboost 跑鞋', 'order_amount': 599.0, 'order_quantity': 1}, {'product_name': '耐克 Air Max 270 运动鞋', 'order_amount': 599.0, 'order_quantity': 1}, {'product_name': '美的空调 KFR-35GW', 'order_amount': 599.0, 'order_quantity': 1}, {'product_name': '戴森 V15 吸尘器', 'order_amount': 599.0, 'order_quantity': 1}, {'product_name': 'Mate 60 Pro', 'order_amount': 599.0, 'order_quantity': 1}, {'product_name': 'Galaxy S24 Ultra', 'order_amount': 599.0, 'order_quantity': 1}, {'product_name': 'iPhone 15 Pro', 'order_amount': 599.0, 'order_quantity': 1}, {'product_name': 'Instant Pot 多功能电压力锅', 'order_amount': 100.0, 'order_quantity': 20}, {'product_name': 'Kindle Paperwhite 电子书', 'order_amount': 100.0, 'order_quantity': 20}, {'product_name': '奥利奥巧克力夹心饼干', 'order_amount': 100.0, 'order_quantity': 20}, {'product_name': '乐事原味薯片 150g', 'order_amount': 100.0, 'order_quantity': 20}, {'product_name': '蒙牛纯牛奶 250ml*12', 'order_amount': 100.0, 'order_quantity': 20}, {'product_name': '雀巢金牌速溶咖啡', 'order_amount': 100.0, 'order_quantity': 20}, {'product_name': '李维斯 501 牛仔裤', 'order_amount': 100.0, 'order_quantity': 20}, {'product_name': '优衣库 Heattech 保暖夹克', 'order_amount': 100.0, 'order_quantity': 20}, {'product_name': '阿迪达斯 Ultraboost 跑鞋', 'order_amount': 100.0, 'order_quantity': 20}, {'product_name': '耐克 Air Max 270 运动鞋', 'order_amount': 100.0, 'order_quantity': 20}, {'product_name': '美的空调 KFR-35GW', 'order_amount': 100.0, 'order_quantity': 20}, {'product_name': '戴森 V15 吸尘器', 'order_amount': 100.0, 'order_quantity': 20}, {'product_name': 'Mate 60 Pro', 'order_amount': 100.0, 'order_quantity': 20}, {'product_name': 'Galaxy S24 Ultra', 'order_amount': 100.0, 'order_quantity': 20}, {'product_name': 'iPhone 15 Pro', 'order_amount': 100.0, 'order_quantity': 20}, {'product_name': 'Instant Pot 多功能电压力锅', 'order_amount': 1299.0, 'order_quantity': 1}, {'product_name': 'Kindle Paperwhite 电子书', 'order_amount': 1299.0, 'order_quantity': 1}, {'product_name': '奥利奥巧克力夹心饼干', 'order_amount': 1299.0, 'order_quantity': 1}, {'product_name': '乐事原味薯片 150g', 'order_amount': 1299.0, 'order_quantity': 1}, {'product_name': '蒙牛纯牛奶 250ml*12', 'order_amount': 1299.0, 'order_quantity': 1}, {'product_name': '雀巢金牌速溶咖啡', 'order_amount': 1299.0, 'order_quantity': 1}, {'product_name': '李维斯 501 牛仔裤', 'order_amount': 1299.0, 'order_quantity': 1}, {'product_name': '优衣库 Heattech 保暖夹克', 'order_amount': 1299.0, 'order_quantity': 1}, {'product_name': '阿迪达斯 Ultraboost 跑鞋', 'order_amount': 1299.0, 'order_quantity': 1}, {'product_name': '耐克 Air Max 270 运动鞋', 'order_amount': 1299.0, 'order_quantity': 1}, {'product_name': '美的空调 KFR-35GW', 'order_amount': 1299.0, 'order_quantity': 1}, {'product_name': '戴森 V15 吸尘器', 'order_amount': 1299.0, 'order_quantity': 1}, {'product_name': 'Mate 60 Pro', 'order_amount': 1299.0, 'order_quantity': 1}, {'product_name': 'Galaxy S24 Ultra', 'order_amount': 1299.0, 'order_quantity': 1}, {'product_name': 'iPhone 15 Pro', 'order_amount': 1299.0, 'order_quantity': 1}, {'product_name': 'Instant Pot 多功能电压力锅', 'order_amount': 5499.0, 'order_quantity': 1}, {'product_name': 'Kindle Paperwhite 电子书', 'order_amount': 5499.0, 'order_quantity': 1}, {'product_name': '奥利奥巧克力夹心饼干', 'order_amount': 5499.0, 'order_quantity': 1}, {'product_name': '乐事原味薯片 150g', 'order_amount': 5499.0, 'order_quantity': 1}, {'product_name': '蒙牛纯牛奶 250ml*12', 'order_amount': 5499.0, 'order_quantity': 1}, {'product_name': '雀巢金牌速溶咖啡', 'order_amount': 5499.0, 'order_quantity': 1}, {'product_name': '李维斯 501 牛仔裤', 'order_amount': 5499.0, 'order_quantity': 1}, {'product_name': '优衣库 Heattech 保暖夹克', 'order_amount': 5499.0, 'order_quantity': 1}, {'product_name': '阿迪达斯 Ultraboost 跑鞋', 'order_amount': 5499.0, 'order_quantity': 1}, {'product_name': '耐克 Air Max 270 运动鞋', 'order_amount': 5499.0, 'order_quantity': 1}, {'product_name': '美的空调 KFR-35GW', 'order_amount': 5499.0, 'order_quantity': 1}, {'product_name': '戴森 V15 吸尘器', 'order_amount': 5499.0, 'order_quantity': 1}, {'product_name': 'Mate 60 Pro', 'order_amount': 5499.0, 'order_quantity': 1}, {'product_name': 'Galaxy S24 Ultra', 'order_amount': 5499.0, 'order_quantity': 1}, {'product_name': 'iPhone 15 Pro', 'order_amount': 5499.0, 'order_quantity': 1}, {'product_name': 'Instant Pot 多功能电压力锅', 'order_amount': 120.0, 'order_quantity': 24}, {'product_name': 'Kindle Paperwhite 电子书', 'order_amount': 120.0, 'order_quantity': 24}, {'product_name': '奥利奥巧克力夹心饼干', 'order_amount': 120.0, 'order_quantity': 24}, {'product_name': '乐事原味薯片 150g', 'order_amount': 120.0, 'order_quantity': 24}, {'product_name': '蒙牛纯牛奶 250ml*12', 'order_amount': 120.0, 'order_quantity': 24}, {'product_name': '雀巢金牌速溶咖啡', 'order_amount': 120.0, 'order_quantity': 24}, {'product_name': '李维斯 501 牛仔裤', 'order_amount': 120.0, 'order_quantity': 24}, {'product_name': '优衣库 Heattech 保暖夹克', 'order_amount': 120.0, 'order_quantity': 24}, {'product_name': '阿迪达斯 Ultraboost 跑鞋', 'order_amount': 120.0, 'order_quantity': 24}, {'product_name': '耐克 Air Max 270 运动鞋', 'order_amount': 120.0, 'order_quantity': 24}, {'product_name': '美的空调 KFR-35GW', 'order_amount': 120.0, 'order_quantity': 24}, {'product_name': '戴森 V15 吸尘器', 'order_amount': 120.0, 'order_quantity': 24}, {'product_name': 'Mate 60 Pro', 'order_amount': 120.0, 'order_quantity': 24}, {'product_name': 'Galaxy S24 Ultra', 'order_amount': 120.0, 'order_quantity': 24}, {'product_name': 'iPhone 15 Pro', 'order_amount': 120.0, 'order_quantity': 24}, {'product_name': 'Instant Pot 多功能电压力锅', 'order_amount': 899.0, 'order_quantity': 1}, {'product_name': 'Kindle Paperwhite 电子书', 'order_amount': 899.0, 'order_quantity': 1}, {'product_name': '奥利奥巧克力夹心饼干', 'order_amount': 899.0, 'order_quantity': 1}, {'product_name': '乐事原味薯片 150g', 'order_amount': 899.0, 'order_quantity': 1}, {'product_name': '蒙牛纯牛奶 250ml*12', 'order_amount': 899.0, 'order_quantity': 1}, {'product_name': '雀巢金牌速溶咖啡', 'order_amount': 899.0, 'order_quantity': 1}, {'product_name': '李维斯 501 牛仔裤', 'order_amount': 899.0, 'order_quantity': 1}, {'product_name': '优衣库 Heattech 保暖夹克', 'order_amount': 899.0, 'order_quantity': 1}, {'product_name': '阿迪达斯 Ultraboost 跑鞋', 'order_amount': 899.0, 'order_quantity': 1}, {'product_name': '耐克 Air Max 270 运动鞋', 'order_amount': 899.0, 'order_quantity': 1}, {'product_name': '美的空调 KFR-35GW', 'order_amount': 899.0, 'order_quantity': 1}, {'product_name': '戴森 V15 吸尘器', 'order_amount': 899.0, 'order_quantity': 1}, {'product_name': 'Mate 60 Pro', 'order_amount': 899.0, 'order_quantity': 1}, {'product_name': 'Galaxy S24 Ultra', 'order_amount': 899.0, 'order_quantity': 1}, {'product_name': 'iPhone 15 Pro', 'order_amount': 899.0, 'order_quantity': 1}, {'product_name': 'Instant Pot 多功能电压力锅', 'order_amount': 8999.0, 'order_quantity': 1}, {'product_name': 'Kindle Paperwhite 电子书', 'order_amount': 8999.0, 'order_quantity': 1}, {'product_name': '奥利奥巧克力夹心饼干', 'order_amount': 8999.0, 'order_quantity': 1}, {'product_name': '乐事原味薯片 150g', 'order_amount': 8999.0, 'order_quantity': 1}, {'product_name': '蒙牛纯牛奶 250ml*12', 'order_amount': 8999.0, 'order_quantity': 1}, {'product_name': '雀巢金牌速溶咖啡', 'order_amount': 8999.0, 'order_quantity': 1}, {'product_name': '李维斯 501 牛仔裤', 'order_amount': 8999.0, 'order_quantity': 1}, {'product_name': '优衣库 Heattech 保暖夹克', 'order_amount': 8999.0, 'order_quantity': 1}, {'product_name': '阿迪达斯 Ultraboost 跑鞋', 'order_amount': 8999.0, 'order_quantity': 1}, {'product_name': '耐克 Air Max 270 运动鞋', 'order_amount': 8999.0, 'order_quantity': 1}, {'product_name': '美的空调 KFR-35GW', 'order_amount': 8999.0, 'order_quantity': 1}, {'product_name': '戴森 V15 吸尘器', 'order_amount': 8999.0, 'order_quantity': 1}, {'product_name': 'Mate 60 Pro', 'order_amount': 8999.0, 'order_quantity': 1}, {'product_name': 'Galaxy S24 Ultra', 'order_amount': 8999.0, 'order_quantity': 1}, {'product_name': 'iPhone 15 Pro', 'order_amount': 8999.0, 'order_quantity': 1}, {'product_name': 'Instant Pot 多功能电压力锅', 'order_amount': 175.0, 'order_quantity': 7}, {'product_name': 'Kindle Paperwhite 电子书', 'order_amount': 175.0, 'order_quantity': 7}, {'product_name': '奥利奥巧克力夹心饼干', 'order_amount': 175.0, 'order_quantity': 7}, {'product_name': '乐事原味薯片 150g', 'order_amount': 175.0, 'order_quantity': 7}, {'product_name': '蒙牛纯牛奶 250ml*12', 'order_amount': 175.0, 'order_quantity': 7}, {'product_name': '雀巢金牌速溶咖啡', 'order_amount': 175.0, 'order_quantity': 7}, {'product_name': '李维斯 501 牛仔裤', 'order_amount': 175.0, 'order_quantity': 7}, {'product_name': '优衣库 Heattech 保暖夹克', 'order_amount': 175.0, 'order_quantity': 7}, {'product_name': '阿迪达斯 Ultraboost 跑鞋', 'order_amount': 175.0, 'order_quantity': 7}, {'product_name': '耐克 Air Max 270 运动鞋', 'order_amount': 175.0, 'order_quantity': 7}, {'product_name': '美的空调 KFR-35GW', 'order_amount': 175.0, 'order_quantity': 7}, {'product_name': '戴森 V15 吸尘器', 'order_amount': 175.0, 'order_quantity': 7}, {'product_name': 'Mate 60 Pro', 'order_amount': 175.0, 'order_quantity': 7}, {'product_name': 'Galaxy S24 Ultra', 'order_amount': 175.0, 'order_quantity': 7}, {'product_name': 'iPhone 15 Pro', 'order_amount': 175.0, 'order_quantity': 7}, {'product_name': 'Instant Pot 多功能电压力锅', 'order_amount': 77.0, 'order_quantity': 22}, {'product_name': 'Kindle Paperwhite 电子书', 'order_amount': 77.0, 'order_quantity': 22}, {'product_name': '奥利奥巧克力夹心饼干', 'order_amount': 77.0, 'order_quantity': 22}, {'product_name': '乐事原味薯片 150g', 'order_amount': 77.0, 'order_quantity': 22}, {'product_name': '蒙牛纯牛奶 250ml*12', 'order_amount': 77.0, 'order_quantity': 22}, {'product_name': '雀巢金牌速溶咖啡', 'order_amount': 77.0, 'order_quantity': 22}, {'product_name': '李维斯 501 牛仔裤', 'order_amount': 77.0, 'order_quantity': 22}, {'product_name': '优衣库 Heattech 保暖夹克', 'order_amount': 77.0, 'order_quantity': 22}, {'product_name': '阿迪达斯 Ultraboost 跑鞋', 'order_amount': 77.0, 'order_quantity': 22}, {'product_name': '耐克 Air Max 270 运动鞋', 'order_amount': 77.0, 'order_quantity': 22}, {'product_name': '美的空调 KFR-35GW', 'order_amount': 77.0, 'order_quantity': 22}, {'product_name': '戴森 V15 吸尘器', 'order_amount': 77.0, 'order_quantity': 22}, {'product_name': 'Mate 60 Pro', 'order_amount': 77.0, 'order_quantity': 22}, {'product_name': 'Galaxy S24 Ultra', 'order_amount': 77.0, 'order_quantity': 22}, {'product_name': 'iPhone 15 Pro', 'order_amount': 77.0, 'order_quantity': 22}, {'product_name': 'Instant Pot 多功能电压力锅', 'order_amount': 6999.0, 'order_quantity': 1}, {'product_name': 'Kindle Paperwhite 电子书', 'order_amount': 6999.0, 'order_quantity': 1}, {'product_name': '奥利奥巧克力夹心饼干', 'order_amount': 6999.0, 'order_quantity': 1}, {'product_name': '乐事原味薯片 150g', 'order_amount': 6999.0, 'order_quantity': 1}, {'product_name': '蒙牛纯牛奶 250ml*12', 'order_amount': 6999.0, 'order_quantity': 1}, {'product_name': '雀巢金牌速溶咖啡', 'order_amount': 6999.0, 'order_quantity': 1}, {'product_name': '李维斯 501 牛仔裤', 'order_amount': 6999.0, 'order_quantity': 1}, {'product_name': '优衣库 Heattech 保暖夹克', 'order_amount': 6999.0, 'order_quantity': 1}, {'product_name': '阿迪达斯 Ultraboost 跑鞋', 'order_amount': 6999.0, 'order_quantity': 1}, {'product_name': '耐克 Air Max 270 运动鞋', 'order_amount': 6999.0, 'order_quantity': 1}, {'product_name': '美的空调 KFR-35GW', 'order_amount': 6999.0, 'order_quantity': 1}, {'product_name': '戴森 V15 吸尘器', 'order_amount': 6999.0, 'order_quantity': 1}, {'product_name': 'Mate 60 Pro', 'order_amount': 6999.0, 'order_quantity': 1}, {'product_name': 'Galaxy S24 Ultra', 'order_amount': 6999.0, 'order_quantity': 1}, {'product_name': 'iPhone 15 Pro', 'order_amount': 6999.0, 'order_quantity': 1}, {'product_name': 'Instant Pot 多功能电压力锅', 'order_amount': 60.0, 'order_quantity': 12}, {'product_name': 'Kindle Paperwhite 电子书', 'order_amount': 60.0, 'order_quantity': 12}, {'product_name': '奥利奥巧克力夹心饼干', 'order_amount': 60.0, 'order_quantity': 12}, {'product_name': '乐事原味薯片 150g', 'order_amount': 60.0, 'order_quantity': 12}, {'product_name': '蒙牛纯牛奶 250ml*12', 'order_amount': 60.0, 'order_quantity': 12}, {'product_name': '雀巢金牌速溶咖啡', 'order_amount': 60.0, 'order_quantity': 12}, {'product_name': '李维斯 501 牛仔裤', 'order_amount': 60.0, 'order_quantity': 12}, {'product_name': '优衣库 Heattech 保暖夹克', 'order_amount': 60.0, 'order_quantity': 12}, {'product_name': '阿迪达斯 Ultraboost 跑鞋', 'order_amount': 60.0, 'order_quantity': 12}, {'product_name': '耐克 Air Max 270 运动鞋', 'order_amount': 60.0, 'order_quantity': 12}, {'product_name': '美的空调 KFR-35GW', 'order_amount': 60.0, 'order_quantity': 12}, {'product_name': '戴森 V15 吸尘器', 'order_amount': 60.0, 'order_quantity': 12}, {'product_name': 'Mate 60 Pro', 'order_amount': 60.0, 'order_quantity': 12}, {'product_name': 'Galaxy S24 Ultra', 'order_amount': 60.0, 'order_quantity': 12}, {'product_name': 'iPhone 15 Pro', 'order_amount': 60.0, 'order_quantity': 12}, {'product_name': 'Instant Pot 多功能电压力锅', 'order_amount': 90.0, 'order_quantity': 18}, {'product_name': 'Kindle Paperwhite 电子书', 'order_amount': 90.0, 'order_quantity': 18}, {'product_name': '奥利奥巧克力夹心饼干', 'order_amount': 90.0, 'order_quantity': 18}, {'product_name': '乐事原味薯片 150g', 'order_amount': 90.0, 'order_quantity': 18}, {'product_name': '蒙牛纯牛奶 250ml*12', 'order_amount': 90.0, 'order_quantity': 18}, {'product_name': '雀巢金牌速溶咖啡', 'order_amount': 90.0, 'order_quantity': 18}, {'product_name': '李维斯 501 牛仔裤', 'order_amount': 90.0, 'order_quantity': 18}, {'product_name': '优衣库 Heattech 保暖夹克', 'order_amount': 90.0, 'order_quantity': 18}, {'product_name': '阿迪达斯 Ultraboost 跑鞋', 'order_amount': 90.0, 'order_quantity': 18}, {'product_name': '耐克 Air Max 270 运动鞋', 'order_amount': 90.0, 'order_quantity': 18}, {'product_name': '美的空调 KFR-35GW', 'order_amount': 90.0, 'order_quantity': 18}, {'product_name': '戴森 V15 吸尘器', 'order_amount': 90.0, 'order_quantity': 18}, {'product_name': 'Mate 60 Pro', 'order_amount': 90.0, 'order_quantity': 18}, {'product_name': 'Galaxy S24 Ultra', 'order_amount': 90.0, 'order_quantity': 18}, {'product_name': 'iPhone 15 Pro', 'order_amount': 90.0, 'order_quantity': 18}, {'product_name': 'Instant Pot 多功能电压力锅', 'order_amount': 105.0, 'order_quantity': 30}, {'product_name': 'Kindle Paperwhite 电子书', 'order_amount': 105.0, 'order_quantity': 30}, {'product_name': '奥利奥巧克力夹心饼干', 'order_amount': 105.0, 'order_quantity': 30}, {'product_name': '乐事原味薯片 150g', 'order_amount': 105.0, 'order_quantity': 30}, {'product_name': '蒙牛纯牛奶 250ml*12', 'order_amount': 105.0, 'order_quantity': 30}, {'product_name': '雀巢金牌速溶咖啡', 'order_amount': 105.0, 'order_quantity': 30}, {'product_name': '李维斯 501 牛仔裤', 'order_amount': 105.0, 'order_quantity': 30}, {'product_name': '优衣库 Heattech 保暖夹克', 'order_amount': 105.0, 'order_quantity': 30}, {'product_name': '阿迪达斯 Ultraboost 跑鞋', 'order_amount': 105.0, 'order_quantity': 30}, {'product_name': '耐克 Air Max 270 运动鞋', 'order_amount': 105.0, 'order_quantity': 30}, {'product_name': '美的空调 KFR-35GW', 'order_amount': 105.0, 'order_quantity': 30}, {'product_name': '戴森 V15 吸尘器', 'order_amount': 105.0, 'order_quantity': 30}, {'product_name': 'Mate 60 Pro', 'order_amount': 105.0, 'order_quantity': 30}, {'product_name': 'Galaxy S24 Ultra', 'order_amount': 105.0, 'order_quantity': 30}, {'product_name': 'iPhone 15 Pro', 'order_amount': 105.0, 'order_quantity': 30}, {'product_name': 'Instant Pot 多功能电压力锅', 'order_amount': 899.0, 'order_quantity': 1}, {'product_name': 'Kindle Paperwhite 电子书', 'order_amount': 899.0, 'order_quantity': 1}, {'product_name': '奥利奥巧克力夹心饼干', 'order_amount': 899.0, 'order_quantity': 1}, {'product_name': '乐事原味薯片 150g', 'order_amount': 899.0, 'order_quantity': 1}, {'product_name': '蒙牛纯牛奶 250ml*12', 'order_amount': 899.0, 'order_quantity': 1}, {'product_name': '雀巢金牌速溶咖啡', 'order_amount': 899.0, 'order_quantity': 1}, {'product_name': '李维斯 501 牛仔裤', 'order_amount': 899.0, 'order_quantity': 1}, {'product_name': '优衣库 Heattech 保暖夹克', 'order_amount': 899.0, 'order_quantity': 1}, {'product_name': '阿迪达斯 Ultraboost 跑鞋', 'order_amount': 899.0, 'order_quantity': 1}, {'product_name': '耐克 Air Max 270 运动鞋', 'order_amount': 899.0, 'order_quantity': 1}, {'product_name': '美的空调 KFR-35GW', 'order_amount': 899.0, 'order_quantity': 1}, {'product_name': '戴森 V15 吸尘器', 'order_amount': 899.0, 'order_quantity': 1}, {'product_name': 'Mate 60 Pro', 'order_amount': 899.0, 'order_quantity': 1}, {'product_name': 'Galaxy S24 Ultra', 'order_amount': 899.0, 'order_quantity': 1}, {'product_name': 'iPhone 15 Pro', 'order_amount': 899.0, 'order_quantity': 1}, {'product_name': 'Instant Pot 多功能电压力锅', 'order_amount': 1399.0, 'order_quantity': 1}, {'product_name': 'Kindle Paperwhite 电子书', 'order_amount': 1399.0, 'order_quantity': 1}, {'product_name': '奥利奥巧克力夹心饼干', 'order_amount': 1399.0, 'order_quantity': 1}, {'product_name': '乐事原味薯片 150g', 'order_amount': 1399.0, 'order_quantity': 1}, {'product_name': '蒙牛纯牛奶 250ml*12', 'order_amount': 1399.0, 'order_quantity': 1}, {'product_name': '雀巢金牌速溶咖啡', 'order_amount': 1399.0, 'order_quantity': 1}, {'product_name': '李维斯 501 牛仔裤', 'order_amount': 1399.0, 'order_quantity': 1}, {'product_name': '优衣库 Heattech 保暖夹克', 'order_amount': 1399.0, 'order_quantity': 1}, {'product_name': '阿迪达斯 Ultraboost 跑鞋', 'order_amount': 1399.0, 'order_quantity': 1}, {'product_name': '耐克 Air Max 270 运动鞋', 'order_amount': 1399.0, 'order_quantity': 1}, {'product_name': '美的空调 KFR-35GW', 'order_amount': 1399.0, 'order_quantity': 1}, {'product_name': '戴森 V15 吸尘器', 'order_amount': 1399.0, 'order_quantity': 1}, {'product_name': 'Mate 60 Pro', 'order_amount': 1399.0, 'order_quantity': 1}, {'product_name': 'Galaxy S24 Ultra', 'order_amount': 1399.0, 'order_quantity': 1}, {'product_name': 'iPhone 15 Pro', 'order_amount': 1399.0, 'order_quantity': 1}, {'product_name': 'Instant Pot 多功能电压力锅', 'order_amount': 1399.0, 'order_quantity': 1}, {'product_name': 'Kindle Paperwhite 电子书', 'order_amount': 1399.0, 'order_quantity': 1}, {'product_name': '奥利奥巧克力夹心饼干', 'order_amount': 1399.0, 'order_quantity': 1}, {'product_name': '乐事原味薯片 150g', 'order_amount': 1399.0, 'order_quantity': 1}, {'product_name': '蒙牛纯牛奶 250ml*12', 'order_amount': 1399.0, 'order_quantity': 1}, {'product_name': '雀巢金牌速溶咖啡', 'order_amount': 1399.0, 'order_quantity': 1}, {'product_name': '李维斯 501 牛仔裤', 'order_amount': 1399.0, 'order_quantity': 1}, {'product_name': '优衣库 Heattech 保暖夹克', 'order_amount': 1399.0, 'order_quantity': 1}, {'product_name': '阿迪达斯 Ultraboost 跑鞋', 'order_amount': 1399.0, 'order_quantity': 1}, {'product_name': '耐克 Air Max 270 运动鞋', 'order_amount': 1399.0, 'order_quantity': 1}, {'product_name': '美的空调 KFR-35GW', 'order_amount': 1399.0, 'order_quantity': 1}, {'product_name': '戴森 V15 吸尘器', 'order_amount': 1399.0, 'order_quantity': 1}, {'product_name': 'Mate 60 Pro', 'order_amount': 1399.0, 'order_quantity': 1}, {'product_name': 'Galaxy S24 Ultra', 'order_amount': 1399.0, 'order_quantity': 1}, {'product_name': 'iPhone 15 Pro', 'order_amount': 1399.0, 'order_quantity': 1}, {'product_name': 'Instant Pot 多功能电压力锅', 'order_amount': 597.0, 'order_quantity': 3}, {'product_name': 'Kindle Paperwhite 电子书', 'order_amount': 597.0, 'order_quantity': 3}, {'product_name': '奥利奥巧克力夹心饼干', 'order_amount': 597.0, 'order_quantity': 3}, {'product_name': '乐事原味薯片 150g', 'order_amount': 597.0, 'order_quantity': 3}, {'product_name': '蒙牛纯牛奶 250ml*12', 'order_amount': 597.0, 'order_quantity': 3}, {'product_name': '雀巢金牌速溶咖啡', 'order_amount': 597.0, 'order_quantity': 3}, {'product_name': '李维斯 501 牛仔裤', 'order_amount': 597.0, 'order_quantity': 3}, {'product_name': '优衣库 Heattech 保暖夹克', 'order_amount': 597.0, 'order_quantity': 3}, {'product_name': '阿迪达斯 Ultraboost 跑鞋', 'order_amount': 597.0, 'order_quantity': 3}, {'product_name': '耐克 Air Max 270 运动鞋', 'order_amount': 597.0, 'order_quantity': 3}, {'product_name': '美的空调 KFR-35GW', 'order_amount': 597.0, 'order_quantity': 3}, {'product_name': '戴森 V15 吸尘器', 'order_amount': 597.0, 'order_quantity': 3}, {'product_name': 'Mate 60 Pro', 'order_amount': 597.0, 'order_quantity': 3}, {'product_name': 'Galaxy S24 Ultra', 'order_amount': 597.0, 'order_quantity': 3}, {'product_name': 'iPhone 15 Pro', 'order_amount': 597.0, 'order_quantity': 3}, {'product_name': 'Instant Pot 多功能电压力锅', 'order_amount': 9499.0, 'order_quantity': 1}, {'product_name': 'Kindle Paperwhite 电子书', 'order_amount': 9499.0, 'order_quantity': 1}, {'product_name': '奥利奥巧克力夹心饼干', 'order_amount': 9499.0, 'order_quantity': 1}, {'product_name': '乐事原味薯片 150g', 'order_amount': 9499.0, 'order_quantity': 1}, {'product_name': '蒙牛纯牛奶 250ml*12', 'order_amount': 9499.0, 'order_quantity': 1}, {'product_name': '雀巢金牌速溶咖啡', 'order_amount': 9499.0, 'order_quantity': 1}, {'product_name': '李维斯 501 牛仔裤', 'order_amount': 9499.0, 'order_quantity': 1}, {'product_name': '优衣库 Heattech 保暖夹克', 'order_amount': 9499.0, 'order_quantity': 1}, {'product_name': '阿迪达斯 Ultraboost 跑鞋', 'order_amount': 9499.0, 'order_quantity': 1}, {'product_name': '耐克 Air Max 270 运动鞋', 'order_amount': 9499.0, 'order_quantity': 1}, {'product_name': '美的空调 KFR-35GW', 'order_amount': 9499.0, 'order_quantity': 1}, {'product_name': '戴森 V15 吸尘器', 'order_amount': 9499.0, 'order_quantity': 1}, {'product_name': 'Mate 60 Pro', 'order_amount': 9499.0, 'order_quantity': 1}, {'product_name': 'Galaxy S24 Ultra', 'order_amount': 9499.0, 'order_quantity': 1}, {'product_name': 'iPhone 15 Pro', 'order_amount': 9499.0, 'order_quantity': 1}, {'product_name': 'Instant Pot 多功能电压力锅', 'order_amount': 80.0, 'order_quantity': 16}, {'product_name': 'Kindle Paperwhite 电子书', 'order_amount': 80.0, 'order_quantity': 16}, {'product_name': '奥利奥巧克力夹心饼干', 'order_amount': 80.0, 'order_quantity': 16}, {'product_name': '乐事原味薯片 150g', 'order_amount': 80.0, 'order_quantity': 16}, {'product_name': '蒙牛纯牛奶 250ml*12', 'order_amount': 80.0, 'order_quantity': 16}, {'product_name': '雀巢金牌速溶咖啡', 'order_amount': 80.0, 'order_quantity': 16}, {'product_name': '李维斯 501 牛仔裤', 'order_amount': 80.0, 'order_quantity': 16}, {'product_name': '优衣库 Heattech 保暖夹克', 'order_amount': 80.0, 'order_quantity': 16}, {'product_name': '阿迪达斯 Ultraboost 跑鞋', 'order_amount': 80.0, 'order_quantity': 16}, {'product_name': '耐克 Air Max 270 运动鞋', 'order_amount': 80.0, 'order_quantity': 16}, {'product_name': '美的空调 KFR-35GW', 'order_amount': 80.0, 'order_quantity': 16}, {'product_name': '戴森 V15 吸尘器', 'order_amount': 80.0, 'order_quantity': 16}, {'product_name': 'Mate 60 Pro', 'order_amount': 80.0, 'order_quantity': 16}, {'product_name': 'Galaxy S24 Ultra', 'order_amount': 80.0, 'order_quantity': 16}, {'product_name': 'iPhone 15 Pro', 'order_amount': 80.0, 'order_quantity': 16}, {'product_name': 'Instant Pot 多功能电压力锅', 'order_amount': 56.0, 'order_quantity': 16}, {'product_name': 'Kindle Paperwhite 电子书', 'order_amount': 56.0, 'order_quantity': 16}, {'product_name': '奥利奥巧克力夹心饼干', 'order_amount': 56.0, 'order_quantity': 16}, {'product_name': '乐事原味薯片 150g', 'order_amount': 56.0, 'order_quantity': 16}, {'product_name': '蒙牛纯牛奶 250ml*12', 'order_amount': 56.0, 'order_quantity': 16}, {'product_name': '雀巢金牌速溶咖啡', 'order_amount': 56.0, 'order_quantity': 16}, {'product_name': '李维斯 501 牛仔裤', 'order_amount': 56.0, 'order_quantity': 16}, {'product_name': '优衣库 Heattech 保暖夹克', 'order_amount': 56.0, 'order_quantity': 16}, {'product_name': '阿迪达斯 Ultraboost 跑鞋', 'order_amount': 56.0, 'order_quantity': 16}, {'product_name': '耐克 Air Max 270 运动鞋', 'order_amount': 56.0, 'order_quantity': 16}, {'product_name': '美的空调 KFR-35GW', 'order_amount': 56.0, 'order_quantity': 16}, {'product_name': '戴森 V15 吸尘器', 'order_amount': 56.0, 'order_quantity': 16}, {'product_name': 'Mate 60 Pro', 'order_amount': 56.0, 'order_quantity': 16}, {'product_name': 'Galaxy S24 Ultra', 'order_amount': 56.0, 'order_quantity': 16}, {'product_name': 'iPhone 15 Pro', 'order_amount': 56.0, 'order_quantity': 16}, {'product_name': 'Instant Pot 多功能电压力锅', 'order_amount': 3200.0, 'order_quantity': 1}, {'product_name': 'Kindle Paperwhite 电子书', 'order_amount': 3200.0, 'order_quantity': 1}, {'product_name': '奥利奥巧克力夹心饼干', 'order_amount': 3200.0, 'order_quantity': 1}, {'product_name': '乐事原味薯片 150g', 'order_amount': 3200.0, 'order_quantity': 1}, {'product_name': '蒙牛纯牛奶 250ml*12', 'order_amount': 3200.0, 'order_quantity': 1}, {'product_name': '雀巢金牌速溶咖啡', 'order_amount': 3200.0, 'order_quantity': 1}, {'product_name': '李维斯 501 牛仔裤', 'order_amount': 3200.0, 'order_quantity': 1}, {'product_name': '优衣库 Heattech 保暖夹克', 'order_amount': 3200.0, 'order_quantity': 1}, {'product_name': '阿迪达斯 Ultraboost 跑鞋', 'order_amount': 3200.0, 'order_quantity': 1}, {'product_name': '耐克 Air Max 270 运动鞋', 'order_amount': 3200.0, 'order_quantity': 1}, {'product_name': '美的空调 KFR-35GW', 'order_amount': 3200.0, 'order_quantity': 1}, {'product_name': '戴森 V15 吸尘器', 'order_amount': 3200.0, 'order_quantity': 1}, {'product_name': 'Mate 60 Pro', 'order_amount': 3200.0, 'order_quantity': 1}, {'product_name': 'Galaxy S24 Ultra', 'order_amount': 3200.0, 'order_quantity': 1}, {'product_name': 'iPhone 15 Pro', 'order_amount': 3200.0, 'order_quantity': 1}, {'product_name': 'Instant Pot 多功能电压力锅', 'order_amount': 1198.0, 'order_quantity': 2}, {'product_name': 'Kindle Paperwhite 电子书', 'order_amount': 1198.0, 'order_quantity': 2}, {'product_name': '奥利奥巧克力夹心饼干', 'order_amount': 1198.0, 'order_quantity': 2}, {'product_name': '乐事原味薯片 150g', 'order_amount': 1198.0, 'order_quantity': 2}, {'product_name': '蒙牛纯牛奶 250ml*12', 'order_amount': 1198.0, 'order_quantity': 2}, {'product_name': '雀巢金牌速溶咖啡', 'order_amount': 1198.0, 'order_quantity': 2}, {'product_name': '李维斯 501 牛仔裤', 'order_amount': 1198.0, 'order_quantity': 2}, {'product_name': '优衣库 Heattech 保暖夹克', 'order_amount': 1198.0, 'order_quantity': 2}, {'product_name': '阿迪达斯 Ultraboost 跑鞋', 'order_amount': 1198.0, 'order_quantity': 2}, {'product_name': '耐克 Air Max 270 运动鞋', 'order_amount': 1198.0, 'order_quantity': 2}, {'product_name': '美的空调 KFR-35GW', 'order_amount': 1198.0, 'order_quantity': 2}, {'product_name': '戴森 V15 吸尘器', 'order_amount': 1198.0, 'order_quantity': 2}, {'product_name': 'Mate 60 Pro', 'order_amount': 1198.0, 'order_quantity': 2}, {'product_name': 'Galaxy S24 Ultra', 'order_amount': 1198.0, 'order_quantity': 2}, {'product_name': 'iPhone 15 Pro', 'order_amount': 1198.0, 'order_quantity': 2}, {'product_name': 'Instant Pot 多功能电压力锅', 'order_amount': 250.0, 'order_quantity': 10}, {'product_name': 'Kindle Paperwhite 电子书', 'order_amount': 250.0, 'order_quantity': 10}, {'product_name': '奥利奥巧克力夹心饼干', 'order_amount': 250.0, 'order_quantity': 10}, {'product_name': '乐事原味薯片 150g', 'order_amount': 250.0, 'order_quantity': 10}, {'product_name': '蒙牛纯牛奶 250ml*12', 'order_amount': 250.0, 'order_quantity': 10}, {'product_name': '雀巢金牌速溶咖啡', 'order_amount': 250.0, 'order_quantity': 10}, {'product_name': '李维斯 501 牛仔裤', 'order_amount': 250.0, 'order_quantity': 10}, {'product_name': '优衣库 Heattech 保暖夹克', 'order_amount': 250.0, 'order_quantity': 10}, {'product_name': '阿迪达斯 Ultraboost 跑鞋', 'order_amount': 250.0, 'order_quantity': 10}, {'product_name': '耐克 Air Max 270 运动鞋', 'order_amount': 250.0, 'order_quantity': 10}, {'product_name': '美的空调 KFR-35GW', 'order_amount': 250.0, 'order_quantity': 10}, {'product_name': '戴森 V15 吸尘器', 'order_amount': 250.0, 'order_quantity': 10}, {'product_name': 'Mate 60 Pro', 'order_amount': 250.0, 'order_quantity': 10}, {'product_name': 'Galaxy S24 Ultra', 'order_amount': 250.0, 'order_quantity': 10}, {'product_name': 'iPhone 15 Pro', 'order_amount': 250.0, 'order_quantity': 10}, {'product_name': 'Instant Pot 多功能电压力锅', 'order_amount': 1299.0, 'order_quantity': 1}, {'product_name': 'Kindle Paperwhite 电子书', 'order_amount': 1299.0, 'order_quantity': 1}, {'product_name': '奥利奥巧克力夹心饼干', 'order_amount': 1299.0, 'order_quantity': 1}, {'product_name': '乐事原味薯片 150g', 'order_amount': 1299.0, 'order_quantity': 1}, {'product_name': '蒙牛纯牛奶 250ml*12', 'order_amount': 1299.0, 'order_quantity': 1}, {'product_name': '雀巢金牌速溶咖啡', 'order_amount': 1299.0, 'order_quantity': 1}, {'product_name': '李维斯 501 牛仔裤', 'order_amount': 1299.0, 'order_quantity': 1}, {'product_name': '优衣库 Heattech 保暖夹克', 'order_amount': 1299.0, 'order_quantity': 1}, {'product_name': '阿迪达斯 Ultraboost 跑鞋', 'order_amount': 1299.0, 'order_quantity': 1}, {'product_name': '耐克 Air Max 270 运动鞋', 'order_amount': 1299.0, 'order_quantity': 1}, {'product_name': '美的空调 KFR-35GW', 'order_amount': 1299.0, 'order_quantity': 1}, {'product_name': '戴森 V15 吸尘器', 'order_amount': 1299.0, 'order_quantity': 1}, {'product_name': 'Mate 60 Pro', 'order_amount': 1299.0, 'order_quantity': 1}, {'product_name': 'Galaxy S24 Ultra', 'order_amount': 1299.0, 'order_quantity': 1}, {'product_name': 'iPhone 15 Pro', 'order_amount': 1299.0, 'order_quantity': 1}, {'product_name': 'Instant Pot 多功能电压力锅', 'order_amount': 5499.0, 'order_quantity': 1}, {'product_name': 'Kindle Paperwhite 电子书', 'order_amount': 5499.0, 'order_quantity': 1}, {'product_name': '奥利奥巧克力夹心饼干', 'order_amount': 5499.0, 'order_quantity': 1}, {'product_name': '乐事原味薯片 150g', 'order_amount': 5499.0, 'order_quantity': 1}, {'product_name': '蒙牛纯牛奶 250ml*12', 'order_amount': 5499.0, 'order_quantity': 1}, {'product_name': '雀巢金牌速溶咖啡', 'order_amount': 5499.0, 'order_quantity': 1}, {'product_name': '李维斯 501 牛仔裤', 'order_amount': 5499.0, 'order_quantity': 1}, {'product_name': '优衣库 Heattech 保暖夹克', 'order_amount': 5499.0, 'order_quantity': 1}, {'product_name': '阿迪达斯 Ultraboost 跑鞋', 'order_amount': 5499.0, 'order_quantity': 1}, {'product_name': '耐克 Air Max 270 运动鞋', 'order_amount': 5499.0, 'order_quantity': 1}, {'product_name': '美的空调 KFR-35GW', 'order_amount': 5499.0, 'order_quantity': 1}, {'product_name': '戴森 V15 吸尘器', 'order_amount': 5499.0, 'order_quantity': 1}, {'product_name': 'Mate 60 Pro', 'order_amount': 5499.0, 'order_quantity': 1}, {'product_name': 'Galaxy S24 Ultra', 'order_amount': 5499.0, 'order_quantity': 1}, {'product_name': 'iPhone 15 Pro', 'order_amount': 5499.0, 'order_quantity': 1}, {'product_name': 'Instant Pot 多功能电压力锅', 'order_amount': 899.0, 'order_quantity': 1}, {'product_name': 'Kindle Paperwhite 电子书', 'order_amount': 899.0, 'order_quantity': 1}, {'product_name': '奥利奥巧克力夹心饼干', 'order_amount': 899.0, 'order_quantity': 1}, {'product_name': '乐事原味薯片 150g', 'order_amount': 899.0, 'order_quantity': 1}, {'product_name': '蒙牛纯牛奶 250ml*12', 'order_amount': 899.0, 'order_quantity': 1}, {'product_name': '雀巢金牌速溶咖啡', 'order_amount': 899.0, 'order_quantity': 1}, {'product_name': '李维斯 501 牛仔裤', 'order_amount': 899.0, 'order_quantity': 1}, {'product_name': '优衣库 Heattech 保暖夹克', 'order_amount': 899.0, 'order_quantity': 1}, {'product_name': '阿迪达斯 Ultraboost 跑鞋', 'order_amount': 899.0, 'order_quantity': 1}, {'product_name': '耐克 Air Max 270 运动鞋', 'order_amount': 899.0, 'order_quantity': 1}, {'product_name': '美的空调 KFR-35GW', 'order_amount': 899.0, 'order_quantity': 1}, {'product_name': '戴森 V15 吸尘器', 'order_amount': 899.0, 'order_quantity': 1}, {'product_name': 'Mate 60 Pro', 'order_amount': 899.0, 'order_quantity': 1}, {'product_name': 'Galaxy S24 Ultra', 'order_amount': 899.0, 'order_quantity': 1}, {'product_name': 'iPhone 15 Pro', 'order_amount': 899.0, 'order_quantity': 1}, {'product_name': 'Instant Pot 多功能电压力锅', 'order_amount': 8999.0, 'order_quantity': 1}, {'product_name': 'Kindle Paperwhite 电子书', 'order_amount': 8999.0, 'order_quantity': 1}, {'product_name': '奥利奥巧克力夹心饼干', 'order_amount': 8999.0, 'order_quantity': 1}, {'product_name': '乐事原味薯片 150g', 'order_amount': 8999.0, 'order_quantity': 1}, {'product_name': '蒙牛纯牛奶 250ml*12', 'order_amount': 8999.0, 'order_quantity': 1}, {'product_name': '雀巢金牌速溶咖啡', 'order_amount': 8999.0, 'order_quantity': 1}, {'product_name': '李维斯 501 牛仔裤', 'order_amount': 8999.0, 'order_quantity': 1}, {'product_name': '优衣库 Heattech 保暖夹克', 'order_amount': 8999.0, 'order_quantity': 1}, {'product_name': '阿迪达斯 Ultraboost 跑鞋', 'order_amount': 8999.0, 'order_quantity': 1}, {'product_name': '耐克 Air Max 270 运动鞋', 'order_amount': 8999.0, 'order_quantity': 1}, {'product_name': '美的空调 KFR-35GW', 'order_amount': 8999.0, 'order_quantity': 1}, {'product_name': '戴森 V15 吸尘器', 'order_amount': 8999.0, 'order_quantity': 1}, {'product_name': 'Mate 60 Pro', 'order_amount': 8999.0, 'order_quantity': 1}, {'product_name': 'Galaxy S24 Ultra', 'order_amount': 8999.0, 'order_quantity': 1}, {'product_name': 'iPhone 15 Pro', 'order_amount': 8999.0, 'order_quantity': 1}, {'product_name': 'Instant Pot 多功能电压力锅', 'order_amount': 63.0, 'order_quantity': 18}, {'product_name': 'Kindle Paperwhite 电子书', 'order_amount': 63.0, 'order_quantity': 18}, {'product_name': '奥利奥巧克力夹心饼干', 'order_amount': 63.0, 'order_quantity': 18}, {'product_name': '乐事原味薯片 150g', 'order_amount': 63.0, 'order_quantity': 18}, {'product_name': '蒙牛纯牛奶 250ml*12', 'order_amount': 63.0, 'order_quantity': 18}, {'product_name': '雀巢金牌速溶咖啡', 'order_amount': 63.0, 'order_quantity': 18}, {'product_name': '李维斯 501 牛仔裤', 'order_amount': 63.0, 'order_quantity': 18}, {'product_name': '优衣库 Heattech 保暖夹克', 'order_amount': 63.0, 'order_quantity': 18}, {'product_name': '阿迪达斯 Ultraboost 跑鞋', 'order_amount': 63.0, 'order_quantity': 18}, {'product_name': '耐克 Air Max 270 运动鞋', 'order_amount': 63.0, 'order_quantity': 18}, {'product_name': '美的空调 KFR-35GW', 'order_amount': 63.0, 'order_quantity': 18}, {'product_name': '戴森 V15 吸尘器', 'order_amount': 63.0, 'order_quantity': 18}, {'product_name': 'Mate 60 Pro', 'order_amount': 63.0, 'order_quantity': 18}, {'product_name': 'Galaxy S24 Ultra', 'order_amount': 63.0, 'order_quantity': 18}, {'product_name': 'iPhone 15 Pro', 'order_amount': 63.0, 'order_quantity': 18}, {'product_name': 'Instant Pot 多功能电压力锅', 'order_amount': 100.0, 'order_quantity': 4}, {'product_name': 'Kindle Paperwhite 电子书', 'order_amount': 100.0, 'order_quantity': 4}, {'product_name': '奥利奥巧克力夹心饼干', 'order_amount': 100.0, 'order_quantity': 4}, {'product_name': '乐事原味薯片 150g', 'order_amount': 100.0, 'order_quantity': 4}, {'product_name': '蒙牛纯牛奶 250ml*12', 'order_amount': 100.0, 'order_quantity': 4}, {'product_name': '雀巢金牌速溶咖啡', 'order_amount': 100.0, 'order_quantity': 4}, {'product_name': '李维斯 501 牛仔裤', 'order_amount': 100.0, 'order_quantity': 4}, {'product_name': '优衣库 Heattech 保暖夹克', 'order_amount': 100.0, 'order_quantity': 4}, {'product_name': '阿迪达斯 Ultraboost 跑鞋', 'order_amount': 100.0, 'order_quantity': 4}, {'product_name': '耐克 Air Max 270 运动鞋', 'order_amount': 100.0, 'order_quantity': 4}, {'product_name': '美的空调 KFR-35GW', 'order_amount': 100.0, 'order_quantity': 4}, {'product_name': '戴森 V15 吸尘器', 'order_amount': 100.0, 'order_quantity': 4}, {'product_name': 'Mate 60 Pro', 'order_amount': 100.0, 'order_quantity': 4}, {'product_name': 'Galaxy S24 Ultra', 'order_amount': 100.0, 'order_quantity': 4}, {'product_name': 'iPhone 15 Pro', 'order_amount': 100.0, 'order_quantity': 4}, {'product_name': 'Instant Pot 多功能电压力锅', 'order_amount': 75.0, 'order_quantity': 15}, {'product_name': 'Kindle Paperwhite 电子书', 'order_amount': 75.0, 'order_quantity': 15}, {'product_name': '奥利奥巧克力夹心饼干', 'order_amount': 75.0, 'order_quantity': 15}, {'product_name': '乐事原味薯片 150g', 'order_amount': 75.0, 'order_quantity': 15}, {'product_name': '蒙牛纯牛奶 250ml*12', 'order_amount': 75.0, 'order_quantity': 15}, {'product_name': '雀巢金牌速溶咖啡', 'order_amount': 75.0, 'order_quantity': 15}, {'product_name': '李维斯 501 牛仔裤', 'order_amount': 75.0, 'order_quantity': 15}, {'product_name': '优衣库 Heattech 保暖夹克', 'order_amount': 75.0, 'order_quantity': 15}, {'product_name': '阿迪达斯 Ultraboost 跑鞋', 'order_amount': 75.0, 'order_quantity': 15}, {'product_name': '耐克 Air Max 270 运动鞋', 'order_amount': 75.0, 'order_quantity': 15}, {'product_name': '美的空调 KFR-35GW', 'order_amount': 75.0, 'order_quantity': 15}, {'product_name': '戴森 V15 吸尘器', 'order_amount': 75.0, 'order_quantity': 15}, {'product_name': 'Mate 60 Pro', 'order_amount': 75.0, 'order_quantity': 15}, {'product_name': 'Galaxy S24 Ultra', 'order_amount': 75.0, 'order_quantity': 15}, {'product_name': 'iPhone 15 Pro', 'order_amount': 75.0, 'order_quantity': 15}, {'product_name': 'Instant Pot 多功能电压力锅', 'order_amount': 6999.0, 'order_quantity': 1}, {'product_name': 'Kindle Paperwhite 电子书', 'order_amount': 6999.0, 'order_quantity': 1}, {'product_name': '奥利奥巧克力夹心饼干', 'order_amount': 6999.0, 'order_quantity': 1}, {'product_name': '乐事原味薯片 150g', 'order_amount': 6999.0, 'order_quantity': 1}, {'product_name': '蒙牛纯牛奶 250ml*12', 'order_amount': 6999.0, 'order_quantity': 1}, {'product_name': '雀巢金牌速溶咖啡', 'order_amount': 6999.0, 'order_quantity': 1}, {'product_name': '李维斯 501 牛仔裤', 'order_amount': 6999.0, 'order_quantity': 1}, {'product_name': '优衣库 Heattech 保暖夹克', 'order_amount': 6999.0, 'order_quantity': 1}, {'product_name': '阿迪达斯 Ultraboost 跑鞋', 'order_amount': 6999.0, 'order_quantity': 1}, {'product_name': '耐克 Air Max 270 运动鞋', 'order_amount': 6999.0, 'order_quantity': 1}, {'product_name': '美的空调 KFR-35GW', 'order_amount': 6999.0, 'order_quantity': 1}, {'product_name': '戴森 V15 吸尘器', 'order_amount': 6999.0, 'order_quantity': 1}, {'product_name': 'Mate 60 Pro', 'order_amount': 6999.0, 'order_quantity': 1}, {'product_name': 'Galaxy S24 Ultra', 'order_amount': 6999.0, 'order_quantity': 1}, {'product_name': 'iPhone 15 Pro', 'order_amount': 6999.0, 'order_quantity': 1}]
2026-07-03 14:58:39.170 | INFO     | request_id - 38fdb3e5-c443-4ff0-afb6-c88ec1996549 | app.agent.nodes.classify_intent:classify_intent:75 - LLM分类结果: data_query, query: 去年的销量
2026-07-03 14:58:39.170 | INFO     | request_id - 38fdb3e5-c443-4ff0-afb6-c88ec1996549 | app.agent.nodes.extract_keywords:extract_keywords:44 - 关键词提取: ['销量', '去年的销量']
2026-07-03 14:58:41.519 | INFO     | request_id - 38fdb3e5-c443-4ff0-afb6-c88ec1996549 | app.agent.nodes.metric_recall:_do_metric_recall:58 - 召回指标信息: dict_keys(['GMV', 'AOV'])
2026-07-03 14:58:41.996 | INFO     | request_id - 38fdb3e5-c443-4ff0-afb6-c88ec1996549 | app.agent.nodes.value_recall:_do_value_recall:56 - 召回字段值: dict_keys([])
2026-07-03 14:58:42.189 | INFO     | request_id - 38fdb3e5-c443-4ff0-afb6-c88ec1996549 | app.agent.nodes.column_recall:_do_column_recall:63 - 字段信息召回成功: dict_keys(['fact_order.date_id', 'dim_date.date_id', 'fact_order.order_quantity', 'fact_order.order_amount'])
2026-07-03 14:58:42.195 | INFO     | request_id - 38fdb3e5-c443-4ff0-afb6-c88ec1996549 | app.agent.nodes.merge_retrieved_info:merge_retrieved_info:80 - 召回信息合并成功
2026-07-03 14:58:42.885 | INFO     | request_id - 38fdb3e5-c443-4ff0-afb6-c88ec1996549 | app.agent.nodes.filter_metric_info:filter_metric_info:29 - 指标筛选结果: ['GMV']
2026-07-03 14:58:43.852 | INFO     | request_id - 38fdb3e5-c443-4ff0-afb6-c88ec1996549 | app.agent.nodes.filter_table_info:filter_table_info:33 - 表格筛选结果: ['fact_order', 'dim_date']
2026-07-03 14:58:43.852 | INFO     | request_id - 38fdb3e5-c443-4ff0-afb6-c88ec1996549 | app.agent.nodes.add_context:add_context:23 - 添加上下文信息-date_info:{'date': '2026-07-03', 'weekday': 'Friday', 'quarter': 'Q3'},db_info:{'dialect': 'mysql', 'version': '8.0.31'}
2026-07-03 14:58:45.202 | INFO     | request_id - 38fdb3e5-c443-4ff0-afb6-c88ec1996549 | app.agent.nodes.generate_sql:generate_sql:45 - 生成SQL: SELECT SUM(`f`.`order_quantity`) AS `去年总销量`
FROM `fact_order` `f`
INNER JOIN `dim_date` `d` ON `f`.`date_id` = `d`.`date_id`
WHERE `d`.`date_id` BETWEEN 20250101 AND 20251231
2026-07-03 14:58:45.210 | INFO     | request_id - 38fdb3e5-c443-4ff0-afb6-c88ec1996549 | app.agent.nodes.validate_sql:validate_sql:17 - SQL校验通过
2026-07-03 14:58:45.215 | INFO     | request_id - 38fdb3e5-c443-4ff0-afb6-c88ec1996549 | app.agent.nodes.execute_sql:execute_sql:26 - SQL执行结果: [{'去年总销量': Decimal('622')}]
2026-07-03 15:02:27.649 | INFO     | request_id - 145d99b2-1bd9-4156-94f1-5cfd17353b7a | app.agent.callbacks:<module>:15 - LangFuse callback handler 初始化成功
2026-07-03 15:02:50.193 | INFO     | request_id - 450c849c-102f-4be9-b628-629ab3d8ab8e | app.agent.nodes.classify_intent:classify_intent:75 - LLM分类结果: data_query, query: 给我所有的商品信息和它的价格销量
2026-07-03 15:02:50.870 | INFO     | request_id - 450c849c-102f-4be9-b628-629ab3d8ab8e | app.agent.nodes.extract_keywords:extract_keywords:44 - 关键词提取: ['价格', '商品信息', '销量', '给我所有的商品信息和它的价格销量']
2026-07-03 15:02:52.831 | INFO     | request_id - 450c849c-102f-4be9-b628-629ab3d8ab8e | app.agent.nodes.metric_recall:_do_metric_recall:58 - 召回指标信息: dict_keys(['GMV', 'AOV'])
2026-07-03 15:02:52.979 | INFO     | request_id - 450c849c-102f-4be9-b628-629ab3d8ab8e | app.agent.nodes.value_recall:_do_value_recall:56 - 召回字段值: dict_keys([])
2026-07-03 15:02:53.668 | INFO     | request_id - 450c849c-102f-4be9-b628-629ab3d8ab8e | app.agent.nodes.column_recall:_do_column_recall:63 - 字段信息召回成功: dict_keys(['fact_order.order_quantity', 'fact_order.order_amount', 'dim_product.category', 'dim_product.product_name', 'dim_product.brand'])
2026-07-03 15:02:53.693 | INFO     | request_id - 450c849c-102f-4be9-b628-629ab3d8ab8e | app.agent.nodes.merge_retrieved_info:merge_retrieved_info:80 - 召回信息合并成功
2026-07-03 15:02:54.375 | INFO     | request_id - 450c849c-102f-4be9-b628-629ab3d8ab8e | app.agent.nodes.filter_metric_info:filter_metric_info:29 - 指标筛选结果: ['GMV']
2026-07-03 15:02:54.533 | INFO     | request_id - 450c849c-102f-4be9-b628-629ab3d8ab8e | app.agent.nodes.filter_table_info:filter_table_info:33 - 表格筛选结果: ['fact_order', 'dim_product']
2026-07-03 15:02:54.547 | INFO     | request_id - 450c849c-102f-4be9-b628-629ab3d8ab8e | app.agent.nodes.add_context:add_context:23 - 添加上下文信息-date_info:{'date': '2026-07-03', 'weekday': 'Friday', 'quarter': 'Q3'},db_info:{'dialect': 'mysql', 'version': '8.0.31'}
2026-07-03 15:02:56.059 | INFO     | request_id - 450c849c-102f-4be9-b628-629ab3d8ab8e | app.core.fault_tolerance.langfuse_reporter:_get_client:23 - [langfuse_reporter] 初始化成功
2026-07-03 15:02:56.059 | WARNING  | request_id - 450c849c-102f-4be9-b628-629ab3d8ab8e | app.agent.nodes.generate_sql:generate_sql:41 - SQL被拦截: 安全拦截: 缺少 WHERE 条件，禁止全表扫描
2026-07-03 15:02:56.059 | ERROR    | request_id - 450c849c-102f-4be9-b628-629ab3d8ab8e | app.agent.nodes.validate_sql:validate_sql:20 - SQL校验失败: (asyncmy.errors.ProgrammingError) (1064, "You have an error in your SQL syntax; check the manual that corresponds to your MySQL server version for the right syntax to use near '' at line 1")
[SQL: explain ]
(Background on this error at: https://sqlalche.me/e/20/f405)
2026-07-03 15:02:57.397 | INFO     | request_id - 450c849c-102f-4be9-b628-629ab3d8ab8e | app.agent.nodes.correct_sql:correct_sql:57 - 校正SQL结果: SELECT `dim_product`.`product_name`, `fact_order`.`order_quantity`, `fact_order`.`order_amount` FROM `fact_order` JOIN `dim_product` ON `fact_order`.`product_id` = `dim_product`.`product_id`
2026-07-03 15:02:57.397 | INFO     | request_id - 450c849c-102f-4be9-b628-629ab3d8ab8e | app.agent.nodes.validate_sql:validate_sql:17 - SQL校验通过
2026-07-03 15:02:57.413 | INFO     | request_id - 450c849c-102f-4be9-b628-629ab3d8ab8e | app.agent.nodes.execute_sql:execute_sql:26 - SQL执行结果: [{'product_name': 'iPhone 15 Pro', 'order_quantity': 1, 'order_amount': 8999.0}, {'product_name': 'Mate 60 Pro', 'order_quantity': 1, 'order_amount': 6999.0}, {'product_name': '雀巢金牌速溶咖啡', 'order_quantity': 5, 'order_amount': 125.0}, {'product_name': '耐克 Air Max 270 运动鞋', 'order_quantity': 1, 'order_amount': 899.0}, {'product_name': '蒙牛纯牛奶 250ml*12', 'order_quantity': 12, 'order_amount': 60.0}, {'product_name': 'Kindle Paperwhite 电子书', 'order_quantity': 1, 'order_amount': 1399.0}, {'product_name': '乐事原味薯片 150g', 'order_quantity': 8, 'order_amount': 40.0}, {'product_name': '优衣库 Heattech 保暖夹克', 'order_quantity': 2, 'order_amount': 299.0}, {'product_name': '雀巢金牌速溶咖啡', 'order_quantity': 8, 'order_amount': 200.0}, {'product_name': 'Galaxy S24 Ultra', 'order_quantity': 1, 'order_amount': 9499.0}, {'product_name': '奥利奥巧克力夹心饼干', 'order_quantity': 10, 'order_amount': 35.0}, {'product_name': '美的空调 KFR-35GW', 'order_quantity': 1, 'order_amount': 3200.0}, {'product_name': '美的空调 KFR-35GW', 'order_quantity': 1, 'order_amount': 3200.0}, {'product_name': '李维斯 501 牛仔裤', 'order_quantity': 1, 'order_amount': 599.0}, {'product_name': '阿迪达斯 Ultraboost 跑鞋', 'order_quantity': 1, 'order_amount': 1299.0}, {'product_name': '雀巢金牌速溶咖啡', 'order_quantity': 5, 'order_amount': 125.0}, {'product_name': '戴森 V15 吸尘器', 'order_quantity': 1, 'order_amount': 5499.0}, {'product_name': 'Instant Pot 多功能电压力锅', 'order_quantity': 1, 'order_amount': 899.0}, {'product_name': 'iPhone 15 Pro', 'order_quantity': 1, 'order_amount': 8999.0}, {'product_name': '雀巢金牌速溶咖啡', 'order_quantity': 3, 'order_amount': 75.0}, {'product_name': 'Mate 60 Pro', 'order_quantity': 1, 'order_amount': 6999.0}, {'product_name': '乐事原味薯片 150g', 'order_quantity': 6, 'order_amount': 30.0}, {'product_name': '耐克 Air Max 270 运动鞋', 'order_quantity': 1, 'order_amount': 899.0}, {'product_name': '蒙牛纯牛奶 250ml*12', 'order_quantity': 10, 'order_amount': 50.0}, {'product_name': 'Kindle Paperwhite 电子书', 'order_quantity': 1, 'order_amount': 1399.0}, {'product_name': '优衣库 Heattech 保暖夹克', 'order_quantity': 1, 'order_amount': 199.0}, {'product_name': '奥利奥巧克力夹心饼干', 'order_quantity': 25, 'order_amount': 87.5}, {'product_name': 'Galaxy S24 Ultra', 'order_quantity': 1, 'order_amount': 9499.0}, {'product_name': '奥利奥巧克力夹心饼干', 'order_quantity': 12, 'order_amount': 42.0}, {'product_name': '美的空调 KFR-35GW', 'order_quantity': 1, 'order_amount': 3200.0}, {'product_name': '李维斯 501 牛仔裤', 'order_quantity': 2, 'order_amount': 1198.0}, {'product_name': '阿迪达斯 Ultraboost 跑鞋', 'order_quantity': 1, 'order_amount': 1299.0}, {'product_name': 'iPhone 15 Pro', 'order_quantity': 1, 'order_amount': 8999.0}, {'product_name': '戴森 V15 吸尘器', 'order_quantity': 1, 'order_amount': 5499.0}, {'product_name': 'Instant Pot 多功能电压力锅', 'order_quantity': 1, 'order_amount': 899.0}, {'product_name': 'iPhone 15 Pro', 'order_quantity': 1, 'order_amount': 8999.0}, {'product_name': '雀巢金牌速溶咖啡', 'order_quantity': 4, 'order_amount': 100.0}, {'product_name': 'Mate 60 Pro', 'order_quantity': 1, 'order_amount': 6999.0}, {'product_name': '雀巢金牌速溶咖啡', 'order_quantity': 6, 'order_amount': 150.0}, {'product_name': '乐事原味薯片 150g', 'order_quantity': 7, 'order_amount': 35.0}, {'product_name': '蒙牛纯牛奶 250ml*12', 'order_quantity': 8, 'order_amount': 40.0}, {'product_name': '耐克 Air Max 270 运动鞋', 'order_quantity': 1, 'order_amount': 899.0}, {'product_name': 'Kindle Paperwhite 电子书', 'order_quantity': 1, 'order_amount': 1399.0}, {'product_name': '优衣库 Heattech 保暖夹克', 'order_quantity': 1, 'order_amount': 199.0}, {'product_name': 'Galaxy S24 Ultra', 'order_quantity': 1, 'order_amount': 9499.0}, {'product_name': '乐事原味薯片 150g', 'order_quantity': 12, 'order_amount': 60.0}, {'product_name': '奥利奥巧克力夹心饼干', 'order_quantity': 9, 'order_amount': 31.5}, {'product_name': '美的空调 KFR-35GW', 'order_quantity': 1, 'order_amount': 3200.0}, {'product_name': '李维斯 501 牛仔裤', 'order_quantity': 1, 'order_amount': 599.0}, {'product_name': '阿迪达斯 Ultraboost 跑鞋', 'order_quantity': 1, 'order_amount': 1299.0}, {'product_name': '戴森 V15 吸尘器', 'order_quantity': 1, 'order_amount': 5499.0}, {'product_name': '蒙牛纯牛奶 250ml*12', 'order_quantity': 20, 'order_amount': 100.0}, {'product_name': 'Instant Pot 多功能电压力锅', 'order_quantity': 1, 'order_amount': 899.0}, {'product_name': 'iPhone 15 Pro', 'order_quantity': 1, 'order_amount': 8999.0}, {'product_name': '雀巢金牌速溶咖啡', 'order_quantity': 6, 'order_amount': 150.0}, {'product_name': 'Mate 60 Pro', 'order_quantity': 1, 'order_amount': 6999.0}, {'product_name': '乐事原味薯片 150g', 'order_quantity': 10, 'order_amount': 50.0}, {'product_name': 'Mate 60 Pro', 'order_quantity': 1, 'order_amount': 6999.0}, {'product_name': '蒙牛纯牛奶 250ml*12', 'order_quantity': 15, 'order_amount': 75.0}, {'product_name': '耐克 Air Max 270 运动鞋', 'order_quantity': 1, 'order_amount': 899.0}, {'product_name': 'Kindle Paperwhite 电子书', 'order_quantity': 1, 'order_amount': 1399.0}, {'product_name': '优衣库 Heattech 保暖夹克', 'order_quantity': 2, 'order_amount': 398.0}, {'product_name': 'Galaxy S24 Ultra', 'order_quantity': 1, 'order_amount': 9499.0}, {'product_name': '乐事原味薯片 150g', 'order_quantity': 18, 'order_amount': 90.0}, {'product_name': '奥利奥巧克力夹心饼干', 'order_quantity': 11, 'order_amount': 38.5}, {'product_name': '美的空调 KFR-35GW', 'order_quantity': 1, 'order_amount': 3200.0}, {'product_name': '李维斯 501 牛仔裤', 'order_quantity': 1, 'order_amount': 599.0}, {'product_name': '阿迪达斯 Ultraboost 跑鞋', 'order_quantity': 1, 'order_amount': 1299.0}, {'product_name': '戴森 V15 吸尘器', 'order_quantity': 1, 'order_amount': 5499.0}, {'product_name': 'Instant Pot 多功能电压力锅', 'order_quantity': 1, 'order_amount': 899.0}, {'product_name': 'iPhone 15 Pro', 'order_quantity': 1, 'order_amount': 8999.0}, {'product_name': '雀巢金牌速溶咖啡', 'order_quantity': 5, 'order_amount': 125.0}, {'product_name': '乐事原味薯片 150g', 'order_quantity': 14, 'order_amount': 70.0}, {'product_name': 'Mate 60 Pro', 'order_quantity': 1, 'order_amount': 6999.0}, {'product_name': '蒙牛纯牛奶 250ml*12', 'order_quantity': 30, 'order_amount': 150.0}, {'product_name': '乐事原味薯片 150g', 'order_quantity': 9, 'order_amount': 45.0}, {'product_name': '蒙牛纯牛奶 250ml*12', 'order_quantity': 10, 'order_amount': 50.0}, {'product_name': '耐克 Air Max 270 运动鞋', 'order_quantity': 1, 'order_amount': 899.0}, {'product_name': 'Kindle Paperwhite 电子书', 'order_quantity': 1, 'order_amount': 1399.0}, {'product_name': '乐事原味薯片 150g', 'order_quantity': 20, 'order_amount': 100.0}, {'product_name': '优衣库 Heattech 保暖夹克', 'order_quantity': 1, 'order_amount': 199.0}, {'product_name': 'Galaxy S24 Ultra', 'order_quantity': 1, 'order_amount': 9499.0}, {'product_name': '奥利奥巧克力夹心饼干', 'order_quantity': 14, 'order_amount': 49.0}, {'product_name': '美的空调 KFR-35GW', 'order_quantity': 1, 'order_amount': 3200.0}, {'product_name': '李维斯 501 牛仔裤', 'order_quantity': 1, 'order_amount': 599.0}, {'product_name': '蒙牛纯牛奶 250ml*12', 'order_quantity': 20, 'order_amount': 100.0}, {'product_name': '阿迪达斯 Ultraboost 跑鞋', 'order_quantity': 1, 'order_amount': 1299.0}, {'product_name': '戴森 V15 吸尘器', 'order_quantity': 1, 'order_amount': 5499.0}, {'product_name': '蒙牛纯牛奶 250ml*12', 'order_quantity': 24, 'order_amount': 120.0}, {'product_name': 'Instant Pot 多功能电压力锅', 'order_quantity': 1, 'order_amount': 899.0}, {'product_name': 'iPhone 15 Pro', 'order_quantity': 1, 'order_amount': 8999.0}, {'product_name': '雀巢金牌速溶咖啡', 'order_quantity': 7, 'order_amount': 175.0}, {'product_name': '奥利奥巧克力夹心饼干', 'order_quantity': 22, 'order_amount': 77.0}, {'product_name': 'Mate 60 Pro', 'order_quantity': 1, 'order_amount': 6999.0}, {'product_name': '乐事原味薯片 150g', 'order_quantity': 12, 'order_amount': 60.0}, {'product_name': '蒙牛纯牛奶 250ml*12', 'order_quantity': 18, 'order_amount': 90.0}, {'product_name': '奥利奥巧克力夹心饼干', 'order_quantity': 30, 'order_amount': 105.0}, {'product_name': '耐克 Air Max 270 运动鞋', 'order_quantity': 1, 'order_amount': 899.0}, {'product_name': 'Kindle Paperwhite 电子书', 'order_quantity': 1, 'order_amount': 1399.0}, {'product_name': 'Kindle Paperwhite 电子书', 'order_quantity': 1, 'order_amount': 1399.0}, {'product_name': '优衣库 Heattech 保暖夹克', 'order_quantity': 3, 'order_amount': 597.0}, {'product_name': 'Galaxy S24 Ultra', 'order_quantity': 1, 'order_amount': 9499.0}, {'product_name': '蒙牛纯牛奶 250ml*12', 'order_quantity': 16, 'order_amount': 80.0}, {'product_name': '奥利奥巧克力夹心饼干', 'order_quantity': 16, 'order_amount': 56.0}, {'product_name': '美的空调 KFR-35GW', 'order_quantity': 1, 'order_amount': 3200.0}, {'product_name': '李维斯 501 牛仔裤', 'order_quantity': 2, 'order_amount': 1198.0}, {'product_name': '雀巢金牌速溶咖啡', 'order_quantity': 10, 'order_amount': 250.0}, {'product_name': '阿迪达斯 Ultraboost 跑鞋', 'order_quantity': 1, 'order_amount': 1299.0}, {'product_name': '戴森 V15 吸尘器', 'order_quantity': 1, 'order_amount': 5499.0}, {'product_name': 'Instant Pot 多功能电压力锅', 'order_quantity': 1, 'order_amount': 899.0}, {'product_name': 'iPhone 15 Pro', 'order_quantity': 1, 'order_amount': 8999.0}, {'product_name': '奥利奥巧克力夹心饼干', 'order_quantity': 18, 'order_amount': 63.0}, {'product_name': '雀巢金牌速溶咖啡', 'order_quantity': 4, 'order_amount': 100.0}, {'product_name': '乐事原味薯片 150g', 'order_quantity': 15, 'order_amount': 75.0}, {'product_name': 'Mate 60 Pro', 'order_quantity': 1, 'order_amount': 6999.0}]
2026-07-03 15:04:42.372 | INFO     | request_id - 6c2a7f21-50f3-4bc9-bb26-704eed1c20ed | app.agent.nodes.classify_intent:classify_intent:75 - LLM分类结果: data_query, query: iphone 15的库存
2026-07-03 15:04:42.372 | INFO     | request_id - 6c2a7f21-50f3-4bc9-bb26-704eed1c20ed | app.agent.nodes.extract_keywords:extract_keywords:44 - 关键词提取: ['iphone', 'iphone 15的库存', '库存']
2026-07-03 15:04:44.239 | INFO     | request_id - 6c2a7f21-50f3-4bc9-bb26-704eed1c20ed | app.agent.nodes.metric_recall:_do_metric_recall:58 - 召回指标信息: dict_keys(['GMV'])
2026-07-03 15:04:44.619 | INFO     | request_id - 6c2a7f21-50f3-4bc9-bb26-704eed1c20ed | app.agent.nodes.column_recall:_do_column_recall:63 - 字段信息召回成功: dict_keys(['dim_product.product_name', 'fact_order.order_quantity', 'fact_order.order_amount'])
2026-07-03 15:04:44.869 | INFO     | request_id - 6c2a7f21-50f3-4bc9-bb26-704eed1c20ed | app.agent.nodes.value_recall:_do_value_recall:56 - 召回字段值: dict_keys(['dim_product.product_name.iPhone 15 Pro', 'dim_product.product_name.戴森 V15 吸尘器'])
2026-07-03 15:04:44.884 | INFO     | request_id - 6c2a7f21-50f3-4bc9-bb26-704eed1c20ed | app.agent.nodes.merge_retrieved_info:merge_retrieved_info:80 - 召回信息合并成功
2026-07-03 15:04:45.703 | INFO     | request_id - 6c2a7f21-50f3-4bc9-bb26-704eed1c20ed | app.agent.nodes.filter_table_info:filter_table_info:33 - 表格筛选结果: ['dim_product', 'fact_order']
2026-07-03 15:04:45.742 | INFO     | request_id - 6c2a7f21-50f3-4bc9-bb26-704eed1c20ed | app.agent.nodes.filter_metric_info:filter_metric_info:29 - 指标筛选结果: []
2026-07-03 15:04:45.758 | INFO     | request_id - 6c2a7f21-50f3-4bc9-bb26-704eed1c20ed | app.agent.nodes.add_context:add_context:23 - 添加上下文信息-date_info:{'date': '2026-07-03', 'weekday': 'Friday', 'quarter': 'Q3'},db_info:{'dialect': 'mysql', 'version': '8.0.31'}
2026-07-03 15:04:47.203 | INFO     | request_id - 6c2a7f21-50f3-4bc9-bb26-704eed1c20ed | app.agent.nodes.generate_sql:generate_sql:45 - 生成SQL: SELECT `t1`.`product_name`, SUM(`t2`.`order_quantity`) AS `总销量`
FROM `dim_product` `t1`
LEFT JOIN `fact_order` `t2` ON `t1`.`product_id` = `t2`.`product_id`
WHERE `t1`.`product_name` LIKE '%iPhone 15%'
GROUP BY `t1`.`product_name`;
2026-07-03 15:04:47.203 | INFO     | request_id - 6c2a7f21-50f3-4bc9-bb26-704eed1c20ed | app.agent.nodes.validate_sql:validate_sql:17 - SQL校验通过
2026-07-03 15:04:47.215 | INFO     | request_id - 6c2a7f21-50f3-4bc9-bb26-704eed1c20ed | app.agent.nodes.execute_sql:execute_sql:26 - SQL执行结果: [{'product_name': 'iPhone 15 Pro', '总销量': Decimal('8')}]
2026-07-03 15:19:10.359 | INFO     | request_id - 5de7ad0b-2575-45c6-9611-d391f3bd2f0e | app.agent.nodes.classify_intent:classify_intent:75 - LLM分类结果: data_query, query: 给我所有的商品信息和它的价格销量
2026-07-03 15:19:10.362 | INFO     | request_id - 5de7ad0b-2575-45c6-9611-d391f3bd2f0e | app.agent.nodes.extract_keywords:extract_keywords:44 - 关键词提取: ['价格', '商品信息', '销量', '给我所有的商品信息和它的价格销量']
2026-07-03 15:19:12.496 | INFO     | request_id - 5de7ad0b-2575-45c6-9611-d391f3bd2f0e | app.agent.nodes.metric_recall:_do_metric_recall:58 - 召回指标信息: dict_keys(['GMV', 'AOV'])
2026-07-03 15:19:12.574 | INFO     | request_id - 5de7ad0b-2575-45c6-9611-d391f3bd2f0e | app.agent.nodes.value_recall:_do_value_recall:56 - 召回字段值: dict_keys([])
2026-07-03 15:19:13.206 | INFO     | request_id - 5de7ad0b-2575-45c6-9611-d391f3bd2f0e | app.agent.nodes.column_recall:_do_column_recall:63 - 字段信息召回成功: dict_keys(['fact_order.order_quantity', 'fact_order.order_amount', 'dim_product.category', 'dim_product.product_name', 'dim_product.brand'])
2026-07-03 15:19:13.210 | INFO     | request_id - 5de7ad0b-2575-45c6-9611-d391f3bd2f0e | app.agent.nodes.merge_retrieved_info:merge_retrieved_info:80 - 召回信息合并成功
2026-07-03 15:19:14.263 | INFO     | request_id - 5de7ad0b-2575-45c6-9611-d391f3bd2f0e | app.agent.nodes.filter_metric_info:filter_metric_info:29 - 指标筛选结果: ['GMV']
2026-07-03 15:19:14.317 | INFO     | request_id - 5de7ad0b-2575-45c6-9611-d391f3bd2f0e | app.agent.nodes.filter_table_info:filter_table_info:33 - 表格筛选结果: ['fact_order', 'dim_product']
2026-07-03 15:19:14.324 | INFO     | request_id - 5de7ad0b-2575-45c6-9611-d391f3bd2f0e | app.agent.nodes.add_context:add_context:23 - 添加上下文信息-date_info:{'date': '2026-07-03', 'weekday': 'Friday', 'quarter': 'Q3'},db_info:{'dialect': 'mysql', 'version': '8.0.31'}
2026-07-03 15:19:15.548 | WARNING  | request_id - 5de7ad0b-2575-45c6-9611-d391f3bd2f0e | app.agent.nodes.generate_sql:generate_sql:41 - SQL被拦截: 安全拦截: 缺少 WHERE 条件，禁止全表扫描
2026-07-03 15:19:15.548 | ERROR    | request_id - 5de7ad0b-2575-45c6-9611-d391f3bd2f0e | app.agent.nodes.validate_sql:validate_sql:20 - SQL校验失败: (asyncmy.errors.ProgrammingError) (1064, "You have an error in your SQL syntax; check the manual that corresponds to your MySQL server version for the right syntax to use near '' at line 1")
[SQL: explain ]
(Background on this error at: https://sqlalche.me/e/20/f405)
2026-07-03 15:19:16.616 | INFO     | request_id - 5de7ad0b-2575-45c6-9611-d391f3bd2f0e | app.agent.nodes.correct_sql:correct_sql:57 - 校正SQL结果: SELECT `dim_product`.`product_name`, `fact_order`.`order_quantity`, `fact_order`.`order_amount` FROM `fact_order` JOIN `dim_product` ON `fact_order`.`product_id` = `dim_product`.`product_id`
2026-07-03 15:19:16.620 | INFO     | request_id - 5de7ad0b-2575-45c6-9611-d391f3bd2f0e | app.agent.nodes.validate_sql:validate_sql:17 - SQL校验通过
2026-07-03 15:19:16.645 | INFO     | request_id - 5de7ad0b-2575-45c6-9611-d391f3bd2f0e | app.agent.nodes.execute_sql:execute_sql:26 - SQL执行结果: [{'product_name': 'iPhone 15 Pro', 'order_quantity': 1, 'order_amount': 8999.0}, {'product_name': 'Mate 60 Pro', 'order_quantity': 1, 'order_amount': 6999.0}, {'product_name': '雀巢金牌速溶咖啡', 'order_quantity': 5, 'order_amount': 125.0}, {'product_name': '耐克 Air Max 270 运动鞋', 'order_quantity': 1, 'order_amount': 899.0}, {'product_name': '蒙牛纯牛奶 250ml*12', 'order_quantity': 12, 'order_amount': 60.0}, {'product_name': 'Kindle Paperwhite 电子书', 'order_quantity': 1, 'order_amount': 1399.0}, {'product_name': '乐事原味薯片 150g', 'order_quantity': 8, 'order_amount': 40.0}, {'product_name': '优衣库 Heattech 保暖夹克', 'order_quantity': 2, 'order_amount': 299.0}, {'product_name': '雀巢金牌速溶咖啡', 'order_quantity': 8, 'order_amount': 200.0}, {'product_name': 'Galaxy S24 Ultra', 'order_quantity': 1, 'order_amount': 9499.0}, {'product_name': '奥利奥巧克力夹心饼干', 'order_quantity': 10, 'order_amount': 35.0}, {'product_name': '美的空调 KFR-35GW', 'order_quantity': 1, 'order_amount': 3200.0}, {'product_name': '美的空调 KFR-35GW', 'order_quantity': 1, 'order_amount': 3200.0}, {'product_name': '李维斯 501 牛仔裤', 'order_quantity': 1, 'order_amount': 599.0}, {'product_name': '阿迪达斯 Ultraboost 跑鞋', 'order_quantity': 1, 'order_amount': 1299.0}, {'product_name': '雀巢金牌速溶咖啡', 'order_quantity': 5, 'order_amount': 125.0}, {'product_name': '戴森 V15 吸尘器', 'order_quantity': 1, 'order_amount': 5499.0}, {'product_name': 'Instant Pot 多功能电压力锅', 'order_quantity': 1, 'order_amount': 899.0}, {'product_name': 'iPhone 15 Pro', 'order_quantity': 1, 'order_amount': 8999.0}, {'product_name': '雀巢金牌速溶咖啡', 'order_quantity': 3, 'order_amount': 75.0}, {'product_name': 'Mate 60 Pro', 'order_quantity': 1, 'order_amount': 6999.0}, {'product_name': '乐事原味薯片 150g', 'order_quantity': 6, 'order_amount': 30.0}, {'product_name': '耐克 Air Max 270 运动鞋', 'order_quantity': 1, 'order_amount': 899.0}, {'product_name': '蒙牛纯牛奶 250ml*12', 'order_quantity': 10, 'order_amount': 50.0}, {'product_name': 'Kindle Paperwhite 电子书', 'order_quantity': 1, 'order_amount': 1399.0}, {'product_name': '优衣库 Heattech 保暖夹克', 'order_quantity': 1, 'order_amount': 199.0}, {'product_name': '奥利奥巧克力夹心饼干', 'order_quantity': 25, 'order_amount': 87.5}, {'product_name': 'Galaxy S24 Ultra', 'order_quantity': 1, 'order_amount': 9499.0}, {'product_name': '奥利奥巧克力夹心饼干', 'order_quantity': 12, 'order_amount': 42.0}, {'product_name': '美的空调 KFR-35GW', 'order_quantity': 1, 'order_amount': 3200.0}, {'product_name': '李维斯 501 牛仔裤', 'order_quantity': 2, 'order_amount': 1198.0}, {'product_name': '阿迪达斯 Ultraboost 跑鞋', 'order_quantity': 1, 'order_amount': 1299.0}, {'product_name': 'iPhone 15 Pro', 'order_quantity': 1, 'order_amount': 8999.0}, {'product_name': '戴森 V15 吸尘器', 'order_quantity': 1, 'order_amount': 5499.0}, {'product_name': 'Instant Pot 多功能电压力锅', 'order_quantity': 1, 'order_amount': 899.0}, {'product_name': 'iPhone 15 Pro', 'order_quantity': 1, 'order_amount': 8999.0}, {'product_name': '雀巢金牌速溶咖啡', 'order_quantity': 4, 'order_amount': 100.0}, {'product_name': 'Mate 60 Pro', 'order_quantity': 1, 'order_amount': 6999.0}, {'product_name': '雀巢金牌速溶咖啡', 'order_quantity': 6, 'order_amount': 150.0}, {'product_name': '乐事原味薯片 150g', 'order_quantity': 7, 'order_amount': 35.0}, {'product_name': '蒙牛纯牛奶 250ml*12', 'order_quantity': 8, 'order_amount': 40.0}, {'product_name': '耐克 Air Max 270 运动鞋', 'order_quantity': 1, 'order_amount': 899.0}, {'product_name': 'Kindle Paperwhite 电子书', 'order_quantity': 1, 'order_amount': 1399.0}, {'product_name': '优衣库 Heattech 保暖夹克', 'order_quantity': 1, 'order_amount': 199.0}, {'product_name': 'Galaxy S24 Ultra', 'order_quantity': 1, 'order_amount': 9499.0}, {'product_name': '乐事原味薯片 150g', 'order_quantity': 12, 'order_amount': 60.0}, {'product_name': '奥利奥巧克力夹心饼干', 'order_quantity': 9, 'order_amount': 31.5}, {'product_name': '美的空调 KFR-35GW', 'order_quantity': 1, 'order_amount': 3200.0}, {'product_name': '李维斯 501 牛仔裤', 'order_quantity': 1, 'order_amount': 599.0}, {'product_name': '阿迪达斯 Ultraboost 跑鞋', 'order_quantity': 1, 'order_amount': 1299.0}, {'product_name': '戴森 V15 吸尘器', 'order_quantity': 1, 'order_amount': 5499.0}, {'product_name': '蒙牛纯牛奶 250ml*12', 'order_quantity': 20, 'order_amount': 100.0}, {'product_name': 'Instant Pot 多功能电压力锅', 'order_quantity': 1, 'order_amount': 899.0}, {'product_name': 'iPhone 15 Pro', 'order_quantity': 1, 'order_amount': 8999.0}, {'product_name': '雀巢金牌速溶咖啡', 'order_quantity': 6, 'order_amount': 150.0}, {'product_name': 'Mate 60 Pro', 'order_quantity': 1, 'order_amount': 6999.0}, {'product_name': '乐事原味薯片 150g', 'order_quantity': 10, 'order_amount': 50.0}, {'product_name': 'Mate 60 Pro', 'order_quantity': 1, 'order_amount': 6999.0}, {'product_name': '蒙牛纯牛奶 250ml*12', 'order_quantity': 15, 'order_amount': 75.0}, {'product_name': '耐克 Air Max 270 运动鞋', 'order_quantity': 1, 'order_amount': 899.0}, {'product_name': 'Kindle Paperwhite 电子书', 'order_quantity': 1, 'order_amount': 1399.0}, {'product_name': '优衣库 Heattech 保暖夹克', 'order_quantity': 2, 'order_amount': 398.0}, {'product_name': 'Galaxy S24 Ultra', 'order_quantity': 1, 'order_amount': 9499.0}, {'product_name': '乐事原味薯片 150g', 'order_quantity': 18, 'order_amount': 90.0}, {'product_name': '奥利奥巧克力夹心饼干', 'order_quantity': 11, 'order_amount': 38.5}, {'product_name': '美的空调 KFR-35GW', 'order_quantity': 1, 'order_amount': 3200.0}, {'product_name': '李维斯 501 牛仔裤', 'order_quantity': 1, 'order_amount': 599.0}, {'product_name': '阿迪达斯 Ultraboost 跑鞋', 'order_quantity': 1, 'order_amount': 1299.0}, {'product_name': '戴森 V15 吸尘器', 'order_quantity': 1, 'order_amount': 5499.0}, {'product_name': 'Instant Pot 多功能电压力锅', 'order_quantity': 1, 'order_amount': 899.0}, {'product_name': 'iPhone 15 Pro', 'order_quantity': 1, 'order_amount': 8999.0}, {'product_name': '雀巢金牌速溶咖啡', 'order_quantity': 5, 'order_amount': 125.0}, {'product_name': '乐事原味薯片 150g', 'order_quantity': 14, 'order_amount': 70.0}, {'product_name': 'Mate 60 Pro', 'order_quantity': 1, 'order_amount': 6999.0}, {'product_name': '蒙牛纯牛奶 250ml*12', 'order_quantity': 30, 'order_amount': 150.0}, {'product_name': '乐事原味薯片 150g', 'order_quantity': 9, 'order_amount': 45.0}, {'product_name': '蒙牛纯牛奶 250ml*12', 'order_quantity': 10, 'order_amount': 50.0}, {'product_name': '耐克 Air Max 270 运动鞋', 'order_quantity': 1, 'order_amount': 899.0}, {'product_name': 'Kindle Paperwhite 电子书', 'order_quantity': 1, 'order_amount': 1399.0}, {'product_name': '乐事原味薯片 150g', 'order_quantity': 20, 'order_amount': 100.0}, {'product_name': '优衣库 Heattech 保暖夹克', 'order_quantity': 1, 'order_amount': 199.0}, {'product_name': 'Galaxy S24 Ultra', 'order_quantity': 1, 'order_amount': 9499.0}, {'product_name': '奥利奥巧克力夹心饼干', 'order_quantity': 14, 'order_amount': 49.0}, {'product_name': '美的空调 KFR-35GW', 'order_quantity': 1, 'order_amount': 3200.0}, {'product_name': '李维斯 501 牛仔裤', 'order_quantity': 1, 'order_amount': 599.0}, {'product_name': '蒙牛纯牛奶 250ml*12', 'order_quantity': 20, 'order_amount': 100.0}, {'product_name': '阿迪达斯 Ultraboost 跑鞋', 'order_quantity': 1, 'order_amount': 1299.0}, {'product_name': '戴森 V15 吸尘器', 'order_quantity': 1, 'order_amount': 5499.0}, {'product_name': '蒙牛纯牛奶 250ml*12', 'order_quantity': 24, 'order_amount': 120.0}, {'product_name': 'Instant Pot 多功能电压力锅', 'order_quantity': 1, 'order_amount': 899.0}, {'product_name': 'iPhone 15 Pro', 'order_quantity': 1, 'order_amount': 8999.0}, {'product_name': '雀巢金牌速溶咖啡', 'order_quantity': 7, 'order_amount': 175.0}, {'product_name': '奥利奥巧克力夹心饼干', 'order_quantity': 22, 'order_amount': 77.0}, {'product_name': 'Mate 60 Pro', 'order_quantity': 1, 'order_amount': 6999.0}, {'product_name': '乐事原味薯片 150g', 'order_quantity': 12, 'order_amount': 60.0}, {'product_name': '蒙牛纯牛奶 250ml*12', 'order_quantity': 18, 'order_amount': 90.0}, {'product_name': '奥利奥巧克力夹心饼干', 'order_quantity': 30, 'order_amount': 105.0}, {'product_name': '耐克 Air Max 270 运动鞋', 'order_quantity': 1, 'order_amount': 899.0}, {'product_name': 'Kindle Paperwhite 电子书', 'order_quantity': 1, 'order_amount': 1399.0}, {'product_name': 'Kindle Paperwhite 电子书', 'order_quantity': 1, 'order_amount': 1399.0}, {'product_name': '优衣库 Heattech 保暖夹克', 'order_quantity': 3, 'order_amount': 597.0}, {'product_name': 'Galaxy S24 Ultra', 'order_quantity': 1, 'order_amount': 9499.0}, {'product_name': '蒙牛纯牛奶 250ml*12', 'order_quantity': 16, 'order_amount': 80.0}, {'product_name': '奥利奥巧克力夹心饼干', 'order_quantity': 16, 'order_amount': 56.0}, {'product_name': '美的空调 KFR-35GW', 'order_quantity': 1, 'order_amount': 3200.0}, {'product_name': '李维斯 501 牛仔裤', 'order_quantity': 2, 'order_amount': 1198.0}, {'product_name': '雀巢金牌速溶咖啡', 'order_quantity': 10, 'order_amount': 250.0}, {'product_name': '阿迪达斯 Ultraboost 跑鞋', 'order_quantity': 1, 'order_amount': 1299.0}, {'product_name': '戴森 V15 吸尘器', 'order_quantity': 1, 'order_amount': 5499.0}, {'product_name': 'Instant Pot 多功能电压力锅', 'order_quantity': 1, 'order_amount': 899.0}, {'product_name': 'iPhone 15 Pro', 'order_quantity': 1, 'order_amount': 8999.0}, {'product_name': '奥利奥巧克力夹心饼干', 'order_quantity': 18, 'order_amount': 63.0}, {'product_name': '雀巢金牌速溶咖啡', 'order_quantity': 4, 'order_amount': 100.0}, {'product_name': '乐事原味薯片 150g', 'order_quantity': 15, 'order_amount': 75.0}, {'product_name': 'Mate 60 Pro', 'order_quantity': 1, 'order_amount': 6999.0}]
2026-07-03 15:29:27.382 | INFO     | request_id - f4262313-21a6-4781-9add-880b0e4c7d17 | app.agent.nodes.classify_intent:classify_intent:75 - LLM分类结果: data_query, query: 给我所有的商品信息和它的价格销量
2026-07-03 15:29:27.382 | INFO     | request_id - f4262313-21a6-4781-9add-880b0e4c7d17 | app.agent.nodes.extract_keywords:extract_keywords:44 - 关键词提取: ['价格', '商品信息', '销量', '给我所有的商品信息和它的价格销量']
2026-07-03 15:29:29.330 | INFO     | request_id - f4262313-21a6-4781-9add-880b0e4c7d17 | app.agent.nodes.metric_recall:_do_metric_recall:58 - 召回指标信息: dict_keys(['GMV', 'AOV'])
2026-07-03 15:29:29.330 | INFO     | request_id - f4262313-21a6-4781-9add-880b0e4c7d17 | app.agent.nodes.value_recall:_do_value_recall:56 - 召回字段值: dict_keys([])
2026-07-03 15:29:30.210 | INFO     | request_id - f4262313-21a6-4781-9add-880b0e4c7d17 | app.agent.nodes.column_recall:_do_column_recall:63 - 字段信息召回成功: dict_keys(['fact_order.order_quantity', 'fact_order.order_amount', 'dim_product.category', 'dim_product.product_name', 'dim_product.brand'])
2026-07-03 15:29:30.219 | INFO     | request_id - f4262313-21a6-4781-9add-880b0e4c7d17 | app.agent.nodes.merge_retrieved_info:merge_retrieved_info:80 - 召回信息合并成功
2026-07-03 15:29:31.139 | INFO     | request_id - f4262313-21a6-4781-9add-880b0e4c7d17 | app.agent.nodes.filter_metric_info:filter_metric_info:29 - 指标筛选结果: ['GMV']
2026-07-03 15:29:31.272 | INFO     | request_id - f4262313-21a6-4781-9add-880b0e4c7d17 | app.agent.nodes.filter_table_info:filter_table_info:33 - 表格筛选结果: ['fact_order', 'dim_product']
2026-07-03 15:29:31.272 | INFO     | request_id - f4262313-21a6-4781-9add-880b0e4c7d17 | app.agent.nodes.add_context:add_context:23 - 添加上下文信息-date_info:{'date': '2026-07-03', 'weekday': 'Friday', 'quarter': 'Q3'},db_info:{'dialect': 'mysql', 'version': '8.0.31'}
2026-07-03 15:29:32.550 | WARNING  | request_id - f4262313-21a6-4781-9add-880b0e4c7d17 | app.agent.nodes.generate_sql:generate_sql:41 - SQL被拦截: 安全拦截: 缺少 WHERE 条件，禁止全表扫描
2026-07-03 15:29:32.554 | ERROR    | request_id - f4262313-21a6-4781-9add-880b0e4c7d17 | app.agent.nodes.validate_sql:validate_sql:20 - SQL校验失败: (asyncmy.errors.ProgrammingError) (1064, "You have an error in your SQL syntax; check the manual that corresponds to your MySQL server version for the right syntax to use near '' at line 1")
[SQL: explain ]
(Background on this error at: https://sqlalche.me/e/20/f405)
2026-07-03 15:29:33.691 | INFO     | request_id - f4262313-21a6-4781-9add-880b0e4c7d17 | app.agent.nodes.correct_sql:correct_sql:57 - 校正SQL结果: SELECT `dim_product`.`product_name`, `fact_order`.`order_quantity`, `fact_order`.`order_amount` FROM `fact_order` JOIN `dim_product` ON `fact_order`.`product_id` = `dim_product`.`product_id`
2026-07-03 15:29:33.693 | INFO     | request_id - f4262313-21a6-4781-9add-880b0e4c7d17 | app.agent.nodes.validate_sql:validate_sql:17 - SQL校验通过
2026-07-03 15:29:33.704 | INFO     | request_id - f4262313-21a6-4781-9add-880b0e4c7d17 | app.agent.nodes.execute_sql:execute_sql:26 - SQL执行结果: [{'product_name': 'iPhone 15 Pro', 'order_quantity': 1, 'order_amount': 8999.0}, {'product_name': 'Mate 60 Pro', 'order_quantity': 1, 'order_amount': 6999.0}, {'product_name': '雀巢金牌速溶咖啡', 'order_quantity': 5, 'order_amount': 125.0}, {'product_name': '耐克 Air Max 270 运动鞋', 'order_quantity': 1, 'order_amount': 899.0}, {'product_name': '蒙牛纯牛奶 250ml*12', 'order_quantity': 12, 'order_amount': 60.0}, {'product_name': 'Kindle Paperwhite 电子书', 'order_quantity': 1, 'order_amount': 1399.0}, {'product_name': '乐事原味薯片 150g', 'order_quantity': 8, 'order_amount': 40.0}, {'product_name': '优衣库 Heattech 保暖夹克', 'order_quantity': 2, 'order_amount': 299.0}, {'product_name': '雀巢金牌速溶咖啡', 'order_quantity': 8, 'order_amount': 200.0}, {'product_name': 'Galaxy S24 Ultra', 'order_quantity': 1, 'order_amount': 9499.0}, {'product_name': '奥利奥巧克力夹心饼干', 'order_quantity': 10, 'order_amount': 35.0}, {'product_name': '美的空调 KFR-35GW', 'order_quantity': 1, 'order_amount': 3200.0}, {'product_name': '美的空调 KFR-35GW', 'order_quantity': 1, 'order_amount': 3200.0}, {'product_name': '李维斯 501 牛仔裤', 'order_quantity': 1, 'order_amount': 599.0}, {'product_name': '阿迪达斯 Ultraboost 跑鞋', 'order_quantity': 1, 'order_amount': 1299.0}, {'product_name': '雀巢金牌速溶咖啡', 'order_quantity': 5, 'order_amount': 125.0}, {'product_name': '戴森 V15 吸尘器', 'order_quantity': 1, 'order_amount': 5499.0}, {'product_name': 'Instant Pot 多功能电压力锅', 'order_quantity': 1, 'order_amount': 899.0}, {'product_name': 'iPhone 15 Pro', 'order_quantity': 1, 'order_amount': 8999.0}, {'product_name': '雀巢金牌速溶咖啡', 'order_quantity': 3, 'order_amount': 75.0}, {'product_name': 'Mate 60 Pro', 'order_quantity': 1, 'order_amount': 6999.0}, {'product_name': '乐事原味薯片 150g', 'order_quantity': 6, 'order_amount': 30.0}, {'product_name': '耐克 Air Max 270 运动鞋', 'order_quantity': 1, 'order_amount': 899.0}, {'product_name': '蒙牛纯牛奶 250ml*12', 'order_quantity': 10, 'order_amount': 50.0}, {'product_name': 'Kindle Paperwhite 电子书', 'order_quantity': 1, 'order_amount': 1399.0}, {'product_name': '优衣库 Heattech 保暖夹克', 'order_quantity': 1, 'order_amount': 199.0}, {'product_name': '奥利奥巧克力夹心饼干', 'order_quantity': 25, 'order_amount': 87.5}, {'product_name': 'Galaxy S24 Ultra', 'order_quantity': 1, 'order_amount': 9499.0}, {'product_name': '奥利奥巧克力夹心饼干', 'order_quantity': 12, 'order_amount': 42.0}, {'product_name': '美的空调 KFR-35GW', 'order_quantity': 1, 'order_amount': 3200.0}, {'product_name': '李维斯 501 牛仔裤', 'order_quantity': 2, 'order_amount': 1198.0}, {'product_name': '阿迪达斯 Ultraboost 跑鞋', 'order_quantity': 1, 'order_amount': 1299.0}, {'product_name': 'iPhone 15 Pro', 'order_quantity': 1, 'order_amount': 8999.0}, {'product_name': '戴森 V15 吸尘器', 'order_quantity': 1, 'order_amount': 5499.0}, {'product_name': 'Instant Pot 多功能电压力锅', 'order_quantity': 1, 'order_amount': 899.0}, {'product_name': 'iPhone 15 Pro', 'order_quantity': 1, 'order_amount': 8999.0}, {'product_name': '雀巢金牌速溶咖啡', 'order_quantity': 4, 'order_amount': 100.0}, {'product_name': 'Mate 60 Pro', 'order_quantity': 1, 'order_amount': 6999.0}, {'product_name': '雀巢金牌速溶咖啡', 'order_quantity': 6, 'order_amount': 150.0}, {'product_name': '乐事原味薯片 150g', 'order_quantity': 7, 'order_amount': 35.0}, {'product_name': '蒙牛纯牛奶 250ml*12', 'order_quantity': 8, 'order_amount': 40.0}, {'product_name': '耐克 Air Max 270 运动鞋', 'order_quantity': 1, 'order_amount': 899.0}, {'product_name': 'Kindle Paperwhite 电子书', 'order_quantity': 1, 'order_amount': 1399.0}, {'product_name': '优衣库 Heattech 保暖夹克', 'order_quantity': 1, 'order_amount': 199.0}, {'product_name': 'Galaxy S24 Ultra', 'order_quantity': 1, 'order_amount': 9499.0}, {'product_name': '乐事原味薯片 150g', 'order_quantity': 12, 'order_amount': 60.0}, {'product_name': '奥利奥巧克力夹心饼干', 'order_quantity': 9, 'order_amount': 31.5}, {'product_name': '美的空调 KFR-35GW', 'order_quantity': 1, 'order_amount': 3200.0}, {'product_name': '李维斯 501 牛仔裤', 'order_quantity': 1, 'order_amount': 599.0}, {'product_name': '阿迪达斯 Ultraboost 跑鞋', 'order_quantity': 1, 'order_amount': 1299.0}, {'product_name': '戴森 V15 吸尘器', 'order_quantity': 1, 'order_amount': 5499.0}, {'product_name': '蒙牛纯牛奶 250ml*12', 'order_quantity': 20, 'order_amount': 100.0}, {'product_name': 'Instant Pot 多功能电压力锅', 'order_quantity': 1, 'order_amount': 899.0}, {'product_name': 'iPhone 15 Pro', 'order_quantity': 1, 'order_amount': 8999.0}, {'product_name': '雀巢金牌速溶咖啡', 'order_quantity': 6, 'order_amount': 150.0}, {'product_name': 'Mate 60 Pro', 'order_quantity': 1, 'order_amount': 6999.0}, {'product_name': '乐事原味薯片 150g', 'order_quantity': 10, 'order_amount': 50.0}, {'product_name': 'Mate 60 Pro', 'order_quantity': 1, 'order_amount': 6999.0}, {'product_name': '蒙牛纯牛奶 250ml*12', 'order_quantity': 15, 'order_amount': 75.0}, {'product_name': '耐克 Air Max 270 运动鞋', 'order_quantity': 1, 'order_amount': 899.0}, {'product_name': 'Kindle Paperwhite 电子书', 'order_quantity': 1, 'order_amount': 1399.0}, {'product_name': '优衣库 Heattech 保暖夹克', 'order_quantity': 2, 'order_amount': 398.0}, {'product_name': 'Galaxy S24 Ultra', 'order_quantity': 1, 'order_amount': 9499.0}, {'product_name': '乐事原味薯片 150g', 'order_quantity': 18, 'order_amount': 90.0}, {'product_name': '奥利奥巧克力夹心饼干', 'order_quantity': 11, 'order_amount': 38.5}, {'product_name': '美的空调 KFR-35GW', 'order_quantity': 1, 'order_amount': 3200.0}, {'product_name': '李维斯 501 牛仔裤', 'order_quantity': 1, 'order_amount': 599.0}, {'product_name': '阿迪达斯 Ultraboost 跑鞋', 'order_quantity': 1, 'order_amount': 1299.0}, {'product_name': '戴森 V15 吸尘器', 'order_quantity': 1, 'order_amount': 5499.0}, {'product_name': 'Instant Pot 多功能电压力锅', 'order_quantity': 1, 'order_amount': 899.0}, {'product_name': 'iPhone 15 Pro', 'order_quantity': 1, 'order_amount': 8999.0}, {'product_name': '雀巢金牌速溶咖啡', 'order_quantity': 5, 'order_amount': 125.0}, {'product_name': '乐事原味薯片 150g', 'order_quantity': 14, 'order_amount': 70.0}, {'product_name': 'Mate 60 Pro', 'order_quantity': 1, 'order_amount': 6999.0}, {'product_name': '蒙牛纯牛奶 250ml*12', 'order_quantity': 30, 'order_amount': 150.0}, {'product_name': '乐事原味薯片 150g', 'order_quantity': 9, 'order_amount': 45.0}, {'product_name': '蒙牛纯牛奶 250ml*12', 'order_quantity': 10, 'order_amount': 50.0}, {'product_name': '耐克 Air Max 270 运动鞋', 'order_quantity': 1, 'order_amount': 899.0}, {'product_name': 'Kindle Paperwhite 电子书', 'order_quantity': 1, 'order_amount': 1399.0}, {'product_name': '乐事原味薯片 150g', 'order_quantity': 20, 'order_amount': 100.0}, {'product_name': '优衣库 Heattech 保暖夹克', 'order_quantity': 1, 'order_amount': 199.0}, {'product_name': 'Galaxy S24 Ultra', 'order_quantity': 1, 'order_amount': 9499.0}, {'product_name': '奥利奥巧克力夹心饼干', 'order_quantity': 14, 'order_amount': 49.0}, {'product_name': '美的空调 KFR-35GW', 'order_quantity': 1, 'order_amount': 3200.0}, {'product_name': '李维斯 501 牛仔裤', 'order_quantity': 1, 'order_amount': 599.0}, {'product_name': '蒙牛纯牛奶 250ml*12', 'order_quantity': 20, 'order_amount': 100.0}, {'product_name': '阿迪达斯 Ultraboost 跑鞋', 'order_quantity': 1, 'order_amount': 1299.0}, {'product_name': '戴森 V15 吸尘器', 'order_quantity': 1, 'order_amount': 5499.0}, {'product_name': '蒙牛纯牛奶 250ml*12', 'order_quantity': 24, 'order_amount': 120.0}, {'product_name': 'Instant Pot 多功能电压力锅', 'order_quantity': 1, 'order_amount': 899.0}, {'product_name': 'iPhone 15 Pro', 'order_quantity': 1, 'order_amount': 8999.0}, {'product_name': '雀巢金牌速溶咖啡', 'order_quantity': 7, 'order_amount': 175.0}, {'product_name': '奥利奥巧克力夹心饼干', 'order_quantity': 22, 'order_amount': 77.0}, {'product_name': 'Mate 60 Pro', 'order_quantity': 1, 'order_amount': 6999.0}, {'product_name': '乐事原味薯片 150g', 'order_quantity': 12, 'order_amount': 60.0}, {'product_name': '蒙牛纯牛奶 250ml*12', 'order_quantity': 18, 'order_amount': 90.0}, {'product_name': '奥利奥巧克力夹心饼干', 'order_quantity': 30, 'order_amount': 105.0}, {'product_name': '耐克 Air Max 270 运动鞋', 'order_quantity': 1, 'order_amount': 899.0}, {'product_name': 'Kindle Paperwhite 电子书', 'order_quantity': 1, 'order_amount': 1399.0}, {'product_name': 'Kindle Paperwhite 电子书', 'order_quantity': 1, 'order_amount': 1399.0}, {'product_name': '优衣库 Heattech 保暖夹克', 'order_quantity': 3, 'order_amount': 597.0}, {'product_name': 'Galaxy S24 Ultra', 'order_quantity': 1, 'order_amount': 9499.0}, {'product_name': '蒙牛纯牛奶 250ml*12', 'order_quantity': 16, 'order_amount': 80.0}, {'product_name': '奥利奥巧克力夹心饼干', 'order_quantity': 16, 'order_amount': 56.0}, {'product_name': '美的空调 KFR-35GW', 'order_quantity': 1, 'order_amount': 3200.0}, {'product_name': '李维斯 501 牛仔裤', 'order_quantity': 2, 'order_amount': 1198.0}, {'product_name': '雀巢金牌速溶咖啡', 'order_quantity': 10, 'order_amount': 250.0}, {'product_name': '阿迪达斯 Ultraboost 跑鞋', 'order_quantity': 1, 'order_amount': 1299.0}, {'product_name': '戴森 V15 吸尘器', 'order_quantity': 1, 'order_amount': 5499.0}, {'product_name': 'Instant Pot 多功能电压力锅', 'order_quantity': 1, 'order_amount': 899.0}, {'product_name': 'iPhone 15 Pro', 'order_quantity': 1, 'order_amount': 8999.0}, {'product_name': '奥利奥巧克力夹心饼干', 'order_quantity': 18, 'order_amount': 63.0}, {'product_name': '雀巢金牌速溶咖啡', 'order_quantity': 4, 'order_amount': 100.0}, {'product_name': '乐事原味薯片 150g', 'order_quantity': 15, 'order_amount': 75.0}, {'product_name': 'Mate 60 Pro', 'order_quantity': 1, 'order_amount': 6999.0}]
2026-07-03 15:43:21.333 | INFO     | request_id - 9f454251-3879-44b9-8832-7129f777ef2b | app.agent.callbacks:<module>:15 - LangFuse callback handler 初始化成功
2026-07-03 15:43:42.644 | INFO     | request_id - f9a2a541-f0ef-416a-bc02-aeaf87d2bd2b | app.agent.nodes.classify_intent:classify_intent:75 - LLM分类结果: data_query, query: 给我所有的商品信息和它的价格销量
2026-07-03 15:43:43.350 | INFO     | request_id - f9a2a541-f0ef-416a-bc02-aeaf87d2bd2b | app.agent.nodes.extract_keywords:extract_keywords:44 - 关键词提取: ['价格', '商品信息', '销量', '给我所有的商品信息和它的价格销量']
2026-07-03 15:43:45.380 | INFO     | request_id - f9a2a541-f0ef-416a-bc02-aeaf87d2bd2b | app.agent.nodes.metric_recall:_do_metric_recall:58 - 召回指标信息: dict_keys(['GMV', 'AOV'])
2026-07-03 15:43:45.481 | INFO     | request_id - f9a2a541-f0ef-416a-bc02-aeaf87d2bd2b | app.agent.nodes.value_recall:_do_value_recall:56 - 召回字段值: dict_keys([])
2026-07-03 15:43:46.185 | INFO     | request_id - f9a2a541-f0ef-416a-bc02-aeaf87d2bd2b | app.agent.nodes.column_recall:_do_column_recall:63 - 字段信息召回成功: dict_keys(['dim_product.product_name', 'dim_product.category', 'dim_product.brand', 'fact_order.order_amount', 'fact_order.order_quantity'])
2026-07-03 15:43:46.205 | INFO     | request_id - f9a2a541-f0ef-416a-bc02-aeaf87d2bd2b | app.agent.nodes.merge_retrieved_info:merge_retrieved_info:80 - 召回信息合并成功
2026-07-03 15:43:47.149 | INFO     | request_id - f9a2a541-f0ef-416a-bc02-aeaf87d2bd2b | app.agent.nodes.filter_metric_info:filter_metric_info:29 - 指标筛选结果: ['GMV']
2026-07-03 15:43:47.685 | INFO     | request_id - f9a2a541-f0ef-416a-bc02-aeaf87d2bd2b | app.agent.nodes.filter_table_info:filter_table_info:33 - 表格筛选结果: ['dim_product', 'fact_order']
2026-07-03 15:43:47.698 | INFO     | request_id - f9a2a541-f0ef-416a-bc02-aeaf87d2bd2b | app.agent.nodes.add_context:add_context:23 - 添加上下文信息-date_info:{'date': '2026-07-03', 'weekday': 'Friday', 'quarter': 'Q3'},db_info:{'dialect': 'mysql', 'version': '8.0.31'}
2026-07-03 15:43:48.705 | INFO     | request_id - f9a2a541-f0ef-416a-bc02-aeaf87d2bd2b | app.agent.nodes.generate_sql:generate_sql:45 - 生成SQL: SELECT `dp`.`product_id`, `dp`.`product_name`, `fo`.`order_amount`, `fo`.`order_quantity` FROM `dim_product` `dp` LEFT JOIN `fact_order` `fo` ON `dp`.`product_id` = `fo`.`product_id`
2026-07-03 15:43:48.715 | INFO     | request_id - f9a2a541-f0ef-416a-bc02-aeaf87d2bd2b | app.agent.nodes.validate_sql:validate_sql:23 - SQL校验通过
2026-07-03 15:43:48.727 | INFO     | request_id - f9a2a541-f0ef-416a-bc02-aeaf87d2bd2b | app.agent.nodes.execute_sql:execute_sql:26 - SQL执行结果: [{'product_id': 'P001', 'product_name': 'iPhone 15 Pro', 'order_amount': 8999.0, 'order_quantity': 1}, {'product_id': 'P001', 'product_name': 'iPhone 15 Pro', 'order_amount': 8999.0, 'order_quantity': 1}, {'product_id': 'P001', 'product_name': 'iPhone 15 Pro', 'order_amount': 8999.0, 'order_quantity': 1}, {'product_id': 'P001', 'product_name': 'iPhone 15 Pro', 'order_amount': 8999.0, 'order_quantity': 1}, {'product_id': 'P001', 'product_name': 'iPhone 15 Pro', 'order_amount': 8999.0, 'order_quantity': 1}, {'product_id': 'P001', 'product_name': 'iPhone 15 Pro', 'order_amount': 8999.0, 'order_quantity': 1}, {'product_id': 'P001', 'product_name': 'iPhone 15 Pro', 'order_amount': 8999.0, 'order_quantity': 1}, {'product_id': 'P001', 'product_name': 'iPhone 15 Pro', 'order_amount': 8999.0, 'order_quantity': 1}, {'product_id': 'P002', 'product_name': 'Galaxy S24 Ultra', 'order_amount': 9499.0, 'order_quantity': 1}, {'product_id': 'P002', 'product_name': 'Galaxy S24 Ultra', 'order_amount': 9499.0, 'order_quantity': 1}, {'product_id': 'P002', 'product_name': 'Galaxy S24 Ultra', 'order_amount': 9499.0, 'order_quantity': 1}, {'product_id': 'P002', 'product_name': 'Galaxy S24 Ultra', 'order_amount': 9499.0, 'order_quantity': 1}, {'product_id': 'P002', 'product_name': 'Galaxy S24 Ultra', 'order_amount': 9499.0, 'order_quantity': 1}, {'product_id': 'P002', 'product_name': 'Galaxy S24 Ultra', 'order_amount': 9499.0, 'order_quantity': 1}, {'product_id': 'P003', 'product_name': 'Mate 60 Pro', 'order_amount': 6999.0, 'order_quantity': 1}, {'product_id': 'P003', 'product_name': 'Mate 60 Pro', 'order_amount': 6999.0, 'order_quantity': 1}, {'product_id': 'P003', 'product_name': 'Mate 60 Pro', 'order_amount': 6999.0, 'order_quantity': 1}, {'product_id': 'P003', 'product_name': 'Mate 60 Pro', 'order_amount': 6999.0, 'order_quantity': 1}, {'product_id': 'P003', 'product_name': 'Mate 60 Pro', 'order_amount': 6999.0, 'order_quantity': 1}, {'product_id': 'P003', 'product_name': 'Mate 60 Pro', 'order_amount': 6999.0, 'order_quantity': 1}, {'product_id': 'P003', 'product_name': 'Mate 60 Pro', 'order_amount': 6999.0, 'order_quantity': 1}, {'product_id': 'P003', 'product_name': 'Mate 60 Pro', 'order_amount': 6999.0, 'order_quantity': 1}, {'product_id': 'P004', 'product_name': '戴森 V15 吸尘器', 'order_amount': 5499.0, 'order_quantity': 1}, {'product_id': 'P004', 'product_name': '戴森 V15 吸尘器', 'order_amount': 5499.0, 'order_quantity': 1}, {'product_id': 'P004', 'product_name': '戴森 V15 吸尘器', 'order_amount': 5499.0, 'order_quantity': 1}, {'product_id': 'P004', 'product_name': '戴森 V15 吸尘器', 'order_amount': 5499.0, 'order_quantity': 1}, {'product_id': 'P004', 'product_name': '戴森 V15 吸尘器', 'order_amount': 5499.0, 'order_quantity': 1}, {'product_id': 'P004', 'product_name': '戴森 V15 吸尘器', 'order_amount': 5499.0, 'order_quantity': 1}, {'product_id': 'P005', 'product_name': '美的空调 KFR-35GW', 'order_amount': 3200.0, 'order_quantity': 1}, {'product_id': 'P005', 'product_name': '美的空调 KFR-35GW', 'order_amount': 3200.0, 'order_quantity': 1}, {'product_id': 'P005', 'product_name': '美的空调 KFR-35GW', 'order_amount': 3200.0, 'order_quantity': 1}, {'product_id': 'P005', 'product_name': '美的空调 KFR-35GW', 'order_amount': 3200.0, 'order_quantity': 1}, {'product_id': 'P005', 'product_name': '美的空调 KFR-35GW', 'order_amount': 3200.0, 'order_quantity': 1}, {'product_id': 'P005', 'product_name': '美的空调 KFR-35GW', 'order_amount': 3200.0, 'order_quantity': 1}, {'product_id': 'P005', 'product_name': '美的空调 KFR-35GW', 'order_amount': 3200.0, 'order_quantity': 1}, {'product_id': 'P006', 'product_name': '耐克 Air Max 270 运动鞋', 'order_amount': 899.0, 'order_quantity': 1}, {'product_id': 'P006', 'product_name': '耐克 Air Max 270 运动鞋', 'order_amount': 899.0, 'order_quantity': 1}, {'product_id': 'P006', 'product_name': '耐克 Air Max 270 运动鞋', 'order_amount': 899.0, 'order_quantity': 1}, {'product_id': 'P006', 'product_name': '耐克 Air Max 270 运动鞋', 'order_amount': 899.0, 'order_quantity': 1}, {'product_id': 'P006', 'product_name': '耐克 Air Max 270 运动鞋', 'order_amount': 899.0, 'order_quantity': 1}, {'product_id': 'P006', 'product_name': '耐克 Air Max 270 运动鞋', 'order_amount': 899.0, 'order_quantity': 1}, {'product_id': 'P007', 'product_name': '阿迪达斯 Ultraboost 跑鞋', 'order_amount': 1299.0, 'order_quantity': 1}, {'product_id': 'P007', 'product_name': '阿迪达斯 Ultraboost 跑鞋', 'order_amount': 1299.0, 'order_quantity': 1}, {'product_id': 'P007', 'product_name': '阿迪达斯 Ultraboost 跑鞋', 'order_amount': 1299.0, 'order_quantity': 1}, {'product_id': 'P007', 'product_name': '阿迪达斯 Ultraboost 跑鞋', 'order_amount': 1299.0, 'order_quantity': 1}, {'product_id': 'P007', 'product_name': '阿迪达斯 Ultraboost 跑鞋', 'order_amount': 1299.0, 'order_quantity': 1}, {'product_id': 'P007', 'product_name': '阿迪达斯 Ultraboost 跑鞋', 'order_amount': 1299.0, 'order_quantity': 1}, {'product_id': 'P008', 'product_name': '优衣库 Heattech 保暖夹克', 'order_amount': 597.0, 'order_quantity': 3}, {'product_id': 'P008', 'product_name': '优衣库 Heattech 保暖夹克', 'order_amount': 199.0, 'order_quantity': 1}, {'product_id': 'P008', 'product_name': '优衣库 Heattech 保暖夹克', 'order_amount': 398.0, 'order_quantity': 2}, {'product_id': 'P008', 'product_name': '优衣库 Heattech 保暖夹克', 'order_amount': 199.0, 'order_quantity': 1}, {'product_id': 'P008', 'product_name': '优衣库 Heattech 保暖夹克', 'order_amount': 199.0, 'order_quantity': 1}, {'product_id': 'P008', 'product_name': '优衣库 Heattech 保暖夹克', 'order_amount': 299.0, 'order_quantity': 2}, {'product_id': 'P009', 'product_name': '李维斯 501 牛仔裤', 'order_amount': 1198.0, 'order_quantity': 2}, {'product_id': 'P009', 'product_name': '李维斯 501 牛仔裤', 'order_amount': 599.0, 'order_quantity': 1}, {'product_id': 'P009', 'product_name': '李维斯 501 牛仔裤', 'order_amount': 599.0, 'order_quantity': 1}, {'product_id': 'P009', 'product_name': '李维斯 501 牛仔裤', 'order_amount': 599.0, 'order_quantity': 1}, {'product_id': 'P009', 'product_name': '李维斯 501 牛仔裤', 'order_amount': 1198.0, 'order_quantity': 2}, {'product_id': 'P009', 'product_name': '李维斯 501 牛仔裤', 'order_amount': 599.0, 'order_quantity': 1}, {'product_id': 'P010', 'product_name': '雀巢金牌速溶咖啡', 'order_amount': 100.0, 'order_quantity': 4}, {'product_id': 'P010', 'product_name': '雀巢金牌速溶咖啡', 'order_amount': 250.0, 'order_quantity': 10}, {'product_id': 'P010', 'product_name': '雀巢金牌速溶咖啡', 'order_amount': 175.0, 'order_quantity': 7}, {'product_id': 'P010', 'product_name': '雀巢金牌速溶咖啡', 'order_amount': 125.0, 'order_quantity': 5}, {'product_id': 'P010', 'product_name': '雀巢金牌速溶咖啡', 'order_amount': 150.0, 'order_quantity': 6}, {'product_id': 'P010', 'product_name': '雀巢金牌速溶咖啡', 'order_amount': 150.0, 'order_quantity': 6}, {'product_id': 'P010', 'product_name': '雀巢金牌速溶咖啡', 'order_amount': 100.0, 'order_quantity': 4}, {'product_id': 'P010', 'product_name': '雀巢金牌速溶咖啡', 'order_amount': 75.0, 'order_quantity': 3}, {'product_id': 'P010', 'product_name': '雀巢金牌速溶咖啡', 'order_amount': 125.0, 'order_quantity': 5}, {'product_id': 'P010', 'product_name': '雀巢金牌速溶咖啡', 'order_amount': 200.0, 'order_quantity': 8}, {'product_id': 'P010', 'product_name': '雀巢金牌速溶咖啡', 'order_amount': 125.0, 'order_quantity': 5}, {'product_id': 'P011', 'product_name': '蒙牛纯牛奶 250ml*12', 'order_amount': 80.0, 'order_quantity': 16}, {'product_id': 'P011', 'product_name': '蒙牛纯牛奶 250ml*12', 'order_amount': 90.0, 'order_quantity': 18}, {'product_id': 'P011', 'product_name': '蒙牛纯牛奶 250ml*12', 'order_amount': 120.0, 'order_quantity': 24}, {'product_id': 'P011', 'product_name': '蒙牛纯牛奶 250ml*12', 'order_amount': 100.0, 'order_quantity': 20}, {'product_id': 'P011', 'product_name': '蒙牛纯牛奶 250ml*12', 'order_amount': 50.0, 'order_quantity': 10}, {'product_id': 'P011', 'product_name': '蒙牛纯牛奶 250ml*12', 'order_amount': 150.0, 'order_quantity': 30}, {'product_id': 'P011', 'product_name': '蒙牛纯牛奶 250ml*12', 'order_amount': 75.0, 'order_quantity': 15}, {'product_id': 'P011', 'product_name': '蒙牛纯牛奶 250ml*12', 'order_amount': 100.0, 'order_quantity': 20}, {'product_id': 'P011', 'product_name': '蒙牛纯牛奶 250ml*12', 'order_amount': 40.0, 'order_quantity': 8}, {'product_id': 'P011', 'product_name': '蒙牛纯牛奶 250ml*12', 'order_amount': 50.0, 'order_quantity': 10}, {'product_id': 'P011', 'product_name': '蒙牛纯牛奶 250ml*12', 'order_amount': 60.0, 'order_quantity': 12}, {'product_id': 'P012', 'product_name': '乐事原味薯片 150g', 'order_amount': 75.0, 'order_quantity': 15}, {'product_id': 'P012', 'product_name': '乐事原味薯片 150g', 'order_amount': 60.0, 'order_quantity': 12}, {'product_id': 'P012', 'product_name': '乐事原味薯片 150g', 'order_amount': 100.0, 'order_quantity': 20}, {'product_id': 'P012', 'product_name': '乐事原味薯片 150g', 'order_amount': 45.0, 'order_quantity': 9}, {'product_id': 'P012', 'product_name': '乐事原味薯片 150g', 'order_amount': 70.0, 'order_quantity': 14}, {'product_id': 'P012', 'product_name': '乐事原味薯片 150g', 'order_amount': 90.0, 'order_quantity': 18}, {'product_id': 'P012', 'product_name': '乐事原味薯片 150g', 'order_amount': 50.0, 'order_quantity': 10}, {'product_id': 'P012', 'product_name': '乐事原味薯片 150g', 'order_amount': 60.0, 'order_quantity': 12}, {'product_id': 'P012', 'product_name': '乐事原味薯片 150g', 'order_amount': 35.0, 'order_quantity': 7}, {'product_id': 'P012', 'product_name': '乐事原味薯片 150g', 'order_amount': 30.0, 'order_quantity': 6}, {'product_id': 'P012', 'product_name': '乐事原味薯片 150g', 'order_amount': 40.0, 'order_quantity': 8}, {'product_id': 'P013', 'product_name': '奥利奥巧克力夹心饼干', 'order_amount': 63.0, 'order_quantity': 18}, {'product_id': 'P013', 'product_name': '奥利奥巧克力夹心饼干', 'order_amount': 56.0, 'order_quantity': 16}, {'product_id': 'P013', 'product_name': '奥利奥巧克力夹心饼干', 'order_amount': 105.0, 'order_quantity': 30}, {'product_id': 'P013', 'product_name': '奥利奥巧克力夹心饼干', 'order_amount': 77.0, 'order_quantity': 22}, {'product_id': 'P013', 'product_name': '奥利奥巧克力夹心饼干', 'order_amount': 49.0, 'order_quantity': 14}, {'product_id': 'P013', 'product_name': '奥利奥巧克力夹心饼干', 'order_amount': 38.5, 'order_quantity': 11}, {'product_id': 'P013', 'product_name': '奥利奥巧克力夹心饼干', 'order_amount': 31.5, 'order_quantity': 9}, {'product_id': 'P013', 'product_name': '奥利奥巧克力夹心饼干', 'order_amount': 42.0, 'order_quantity': 12}, {'product_id': 'P013', 'product_name': '奥利奥巧克力夹心饼干', 'order_amount': 87.5, 'order_quantity': 25}, {'product_id': 'P013', 'product_name': '奥利奥巧克力夹心饼干', 'order_amount': 35.0, 'order_quantity': 10}, {'product_id': 'P014', 'product_name': 'Kindle Paperwhite 电子书', 'order_amount': 1399.0, 'order_quantity': 1}, {'product_id': 'P014', 'product_name': 'Kindle Paperwhite 电子书', 'order_amount': 1399.0, 'order_quantity': 1}, {'product_id': 'P014', 'product_name': 'Kindle Paperwhite 电子书', 'order_amount': 1399.0, 'order_quantity': 1}, {'product_id': 'P014', 'product_name': 'Kindle Paperwhite 电子书', 'order_amount': 1399.0, 'order_quantity': 1}, {'product_id': 'P014', 'product_name': 'Kindle Paperwhite 电子书', 'order_amount': 1399.0, 'order_quantity': 1}, {'product_id': 'P014', 'product_name': 'Kindle Paperwhite 电子书', 'order_amount': 1399.0, 'order_quantity': 1}, {'product_id': 'P014', 'product_name': 'Kindle Paperwhite 电子书', 'order_amount': 1399.0, 'order_quantity': 1}, {'product_id': 'P015', 'product_name': 'Instant Pot 多功能电压力锅', 'order_amount': 899.0, 'order_quantity': 1}, {'product_id': 'P015', 'product_name': 'Instant Pot 多功能电压力锅', 'order_amount': 899.0, 'order_quantity': 1}, {'product_id': 'P015', 'product_name': 'Instant Pot 多功能电压力锅', 'order_amount': 899.0, 'order_quantity': 1}, {'product_id': 'P015', 'product_name': 'Instant Pot 多功能电压力锅', 'order_amount': 899.0, 'order_quantity': 1}, {'product_id': 'P015', 'product_name': 'Instant Pot 多功能电压力锅', 'order_amount': 899.0, 'order_quantity': 1}, {'product_id': 'P015', 'product_name': 'Instant Pot 多功能电压力锅', 'order_amount': 899.0, 'order_quantity': 1}]
2026-07-03 15:47:12.715 | INFO     | request_id - a372bfe6-1645-4251-9259-e0ba9b18d5e9 | app.agent.callbacks:<module>:15 - LangFuse callback handler 初始化成功
2026-07-03 15:47:34.502 | INFO     | request_id - 50ed0656-e9eb-4b9e-a0de-17c6e4556745 | app.agent.nodes.classify_intent:classify_intent:75 - LLM分类结果: data_query, query: 给我所有的商品信息和它的价格销量
2026-07-03 15:47:35.169 | INFO     | request_id - 50ed0656-e9eb-4b9e-a0de-17c6e4556745 | app.agent.nodes.extract_keywords:extract_keywords:44 - 关键词提取: ['给我所有的商品信息和它的价格销量', '价格', '销量', '商品信息']
2026-07-03 15:47:37.258 | INFO     | request_id - 50ed0656-e9eb-4b9e-a0de-17c6e4556745 | app.agent.nodes.metric_recall:_do_metric_recall:58 - 召回指标信息: dict_keys(['GMV', 'AOV'])
2026-07-03 15:47:37.466 | INFO     | request_id - 50ed0656-e9eb-4b9e-a0de-17c6e4556745 | app.agent.nodes.value_recall:_do_value_recall:56 - 召回字段值: dict_keys([])
2026-07-03 15:47:37.989 | INFO     | request_id - 50ed0656-e9eb-4b9e-a0de-17c6e4556745 | app.agent.nodes.column_recall:_do_column_recall:63 - 字段信息召回成功: dict_keys(['dim_product.category', 'dim_product.product_name', 'fact_order.order_quantity', 'fact_order.order_amount', 'dim_product.brand'])
2026-07-03 15:47:38.016 | INFO     | request_id - 50ed0656-e9eb-4b9e-a0de-17c6e4556745 | app.agent.nodes.merge_retrieved_info:merge_retrieved_info:80 - 召回信息合并成功
2026-07-03 15:47:38.914 | INFO     | request_id - 50ed0656-e9eb-4b9e-a0de-17c6e4556745 | app.agent.nodes.filter_metric_info:filter_metric_info:29 - 指标筛选结果: ['GMV']
2026-07-03 15:47:39.466 | INFO     | request_id - 50ed0656-e9eb-4b9e-a0de-17c6e4556745 | app.agent.nodes.filter_table_info:filter_table_info:33 - 表格筛选结果: ['dim_product', 'fact_order']
2026-07-03 15:47:39.482 | INFO     | request_id - 50ed0656-e9eb-4b9e-a0de-17c6e4556745 | app.agent.nodes.add_context:add_context:23 - 添加上下文信息-date_info:{'date': '2026-07-03', 'weekday': 'Friday', 'quarter': 'Q3'},db_info:{'dialect': 'mysql', 'version': '8.0.31'}
2026-07-03 15:47:41.194 | INFO     | request_id - 50ed0656-e9eb-4b9e-a0de-17c6e4556745 | app.agent.nodes.generate_sql:generate_sql:46 - 生成SQL: SELECT `t1`.`product_id`, `t1`.`product_name`, `t2`.`order_amount`, `t2`.`order_quantity` FROM `dim_product` `t1` JOIN `fact_order` `t2` ON `t1`.`product_id` = `t2`.`product_id`
2026-07-03 15:47:41.194 | INFO     | request_id - 50ed0656-e9eb-4b9e-a0de-17c6e4556745 | app.agent.nodes.validate_sql:validate_sql:24 - SQL校验通过
2026-07-03 15:47:41.206 | INFO     | request_id - 50ed0656-e9eb-4b9e-a0de-17c6e4556745 | app.agent.nodes.execute_sql:execute_sql:26 - SQL执行结果: [{'product_id': 'P001', 'product_name': 'iPhone 15 Pro', 'order_amount': 8999.0, 'order_quantity': 1}, {'product_id': 'P003', 'product_name': 'Mate 60 Pro', 'order_amount': 6999.0, 'order_quantity': 1}, {'product_id': 'P010', 'product_name': '雀巢金牌速溶咖啡', 'order_amount': 125.0, 'order_quantity': 5}, {'product_id': 'P006', 'product_name': '耐克 Air Max 270 运动鞋', 'order_amount': 899.0, 'order_quantity': 1}, {'product_id': 'P011', 'product_name': '蒙牛纯牛奶 250ml*12', 'order_amount': 60.0, 'order_quantity': 12}, {'product_id': 'P014', 'product_name': 'Kindle Paperwhite 电子书', 'order_amount': 1399.0, 'order_quantity': 1}, {'product_id': 'P012', 'product_name': '乐事原味薯片 150g', 'order_amount': 40.0, 'order_quantity': 8}, {'product_id': 'P008', 'product_name': '优衣库 Heattech 保暖夹克', 'order_amount': 299.0, 'order_quantity': 2}, {'product_id': 'P010', 'product_name': '雀巢金牌速溶咖啡', 'order_amount': 200.0, 'order_quantity': 8}, {'product_id': 'P002', 'product_name': 'Galaxy S24 Ultra', 'order_amount': 9499.0, 'order_quantity': 1}, {'product_id': 'P013', 'product_name': '奥利奥巧克力夹心饼干', 'order_amount': 35.0, 'order_quantity': 10}, {'product_id': 'P005', 'product_name': '美的空调 KFR-35GW', 'order_amount': 3200.0, 'order_quantity': 1}, {'product_id': 'P005', 'product_name': '美的空调 KFR-35GW', 'order_amount': 3200.0, 'order_quantity': 1}, {'product_id': 'P009', 'product_name': '李维斯 501 牛仔裤', 'order_amount': 599.0, 'order_quantity': 1}, {'product_id': 'P007', 'product_name': '阿迪达斯 Ultraboost 跑鞋', 'order_amount': 1299.0, 'order_quantity': 1}, {'product_id': 'P010', 'product_name': '雀巢金牌速溶咖啡', 'order_amount': 125.0, 'order_quantity': 5}, {'product_id': 'P004', 'product_name': '戴森 V15 吸尘器', 'order_amount': 5499.0, 'order_quantity': 1}, {'product_id': 'P015', 'product_name': 'Instant Pot 多功能电压力锅', 'order_amount': 899.0, 'order_quantity': 1}, {'product_id': 'P001', 'product_name': 'iPhone 15 Pro', 'order_amount': 8999.0, 'order_quantity': 1}, {'product_id': 'P010', 'product_name': '雀巢金牌速溶咖啡', 'order_amount': 75.0, 'order_quantity': 3}, {'product_id': 'P003', 'product_name': 'Mate 60 Pro', 'order_amount': 6999.0, 'order_quantity': 1}, {'product_id': 'P012', 'product_name': '乐事原味薯片 150g', 'order_amount': 30.0, 'order_quantity': 6}, {'product_id': 'P006', 'product_name': '耐克 Air Max 270 运动鞋', 'order_amount': 899.0, 'order_quantity': 1}, {'product_id': 'P011', 'product_name': '蒙牛纯牛奶 250ml*12', 'order_amount': 50.0, 'order_quantity': 10}, {'product_id': 'P014', 'product_name': 'Kindle Paperwhite 电子书', 'order_amount': 1399.0, 'order_quantity': 1}, {'product_id': 'P008', 'product_name': '优衣库 Heattech 保暖夹克', 'order_amount': 199.0, 'order_quantity': 1}, {'product_id': 'P013', 'product_name': '奥利奥巧克力夹心饼干', 'order_amount': 87.5, 'order_quantity': 25}, {'product_id': 'P002', 'product_name': 'Galaxy S24 Ultra', 'order_amount': 9499.0, 'order_quantity': 1}, {'product_id': 'P013', 'product_name': '奥利奥巧克力夹心饼干', 'order_amount': 42.0, 'order_quantity': 12}, {'product_id': 'P005', 'product_name': '美的空调 KFR-35GW', 'order_amount': 3200.0, 'order_quantity': 1}, {'product_id': 'P009', 'product_name': '李维斯 501 牛仔裤', 'order_amount': 1198.0, 'order_quantity': 2}, {'product_id': 'P007', 'product_name': '阿迪达斯 Ultraboost 跑鞋', 'order_amount': 1299.0, 'order_quantity': 1}, {'product_id': 'P001', 'product_name': 'iPhone 15 Pro', 'order_amount': 8999.0, 'order_quantity': 1}, {'product_id': 'P004', 'product_name': '戴森 V15 吸尘器', 'order_amount': 5499.0, 'order_quantity': 1}, {'product_id': 'P015', 'product_name': 'Instant Pot 多功能电压力锅', 'order_amount': 899.0, 'order_quantity': 1}, {'product_id': 'P001', 'product_name': 'iPhone 15 Pro', 'order_amount': 8999.0, 'order_quantity': 1}, {'product_id': 'P010', 'product_name': '雀巢金牌速溶咖啡', 'order_amount': 100.0, 'order_quantity': 4}, {'product_id': 'P003', 'product_name': 'Mate 60 Pro', 'order_amount': 6999.0, 'order_quantity': 1}, {'product_id': 'P010', 'product_name': '雀巢金牌速溶咖啡', 'order_amount': 150.0, 'order_quantity': 6}, {'product_id': 'P012', 'product_name': '乐事原味薯片 150g', 'order_amount': 35.0, 'order_quantity': 7}, {'product_id': 'P011', 'product_name': '蒙牛纯牛奶 250ml*12', 'order_amount': 40.0, 'order_quantity': 8}, {'product_id': 'P006', 'product_name': '耐克 Air Max 270 运动鞋', 'order_amount': 899.0, 'order_quantity': 1}, {'product_id': 'P014', 'product_name': 'Kindle Paperwhite 电子书', 'order_amount': 1399.0, 'order_quantity': 1}, {'product_id': 'P008', 'product_name': '优衣库 Heattech 保暖夹克', 'order_amount': 199.0, 'order_quantity': 1}, {'product_id': 'P002', 'product_name': 'Galaxy S24 Ultra', 'order_amount': 9499.0, 'order_quantity': 1}, {'product_id': 'P012', 'product_name': '乐事原味薯片 150g', 'order_amount': 60.0, 'order_quantity': 12}, {'product_id': 'P013', 'product_name': '奥利奥巧克力夹心饼干', 'order_amount': 31.5, 'order_quantity': 9}, {'product_id': 'P005', 'product_name': '美的空调 KFR-35GW', 'order_amount': 3200.0, 'order_quantity': 1}, {'product_id': 'P009', 'product_name': '李维斯 501 牛仔裤', 'order_amount': 599.0, 'order_quantity': 1}, {'product_id': 'P007', 'product_name': '阿迪达斯 Ultraboost 跑鞋', 'order_amount': 1299.0, 'order_quantity': 1}, {'product_id': 'P004', 'product_name': '戴森 V15 吸尘器', 'order_amount': 5499.0, 'order_quantity': 1}, {'product_id': 'P011', 'product_name': '蒙牛纯牛奶 250ml*12', 'order_amount': 100.0, 'order_quantity': 20}, {'product_id': 'P015', 'product_name': 'Instant Pot 多功能电压力锅', 'order_amount': 899.0, 'order_quantity': 1}, {'product_id': 'P001', 'product_name': 'iPhone 15 Pro', 'order_amount': 8999.0, 'order_quantity': 1}, {'product_id': 'P010', 'product_name': '雀巢金牌速溶咖啡', 'order_amount': 150.0, 'order_quantity': 6}, {'product_id': 'P003', 'product_name': 'Mate 60 Pro', 'order_amount': 6999.0, 'order_quantity': 1}, {'product_id': 'P012', 'product_name': '乐事原味薯片 150g', 'order_amount': 50.0, 'order_quantity': 10}, {'product_id': 'P003', 'product_name': 'Mate 60 Pro', 'order_amount': 6999.0, 'order_quantity': 1}, {'product_id': 'P011', 'product_name': '蒙牛纯牛奶 250ml*12', 'order_amount': 75.0, 'order_quantity': 15}, {'product_id': 'P006', 'product_name': '耐克 Air Max 270 运动鞋', 'order_amount': 899.0, 'order_quantity': 1}, {'product_id': 'P014', 'product_name': 'Kindle Paperwhite 电子书', 'order_amount': 1399.0, 'order_quantity': 1}, {'product_id': 'P008', 'product_name': '优衣库 Heattech 保暖夹克', 'order_amount': 398.0, 'order_quantity': 2}, {'product_id': 'P002', 'product_name': 'Galaxy S24 Ultra', 'order_amount': 9499.0, 'order_quantity': 1}, {'product_id': 'P012', 'product_name': '乐事原味薯片 150g', 'order_amount': 90.0, 'order_quantity': 18}, {'product_id': 'P013', 'product_name': '奥利奥巧克力夹心饼干', 'order_amount': 38.5, 'order_quantity': 11}, {'product_id': 'P005', 'product_name': '美的空调 KFR-35GW', 'order_amount': 3200.0, 'order_quantity': 1}, {'product_id': 'P009', 'product_name': '李维斯 501 牛仔裤', 'order_amount': 599.0, 'order_quantity': 1}, {'product_id': 'P007', 'product_name': '阿迪达斯 Ultraboost 跑鞋', 'order_amount': 1299.0, 'order_quantity': 1}, {'product_id': 'P004', 'product_name': '戴森 V15 吸尘器', 'order_amount': 5499.0, 'order_quantity': 1}, {'product_id': 'P015', 'product_name': 'Instant Pot 多功能电压力锅', 'order_amount': 899.0, 'order_quantity': 1}, {'product_id': 'P001', 'product_name': 'iPhone 15 Pro', 'order_amount': 8999.0, 'order_quantity': 1}, {'product_id': 'P010', 'product_name': '雀巢金牌速溶咖啡', 'order_amount': 125.0, 'order_quantity': 5}, {'product_id': 'P012', 'product_name': '乐事原味薯片 150g', 'order_amount': 70.0, 'order_quantity': 14}, {'product_id': 'P003', 'product_name': 'Mate 60 Pro', 'order_amount': 6999.0, 'order_quantity': 1}, {'product_id': 'P011', 'product_name': '蒙牛纯牛奶 250ml*12', 'order_amount': 150.0, 'order_quantity': 30}, {'product_id': 'P012', 'product_name': '乐事原味薯片 150g', 'order_amount': 45.0, 'order_quantity': 9}, {'product_id': 'P011', 'product_name': '蒙牛纯牛奶 250ml*12', 'order_amount': 50.0, 'order_quantity': 10}, {'product_id': 'P006', 'product_name': '耐克 Air Max 270 运动鞋', 'order_amount': 899.0, 'order_quantity': 1}, {'product_id': 'P014', 'product_name': 'Kindle Paperwhite 电子书', 'order_amount': 1399.0, 'order_quantity': 1}, {'product_id': 'P012', 'product_name': '乐事原味薯片 150g', 'order_amount': 100.0, 'order_quantity': 20}, {'product_id': 'P008', 'product_name': '优衣库 Heattech 保暖夹克', 'order_amount': 199.0, 'order_quantity': 1}, {'product_id': 'P002', 'product_name': 'Galaxy S24 Ultra', 'order_amount': 9499.0, 'order_quantity': 1}, {'product_id': 'P013', 'product_name': '奥利奥巧克力夹心饼干', 'order_amount': 49.0, 'order_quantity': 14}, {'product_id': 'P005', 'product_name': '美的空调 KFR-35GW', 'order_amount': 3200.0, 'order_quantity': 1}, {'product_id': 'P009', 'product_name': '李维斯 501 牛仔裤', 'order_amount': 599.0, 'order_quantity': 1}, {'product_id': 'P011', 'product_name': '蒙牛纯牛奶 250ml*12', 'order_amount': 100.0, 'order_quantity': 20}, {'product_id': 'P007', 'product_name': '阿迪达斯 Ultraboost 跑鞋', 'order_amount': 1299.0, 'order_quantity': 1}, {'product_id': 'P004', 'product_name': '戴森 V15 吸尘器', 'order_amount': 5499.0, 'order_quantity': 1}, {'product_id': 'P011', 'product_name': '蒙牛纯牛奶 250ml*12', 'order_amount': 120.0, 'order_quantity': 24}, {'product_id': 'P015', 'product_name': 'Instant Pot 多功能电压力锅', 'order_amount': 899.0, 'order_quantity': 1}, {'product_id': 'P001', 'product_name': 'iPhone 15 Pro', 'order_amount': 8999.0, 'order_quantity': 1}, {'product_id': 'P010', 'product_name': '雀巢金牌速溶咖啡', 'order_amount': 175.0, 'order_quantity': 7}, {'product_id': 'P013', 'product_name': '奥利奥巧克力夹心饼干', 'order_amount': 77.0, 'order_quantity': 22}, {'product_id': 'P003', 'product_name': 'Mate 60 Pro', 'order_amount': 6999.0, 'order_quantity': 1}, {'product_id': 'P012', 'product_name': '乐事原味薯片 150g', 'order_amount': 60.0, 'order_quantity': 12}, {'product_id': 'P011', 'product_name': '蒙牛纯牛奶 250ml*12', 'order_amount': 90.0, 'order_quantity': 18}, {'product_id': 'P013', 'product_name': '奥利奥巧克力夹心饼干', 'order_amount': 105.0, 'order_quantity': 30}, {'product_id': 'P006', 'product_name': '耐克 Air Max 270 运动鞋', 'order_amount': 899.0, 'order_quantity': 1}, {'product_id': 'P014', 'product_name': 'Kindle Paperwhite 电子书', 'order_amount': 1399.0, 'order_quantity': 1}, {'product_id': 'P014', 'product_name': 'Kindle Paperwhite 电子书', 'order_amount': 1399.0, 'order_quantity': 1}, {'product_id': 'P008', 'product_name': '优衣库 Heattech 保暖夹克', 'order_amount': 597.0, 'order_quantity': 3}, {'product_id': 'P002', 'product_name': 'Galaxy S24 Ultra', 'order_amount': 9499.0, 'order_quantity': 1}, {'product_id': 'P011', 'product_name': '蒙牛纯牛奶 250ml*12', 'order_amount': 80.0, 'order_quantity': 16}, {'product_id': 'P013', 'product_name': '奥利奥巧克力夹心饼干', 'order_amount': 56.0, 'order_quantity': 16}, {'product_id': 'P005', 'product_name': '美的空调 KFR-35GW', 'order_amount': 3200.0, 'order_quantity': 1}, {'product_id': 'P009', 'product_name': '李维斯 501 牛仔裤', 'order_amount': 1198.0, 'order_quantity': 2}, {'product_id': 'P010', 'product_name': '雀巢金牌速溶咖啡', 'order_amount': 250.0, 'order_quantity': 10}, {'product_id': 'P007', 'product_name': '阿迪达斯 Ultraboost 跑鞋', 'order_amount': 1299.0, 'order_quantity': 1}, {'product_id': 'P004', 'product_name': '戴森 V15 吸尘器', 'order_amount': 5499.0, 'order_quantity': 1}, {'product_id': 'P015', 'product_name': 'Instant Pot 多功能电压力锅', 'order_amount': 899.0, 'order_quantity': 1}, {'product_id': 'P001', 'product_name': 'iPhone 15 Pro', 'order_amount': 8999.0, 'order_quantity': 1}, {'product_id': 'P013', 'product_name': '奥利奥巧克力夹心饼干', 'order_amount': 63.0, 'order_quantity': 18}, {'product_id': 'P010', 'product_name': '雀巢金牌速溶咖啡', 'order_amount': 100.0, 'order_quantity': 4}, {'product_id': 'P012', 'product_name': '乐事原味薯片 150g', 'order_amount': 75.0, 'order_quantity': 15}, {'product_id': 'P003', 'product_name': 'Mate 60 Pro', 'order_amount': 6999.0, 'order_quantity': 1}]
2026-07-03 15:53:14.100 | INFO     | request_id - 96383723-e2a3-44d5-831e-0129ea09bf34 | app.agent.callbacks:<module>:15 - LangFuse callback handler 初始化成功
